P,n,Paper,Min Time,Time opt,mast
2200,100,138624.22972978474,143864.59777901403,92226.10357950944,1.5030910376721578
200,400,4924016.945249409,3975616.4162671333,3952646.7944407123,1.2457518218361687
3900,100,113474.97682973975,90528.99865033489,52024.98150638994,2.181163232432908
1800,200,279334.27075820713,304029.1666958542,224262.8461381463,1.2455664215825422
2200,100,163729.90498581334,179574.95250152104,90050.86061457201,1.8181936726467953
3900,100,157416.0260194252,92699.89397875986,82739.16147748545,1.9025576668704869
4900,200,133381.41177921058,110558.80046721047,82382.2700099313,1.6190548253056303
200,400,4772608.99145055,3831634.5585981803,3806413.395405467,1.2538335949561679
300,600,4927268.327883915,4154989.2527074073,4053763.2158131893,1.2154800528711935
1800,200,357664.3468884247,369727.70691614324,238583.3203649926,1.4991171484295636
3200,300,384528.49658181804,362365.8751701764,196306.104015461,1.958820885934004
2200,100,143620.29484854295,199804.36378410537,92493.81276717446,1.552755698481845
3800,400,336427.55456942174,396682.54109625507,208034.04181266908,1.617175495116173
200,400,5010282.1010654885,3991934.317728013,3953897.464165822,1.2671755265465738
1800,200,378514.25912981934,351750.5858646319,225655.04689485396,1.677402142510872
3900,100,125010.18218850232,125107.82014576015,54290.25884700422,2.302626379822473
2200,100,198814.2923620358,199897.30161010267,92525.99975203944,2.148739736883022
4900,200,262712.76597164694,162627.48011533165,115155.9162563489,2.2813657735727735
4900,300,333940.3488129249,192115.9284742559,142348.1066563424,2.345941626179304
3100,400,358105.9962752201,447601.27727894695,255009.4706090782,1.4042850856476063
200,400,4811688.67656759,3924999.4225352122,3903697.2839824287,1.232597798069746
2200,100,130388.90692007518,140655.17576436143,94919.92696360598,1.3736726427325283
3900,100,182354.47191654434,100790.47318314973,70156.3045836674,2.5992599382008645
800,800,2584270.8959694845,2424855.6775469123,2042065.0473440746,1.2655184022323906
1800,200,384863.22833938577,444408.4191399161,228261.31915170513,1.6860641556338383
2500,500,670337.3776493841,690297.9096732541,408596.74544513266,1.6405842315731283
300,600,4920696.609310504,4233676.354549438,4077147.1849470837,1.2068969762675783
3200,300,369004.6202418322,359110.2187543551,186387.45892102187,1.979771720575851
2200,100,188829.51225354924,150315.74501738182,83853.25800476263,2.2519042998045977
1900,700,967392.3354820462,1180213.2120672145,750127.0788011146,1.2896379331195114
3900,100,99140.75072045621,87680.56829965315,53544.57418459824,1.8515554980167053
200,400,5200439.304009548,4207359.12509334,4152391.0529393815,1.2523963272506038
2200,100,217648.7190019423,191077.71841449133,96748.51380656994,2.2496337198221887
3900,100,169173.06895345153,110141.84007743384,67742.26274582943,2.4973046676665183
1800,200,337456.6229411273,352566.98036739096,197630.8550319857,1.7075098060295868
4900,200,305368.89437733556,167656.44256233439,137320.72161632078,2.2237641252028055
2500,700,803261.1622267073,935412.8635085158,570096.5798888471,1.4089913719238956
200,400,5170057.646235591,4124116.3931453093,4100916.683641238,1.260707799029229
800,900,2767507.9951380473,2572351.231241226,2250788.2858079933,1.229572773498135
3800,400,372721.86910190905,349570.18588588736,200337.54712660355,1.8604693650679822
4500,600,516804.7729152764,382049.852616778,270250.88105421263,1.9123148494439313
2200,100,150538.75302658568,138816.33125750875,90396.39316459172,1.6653181366704322
1800,200,297878.70653185714,326895.1900833418,214781.68110936,1.3868906556336467
3900,100,202160.13936770585,135277.99981787955,96621.71431835281,2.0922847497987993
900,900,2476522.1605755347,2301327.689225771,2000700.6984959939,1.2378274083860892
4900,300,330701.46377315983,196679.84170567233,148288.0517849619,2.23012885928748
300,600,4659974.907310837,4029009.197170467,3860325.03517347,1.2071457363955969
3200,300,363827.633253541,349958.4559642183,197525.80858349337,1.8419245356474647
200,400,4789571.539608659,3857239.7238730993,3822056.541696031,1.2531398966388119
2200,100,135138.79533718148,147894.21321572972,85768.5344031476,1.5756220655697954
3900,100,127962.35729391589,79330.14726659251,50992.837169769686,2.509418271195477
4900,200,356355.5301049438,179611.0983165119,153927.2635835206,2.3150903992494225
3100,400,396564.86973906937,427650.2225816708,245575.05776809464,1.6148418057731246
1800,200,301001.7587924694,292118.63483827835,219380.37906833788,1.3720541466413736
2200,100,234389.38476519106,202910.15525228286,101520.01014978602,2.308799855509915
4900,600,513432.0723980499,332206.85874432744,248189.58464162383,2.068709181086007
200,400,4819381.745170701,3915981.634322547,3877971.048427521,1.2427585675568449
5000,700,594629.2367155049,402783.29814384633,285048.28994442354,2.0860649149357853
2500,500,597747.1747972656,649242.1448378864,399401.01361672085,1.4966090581104148
3900,100,119840.24469157308,127446.31020609192,54138.05797390288,2.2136044249932603
800,800,2553641.8943205588,2394192.225729865,2053305.8438464794,1.2436734166873038
300,600,5011777.639021451,4380484.793111458,4179014.350067403,1.1992726559889932
1800,200,330270.44490428304,402056.59999172215,240731.01631262898,1.371948035459512
4900,300,334190.1602585284,196863.5907328056,143441.4983667211,2.3298010970586853
200,400,5010156.663192833,4036545.767968852,3996346.843569554,1.2536841418693627
3200,300,362839.71065687976,374196.0094977328,186002.47127250285,1.9507252144263265
3800,400,400892.7664036072,327005.4009591799,208099.8665350433,1.9264441303046116
3900,100,230700.81100293668,150158.21113046288,100419.32952364009,2.2973745403132426
2200,1000,1146788.1561225557,1402989.4617266583,930420.2621627828,1.2325485619335297
3800,200,150705.27068694233,159758.58547872616,106229.76922333245,1.4186726732890353
1900,700,915679.5491902208,1112017.9774248516,744212.3851130747,1.2304008472676702
1800,200,329867.7833829786,322049.740008847,222837.29007390022,1.4803078213416772
200,400,5236911.683177401,4206109.503038374,4174576.9585997975,1.254477216521102
3100,400,451920.75331533956,456767.23262230324,255090.15897844016,1.77161186901583
4900,200,281897.43023516226,136975.4809429932,112828.85828240226,2.4984515001436414
4300,100,111679.1127542069,73056.74258328394,47185.44834300483,2.366812580488348
300,600,4984665.857717845,4280155.035267764,4180790.0424581664,1.1922784466801462
3800,200,273522.42409557645,210409.90040551152,115182.92901775395,2.374678491232121
800,900,2835111.626970609,2705079.7471882077,2314438.753561577,1.2249672291426137
3200,300,335360.85526361136,318279.1045781708,189160.6634915345,1.7728889774095118
4900,300,319955.11118052417,204008.13712118898,130823.99861272547,2.445691268982521
200,600,7590851.490996353,6124762.532992427,6080644.823719784,1.2483629139767307
2500,500,566569.051830863,676660.0606141959,390783.2290024846,1.4498294956953253
4300,100,157333.01904818253,89710.14814437712,82739.16147748545,1.9015544300747496
900,900,2548896.7668239973,2443222.8750121566,2057278.892054735,1.2389651090418043
4500,600,575637.459432703,371799.33561393997,271809.8123298056,2.117794992383286
1800,200,389154.20050731755,400148.57340559346,236334.91843824298,1.6466216802787355
300,600,4904000.400945044,4192962.8919666866,4100133.1797747198,1.1960588073420806
2500,700,762443.1948069808,944217.5367230382,565601.4126859368,1.3480220835840537
3800,200,309316.33600518573,245642.68286341423,137320.72161632078,2.25251027204348
4900,200,191545.17745741096,130680.86204700625,89579.42667687622,2.138271973411233
4300,100,128453.30998137996,82900.47405233308,54290.25884700422,2.3660471088077735
800,800,2577540.837818473,2432274.614206607,2046491.8146468485,1.259492375865312
3100,400,422560.0094594888,443452.5896004662,251851.43767628568,1.6778145614662776
800,300,983650.5860641778,901761.7391967141,785224.416061844,1.252699949140025
4900,600,563349.1165557405,362410.1589303939,249621.25622125002,2.2568154855226754
200,600,7683412.346526419,6177834.80710056,6115720.777420626,1.2563379896109292
3800,200,357304.47711265355,266756.736436296,153933.27205448702,2.321164699118331
4300,100,179169.43711610016,87333.3478433735,70156.3045836674,2.5538608137836745
4900,300,301048.9637042734,182041.88752728558,131967.49793690105,2.281235670984813
3800,400,374578.7896015021,380650.0434691069,205457.75178854886,1.8231426477741648
300,600,4841885.1874088,4139617.8516628565,4042500.690763006,1.1977450488684798
3200,300,346575.24350084434,332920.0243956743,170764.32458739847,2.0295529779902273
800,300,938261.615448311,893535.4720331625,745549.8356840875,1.258482760696203
4300,100,98887.46982523637,83514.0845141335,48563.68356277515,2.0362431877188825
2500,500,651938.2463230928,811467.8538878738,417110.26140122476,1.5629877916045403
200,600,7310987.84023812,5869102.956302023,5790487.552760205,1.262585883075273
4900,200,180842.03786881414,116638.33468306539,80588.71067816493,2.244012050161913
5000,700,596373.5743026646,385617.78521243006,282800.7063429684,2.108812180898193
3800,200,283024.71801805065,199340.0365379089,112828.85828240226,2.5084426300730684
4300,100,165144.2094479187,97596.80640708459,67742.26274582943,2.4378313146631028
800,300,980101.2320548719,940269.2907554541,790103.2343339735,1.2404723705264407
1900,700,933712.8172318968,1125471.4212838353,744576.6646253224,1.2540183725765155
300,600,4705856.7062301645,4146852.4632559996,3981552.758767407,1.1819149440800039
3100,400,443046.66797366337,495407.0909474919,267896.1969638311,1.6537997664576012
4900,200,240287.21961242924,158640.9492092651,115640.3076979828,2.077884644167379
800,900,2783606.2559337015,2677799.0460330704,2272217.0103120096,1.2250617979272458
3200,300,337678.599287197,328018.84049834724,187085.37677666516,1.804943844917948
200,600,7841288.248575584,6376944.850307249,6268521.525101105,1.2508991501706797
800,300,982790.278532251,862051.0280882668,744009.8850900114,1.3209371249326232
4300,100,205437.6107628666,133299.29429717502,96621.71431835281,2.126205400226942
3800,200,198918.6773087546,182453.6704809156,101738.69105180212,1.9551920243152283
4900,300,328352.5385321391,193703.38279813886,144863.04739585196,2.2666411098952293
900,900,2471764.8324447647,2424918.245449607,2019748.4536106754,1.2237983537138133
3800,400,413969.2836989349,364825.68652213446,218546.89752312534,1.894189706605792
2500,700,741308.6781089259,953921.4760465081,565878.265115245,1.3100144038187318
4500,600,648596.4111708982,376324.354563167,277514.5116622374,2.3371621443721264
800,800,2360234.049613488,2314214.9901435585,1944198.4881103474,1.2139882136764255
800,300,972134.3239126285,901155.4391768585,756642.653966138,1.2847997913109117
4300,100,124606.05661877281,73594.44481953298,50459.111537190256,2.4694461083987473
2200,1000,1189395.1697852195,1511128.4412102117,893343.1178454267,1.3313979209397324
300,600,4842915.926680839,4165666.788793435,4042089.3714689645,1.1981219319059342
4900,200,216495.77262948302,130803.94128917903,81858.59635367764,2.6447530531074954
800,300,873111.0302688117,803273.4458087606,683057.2983495939,1.278239808546701
3800,200,185642.41015825412,164443.87989708927,103917.02166394952,1.7864485258112093
4300,100,116434.178333062,73095.55624067638,54138.05797390288,2.1506899709847147
3200,300,343218.2731415449,322493.0464677012,189556.59262484626,1.8106374903077749
200,600,7867469.205851748,6303811.040007991,6271185.063687249,1.2545426623442582
2500,500,575892.4172186923,697025.1323848703,397177.77371506253,1.4499613405654481
3100,400,409194.96598271007,461248.7302366269,264575.26991233794,1.5466107853477356
4300,100,230700.81100293668,103292.21892154912,100419.32952364009,2.2973745403132426
800,300,955837.5385741249,846787.514427949,748341.5071066606,1.2772745190490817
3800,400,390375.3783499522,372184.56502257555,215837.72019164413,1.8086522504191327
4900,300,285714.5272655639,179986.9397582887,122178.20524190378,2.3385065012198396
4900,200,295149.73739910097,148508.82502793777,124828.15119872103,2.3644485203440637
1900,700,907924.0967386953,1081582.6926974794,725268.892938894,1.2518448062202918
300,600,4694644.297784783,3971386.41748546,3883745.7552763154,1.2087929008758647
3800,200,244194.92864137844,212193.7124145492,115640.3076979828,2.111676572836014
4900,600,644716.149149985,374165.1492192295,277514.5116622374,2.323179949359435
800,300,954802.375445829,892305.1054256202,758226.370499385,1.2592576736904766
200,600,7663213.997457684,6194555.121200031,6150199.769662079,1.2460105824950685
4100,200,143598.90476997307,133194.39894947066,98456.85928016178,1.4584956885670943
3200,300,319451.1588966644,345744.88095468207,188903.5816976121,1.6910804762189564
700,400,1400604.491526736,1262920.37035221,1129327.6555544892,1.2402109207527132
800,800,2407971.444300121,2308610.41359819,1963387.3086925258,1.2264373074223731
3800,200,218562.1679576849,179883.35165246972,105554.50582447906,2.0706095514399
3100,400,408650.52626918926,434369.52171790064,246584.29301264716,1.6572447550348628
2500,700,715211.4960721771,883242.7386238216,551204.3586335594,1.2975432520983556
800,300,947021.4635327519,861474.8123967586,755614.3267904484,1.253313271011318
200,600,7550371.635744726,6095028.813532956,6063751.036144509,1.245165177583783
800,900,2754048.484308673,2757350.5010692948,2267709.32736105,1.2144627404754644
2500,500,557411.8398510582,653544.3151168819,394056.2697056109,1.414548841634942
4100,200,265425.0626550835,183772.76588851874,115155.9162563489,2.304919028773303
4900,300,299059.222355289,183934.39618870855,123792.0604896955,2.4158190854265875
800,300,955127.6321393676,907788.755152102,773424.0799985784,1.23493392155714
700,400,1329448.3033506905,1241200.0610834924,1087546.684401562,1.2224287218366523
4500,600,762125.4693129344,440852.93796147953,314954.4837664354,2.4197955850601987
3800,200,294011.43722646683,205359.50388487068,124853.127638188,2.35485840673918
3200,300,312155.6002798528,315862.0445911964,193356.0199996446,1.6144084899990523
5000,700,615897.2988546055,388378.3887683599,282939.1325576225,2.1767837247792996
900,900,2460959.937660879,2452804.789626836,2015741.6243209336,1.220870724684237
3800,400,400809.8141453789,346636.82432979083,201160.87061558058,1.992483990146018
200,600,7439365.702051206,6064231.262766744,5972329.13815111,1.2456389341519538
4100,200,314039.875529275,199770.75927577063,137320.72161632078,2.2869081361712773
700,400,1376257.9521421567,1282134.3319471665,1129684.9897616636,1.2182670077191289
5000,200,137439.88792834614,109608.88283536203,80734.62460973267,1.7023660987181648
4900,300,274748.2063153885,182468.8724266404,123365.60437395076,2.2271054213989885
3100,400,424207.3511503821,466332.05910520785,250191.68054371103,1.6955294046089144
700,400,1375671.442576132,1270858.311063872,1115342.0811378367,1.2334076386436668
4100,200,359008.4341181202,179570.3840230436,153927.2635835206,2.332325188924852
2500,500,549780.183334967,693111.4794314926,413208.28565323184,1.3305158740121381
2200,1000,1167569.5667732141,1516103.3143875888,897097.2273772835,1.3014972414825898
200,600,7558386.616498483,6123144.025288041,6063134.0572034465,1.2466138048718496
800,800,2448748.069963948,2378543.397133486,2008926.2965476336,1.218933752906791
1200,600,1217216.294322814,1299670.791755731,1013440.8039532973,1.2010729088217247
4900,600,745499.4522209275,411212.56725387124,314954.4837664354,2.367006950673471
700,400,1441677.6717156745,1427931.9133378523,1186397.4436969662,1.2151726045727327
1900,700,964320.0869616687,1166260.6277323358,757775.2188273746,1.2725674619630787
800,900,2725622.633848323,2606538.7592041846,2227723.4772213735,1.2235013284718694
4100,200,285399.7107143342,155558.00264523446,112828.85828240226,2.5294921446426404
4900,300,275341.40569537,184392.9013198816,126273.31918344137,2.1805192694378497
5000,200,264390.3981104738,154770.0209649755,115155.9162563489,2.295934127447813
200,600,7298354.034606226,5854585.811677907,5825618.632914472,1.2528032633943573
700,400,1424781.7491092463,1312865.484247925,1171690.481040354,1.2160052267764183
3100,400,448532.4665137586,443903.62862724194,257828.8286173906,1.7396521130667115
3800,400,404600.01076786726,352625.9067092026,204103.73939092216,1.9823253213060068
4400,600,521335.31819154834,377847.5416300065,276392.94653271744,1.8862106458633392
4100,200,189824.53913784848,160108.35857035263,94294.39658459708,2.013105189845991
3400,200,153354.53801269166,174696.18876535445,118727.3891319598,1.2916525759885567
2500,700,809226.4672436167,986508.1282644361,575909.1663088046,1.4051286462936874
700,400,1336465.8198737411,1239229.677570078,1092016.1547702947,1.223851693068466
1200,600,1252469.4940127716,1398327.7131051947,1019286.7962367709,1.2287704487460411
2500,500,541683.9876681213,671149.8134777666,409432.94275099377,1.3230102688575285
4500,600,447552.55737679056,374759.7450307254,278719.33616387774,1.6057463523580024
1500,1000,1662845.7435586604,1823678.131267628,1364616.3845054149,1.2185444660048796
5000,200,310297.6504437231,160840.60205014911,137320.72161632078,2.2596564217795643
3400,200,274257.2430131786,250463.35700427654,126308.8166638196,2.171323033950471
700,400,1359605.3740085775,1285315.7175451743,1107991.728122149,1.2270898234167051
800,800,2468198.7498838236,2399695.80240908,2000733.0150216208,1.2336472339649731
5000,700,515711.2726314229,371801.3533655969,275602.1793167797,1.8712162360612525
4100,200,183075.70514828863,145129.53617723897,96313.33715195321,1.9008344073827568
3100,400,465996.5904871203,504489.3816059153,269327.545716116,1.730222540914188
5000,200,359128.38118758705,172541.75887532998,153927.2635835206,2.3331044340479994
4900,600,425562.62550228206,332366.36152893875,255966.73729335712,1.6625700276616617
700,400,1406197.443365564,1319086.5400301602,1141813.3838770154,1.2315475218821095
1900,700,928273.1693500236,1119809.6837130215,754432.7758564614,1.2304252930901787
3800,400,421730.3188541588,372742.00210615585,210334.0443983976,2.0050502050697587
800,900,2690623.0948931263,2607829.474718367,2207786.2487730947,1.2186972794075297
3400,200,311064.36552122695,240314.6669926984,137320.72161632078,2.2652398112963055
1200,600,1193282.4300051401,1328090.2957582304,965081.2587933675,1.236457986446748
5000,200,280761.2397510961,141042.6192604169,112828.85828240226,2.488381465744974
4100,200,239084.52470537476,185611.1931098497,115640.3076979828,2.067484335391
2500,500,585972.5305233109,715419.973605995,392678.8698163129,1.4922436004703201
700,400,1418367.0399945474,1359917.9291879982,1192736.2738856564,1.189170708604207
3400,200,362297.6523945186,276989.56940000656,154040.8405168634,2.3519584233562827
2200,1000,1188926.8107390082,1418823.7698039406,878427.9336299232,1.3534710876349436
5000,200,186585.61808667006,125636.1057649743,89579.42667687622,2.082907035782969
900,900,2429971.733015982,2370416.264583847,1962476.6655760843,1.2382168795381139
4400,600,582593.0950600053,408531.196189365,277987.3080645739,2.0957542958208517
2500,700,757466.481102264,940639.2826313426,573368.9096509106,1.321080491726416
800,800,2485938.449261677,2465753.2932187845,2049192.0839166373,1.2131310035661873
4100,200,216928.85092706367,145889.9428323145,97831.00539829765,2.2173834363030926
3800,400,430184.3082378439,358074.8269149063,219714.5767684104,1.9579233866275456
3300,400,337240.87330143026,422054.7356358757,239554.35117822498,1.4077843781285688
2100,900,1057654.1619189233,1254329.7697914816,857443.1564982831,1.2334977005802727
3400,200,285798.6240235676,248324.6968712048,112828.85828240226,2.533027705626825
4500,600,459131.4002106509,384302.1252415985,273342.2119849813,1.679694463860846
1200,600,1309783.7454962854,1476656.1552984691,1044753.5875168508,1.2536771934991418
1900,700,952063.7905026921,1181313.2957441509,762661.5327787709,1.2483437928668446
5000,200,180093.62404737156,116379.52985759535,78976.93646460163,2.2803318552130922
1500,1000,1577658.6202219124,1878579.6194319215,1310236.572839959,1.2041021086766885
4100,200,293983.2151711746,172087.88817076205,124828.15119872103,2.355103495069522
3400,200,208871.01560099435,211495.45684448813,113707.94882260237,1.8369077778973697
4400,300,338846.7997221065,225665.2454310134,142768.075647608,2.3734073474414283
4900,600,454183.76933169464,339890.65135541715,251028.56202702367,1.809291204412034
2500,500,694121.8037754779,783942.7150948365,402656.77519777167,1.7238547729255227
5000,200,232603.80440446085,147735.88723902122,115640.3076979828,2.0114422819762035
800,900,2743668.5137829916,2662325.2885443075,2251582.7407029527,1.2185510504163874
3800,600,526634.8557082572,503707.22139464895,320033.938090515,1.6455594017635387
3400,200,195738.22445775828,191452.0288594053,116142.55362441417,1.685327370110557
3300,400,391044.2049897576,431318.28440223885,230691.72093366468,1.6950942296806666
1200,600,1256817.9008303275,1319400.067538019,1045197.5106145416,1.2024692826634844
5000,700,658795.657350114,399976.01975447935,287954.5831544023,2.28784570862991
800,800,2468419.432656846,2336081.9705758872,1994467.4350464076,1.237633359804348
900,900,2468941.1976239947,2374734.8632278987,2001406.8806248468,1.233602832849851
2500,700,818809.112825149,959191.1884259379,579622.7649118659,1.412658650406273
4400,600,639970.9992571351,391459.24329399335,277514.5116622374,2.3060812042724566
3400,200,255189.6395294312,213043.93402316986,127445.83216550946,2.0023380536919033
5000,200,204647.447756644,129481.22163731548,81435.57132645712,2.5129982441733945
4400,300,344737.33527678595,210965.50548555984,148288.0517849619,2.3247816066577136
1200,600,1219243.666866383,1281499.8109751935,1025033.2949436799,1.1894673791385224
3300,400,439297.5145345599,432008.9316149676,239630.14934338318,1.8332314015506417
3400,200,225157.7309107181,198284.9218487796,117972.68298030012,1.9085581951909703
4500,600,521211.5006334029,363422.4651343271,269500.04605086707,1.9339941060159458
2200,1000,1269297.7343004534,1535268.8780605479,917077.5914998649,1.3840679851576554
3700,600,528968.5792874111,536970.5146203279,328683.5039848532,1.609355422083451
2100,900,1119946.6281554978,1382254.2497350855,881690.9537377435,1.2702258352631604
1900,700,862209.513561529,1021137.1803662409,691708.833450082,1.2464919802469914
2100,800,1072495.2520389142,1191903.613941193,777929.5418453617,1.378653456834664
5000,200,293382.47797671956,153891.96465700297,124828.15119872103,2.350290981316124
800,800,2480405.6400546758,2317412.84036345,2020089.4949737056,1.2278691841259053
3400,200,301288.6082035855,238979.8300381063,125118.48623201098,2.408026321904958
3800,600,610800.0398215086,557436.1526440955,321880.04091687506,1.8976014731501993
800,900,2698319.666707943,2508118.183427662,2191207.623089007,1.231430394032696
2000,100,158808.49312562682,158196.6150729985,101448.71393746037,1.565406666697882
4400,300,331090.9836719607,208327.02187288934,143655.13351526792,2.3047626323550197
4900,600,483362.42974515347,319395.60956118006,247500.04229161263,1.9529791804061192
4900,100,113149.5490573099,63796.32606092563,42511.79157511906,2.6616038718898194
2000,100,166238.57859236238,187984.3550788174,99055.94667602921,1.678229164131454
1200,600,1197300.8552337184,1260686.7709235044,1010625.1726907515,1.1847130742310228
3300,400,404655.99759936205,433839.95528425206,236587.71418075322,1.7103846621984966
900,900,2401093.623233143,2250093.838217917,1947740.1094124508,1.2327587297863107
4900,100,157333.01904818253,85008.844724653,82739.16147748545,1.9015544300747496
2000,100,143240.41649144355,211472.78536058526,101743.19404389191,1.407862391558592
4400,600,764715.4361368928,452249.6369033357,314954.4837664354,2.4280188901961846
2000,100,197164.6986583812,199871.72932142726,101778.59972724337,1.9371920932962645
1500,1000,1588969.410222957,1936262.2673839363,1315742.600153349,1.2076597733004641
4900,100,123822.17482133722,65630.19986095178,54290.25884700422,2.2807438654930974
5000,700,565523.718049135,378061.15490711667,286684.4548254553,1.9726347506126478
2500,700,671950.8985146423,863748.2155504052,525698.7134220623,1.2782053319867266
4400,300,327794.6893939136,212222.98958437392,135274.52456182026,2.4231812342767607
                                                                                   2000,100,127155.11845754081,144549.09697400918,104411.91965996657,1.2178218624046082
4900,100,180425.36316975384,79400.4662351664,70156.3045836674,2.571762641154811
2000,100,200186.5751015437,155768.80010940132,92238.58380523889,2.1703127567985674
3700,600,601509.885533938,539889.530179664,330579.501482196,1.819561959640542
1200,600,1192124.8481752821,1321225.2443721285,995388.1896918517,1.197648174371383
4500,600,616484.7994330314,380451.85509958677,265436.8505844938,2.322529061339929
3300,400,434265.9159017491,496332.68181288807,251660.06381450797,1.7256052045740364
4900,100,98785.69566948155,67484.48590306239,43958.40781420668,2.247253724179599
2000,100,229971.56527124633,210242.11088637565,101835.57449878904,2.2582635430016746
4200,600,523681.8541665946,429270.8832093367,289554.5154152278,1.8085777506029317
1900,700,899830.1755800461,1035941.4827953853,713377.4068929417,1.2613662374018608
3800,600,659224.3390024434,561389.9474432463,304762.5027768529,2.1630756178857324
4400,300,305033.71116534556,208628.30236963413,137571.39163020693,2.2172757544335875
2000,100,158029.70554260895,152100.94455932567,99436.03248105089,1.5892599654227355
2100,800,959538.6628849965,1208507.320569193,782211.7500367541,1.2266993724396371
4900,100,161882.7749025949,80885.86310985636,67742.26274582943,2.3896865611056257
800,900,2754355.8578655357,2648600.2396234823,2225913.8516068133,1.2374045185429157
2000,100,149132.40346110347,167174.92140028003,94345.38784346236,1.580706877887275
4900,100,201737.15801142255,112105.80178799841,96621.71431835281,2.087907044856723
900,900,2443878.558445709,2430384.6879025805,1978590.0903171673,1.2351616286797211
4900,600,613549.776067778,353000.84392515634,258690.3915727318,2.3717532465649236
2100,900,1040687.2300309225,1391202.5049777238,865606.4801188608,1.2022636774715694
2000,100,234911.64558287745,227452.83283604108,106642.3722234613,2.2027983875924786
2500,700,710643.4584320261,831977.1051429425,542166.8292386356,1.310746840469717
4400,300,333731.4123799038,219488.12278130074,144863.04739585196,2.30377186162563
2200,1000,1181050.774700529,1452557.053097033,915997.1011694297,1.2893608213308885
1200,600,1236163.1167767134,1305150.2245696578,1010522.3428672411,1.2232912270591094
4900,100,122739.2882804428,64511.49780500908,50459.111537190256,2.4324504443559087
3300,400,403801.60959768837,421296.77895217534,248540.40506916595,1.6246920072626219
4400,600,436990.466077764,383496.7563555385,285053.8665312386,1.5330101338228117
4900,100,115487.74886266174,62382.562827104,54138.05797390288,2.1332081937318903
1500,1000,1580444.7857900604,1839102.9029995755,1288360.9693238873,1.2267096127721522
1900,700,913951.3663912182,1040477.7155896893,724193.7029752844,1.2620261162674178
4900,100,232804.65122138566,106533.29218880663,100419.32952364009,2.318325090654785
3700,600,647911.8451981922,554322.981581188,312999.3271762273,2.070010344889335
4200,600,587524.8850178447,424320.59563039907,291224.7989247917,2.0174273866339663
4400,300,294647.8345033234,204677.48985722227,136062.09220121102,2.1655394955091016
1700,100,187284.84542542856,167301.92793360542,119351.4281617181,1.5691881388437383
1200,600,1145269.478078455,1271318.3555745443,970936.4388190788,1.1795514436263328
800,900,2782928.873783734,2687231.9663176257,2275546.326511346,1.222971750283045
4500,600,500772.0435941138,388246.1724159019,269472.6247645976,1.8583410616628375
1700,100,170581.95086079428,197354.74778551035,116536.407854152,1.4637653073559769
3800,600,771355.4255797096,589750.0151811597,329922.1855316371,2.3379919854033044
1700,100,149069.5043245698,218421.02257331792,119697.87534575518,1.2453813728436929
3300,400,404818.5935798194,435461.7591483973,231639.79040582007,1.747621135689165
5000,700,694835.9594967503,398527.84138019,290855.4444784048,2.38893915409701
1800,600,829030.0238244476,1011786.8404248394,675627.2026355315,1.2270524641259444
1700,100,204576.14543816837,210609.8335143776,119739.52909087457,1.7085096875811854
1700,100,157307.34211826313,167974.14143992504,122837.55254113715,1.2806128001091717
4900,600,498880.04544649617,358053.6330087243,247474.8594776917,2.0158817202660826
900,900,2527709.7873118576,2476261.389400309,2022707.845787863,1.249666279080107
1700,100,228888.55937381307,162304.39184893016,108515.98094733986,2.1092613030415035
2100,800,1020195.9548825012,1226327.2404946084,779615.9293892756,1.308587878241133
1700,100,243953.8614831204,215975.6687373595,119806.55823386947,2.0362312804855645
4400,600,477537.49637231097,375065.87761207105,279554.53498464,1.7082087271399444
2500,700,732799.7769752634,854839.6247452417,550387.2142612161,1.3314258725266708
1700,100,171054.61715928235,163636.6436889088,116983.56762476575,1.4622106389160046
4400,300,301966.75863207894,204169.84878760474,137859.34009079728,2.190397534423107
3700,600,772154.551459556,627263.1248559995,338839.0013568165,2.278824304072464
1700,100,155740.19914556836,192650.92037801936,110994.57393348514,1.4031334472160557
3300,400,409745.7215599852,439767.9104431385,235028.54838954672,1.7433870241195317
2100,900,1091906.801477519,1350477.3070393219,863889.2675661144,1.2639430103742482
1700,100,243120.9667433259,227546.1043366186,125461.61438054271,1.9378115604818047
1800,600,881284.4243411757,1055675.4749223997,679524.530824514,1.2969133333153589
2200,1000,1197544.9029504291,1425409.974714304,913441.3915116418,1.3110254407988107
3800,600,477006.53606573975,550420.0216354101,330062.37177301315,1.4452012009226591
1100,900,1981893.1076273418,1996006.2167039765,1636936.9351330858,1.2107327198076878
4500,600,483343.4293036844,347050.9679779157,258916.38368508767,1.8667935277960652
4200,600,655875.8329299021,414491.6909345447,277514.5116622374,2.3633929231353776
4400,300,288743.72056842357,208029.85307447566,137384.4230528088,2.101720953163913
1800,100,182362.82753595524,169137.89040804407,112720.79326384487,1.6178277517006086
1500,1000,1747376.8064374393,1965841.6916095756,1345047.1341998018,1.2991193854905259
3300,400,453628.1267661198,429887.8095122788,242202.8390042154,1.8729265463243585
3700,800,794301.0725036277,738531.6093339178,441527.5778041242,1.7989840554331245
1800,100,165808.96288937295,186720.30244706996,110062.16297336579,1.5065028562949236
4900,600,462930.21640642604,323048.65735162684,237780.35236385604,1.9468816990313875
3300,600,549049.5162545239,617101.3104513853,368523.92871028994,1.4898612368971884
3700,600,470966.7377444265,589487.1483734358,338982.976415527,1.3893521814119454
1800,100,167133.46267388557,215190.65509757548,113047.99338210211,1.4784292730342823
5000,700,546822.9768358249,348411.2121205794,262849.35671103117,2.0803664261464636
4400,600,513622.04889480886,379525.070527856,275625.0470974777,1.863481038111754
1800,100,221517.8703333741,195743.48488726607,113087.33303027043,1.9588212437026855
4400,300,273514.7641465647,210330.85250965756,140622.55999974153,1.9450276267696125
1800,600,879395.7803898602,1016255.1950843232,643387.505862245,1.3668213516383494
2100,800,914506.955202348,1146704.8290454482,740647.0430896562,1.2347405741166861
1100,1000,2271641.9191157236,2349873.0689816624,1860840.5243255657,1.220761204101059
1800,100,141592.65225921603,159206.98961377604,116013.24406662953,1.2204869659355062
3300,400,444633.03235447634,416451.1341137718,253004.66415756347,1.7574104170568676
1800,100,214384.73733264144,161496.46480923702,102487.31533915432,2.0918172812234626
1100,300,756147.6146479811,743101.0584594395,571072.302590432,1.3240838528116876
2700,700,773821.2240347606,937571.0730901485,527867.2036007843,1.4659391959876078
4000,1000,807269.0786791823,755053.8930699043,511731.1441895306,1.5775257922941524
1800,100,226162.00197520902,218285.75256893103,113150.63833198782,1.9987691214930843
3800,600,486738.03549723176,527653.0338335186,323694.72471905686,1.5036946799787498
1100,900,2011383.2543812145,2079629.4938173238,1683228.1844084195,1.194955783780514
4200,600,755761.7213648206,463913.36373252975,314954.4837664354,2.39959029103799
1100,300,665647.4983540437,691858.0362959073,542218.0623157,1.2276380014181054
2100,900,1069404.1517025924,1333974.73127004,848656.5627509995,1.2601141600036874
1800,100,167036.22222410914,149099.19692176554,110484.480534501,1.511852356240646
1800,100,149690.79187668377,161125.6387414249,104828.20871495818,1.4279628900624728
3300,600,621308.3029157566,652193.3672875675,370649.7440860985,1.676267993783998
1100,300,708214.5495031094,711642.6992670074,574620.5340610717,1.232490848347997
1800,100,242759.5302999774,234340.21966428735,118491.52469273478,2.0487501610725922
3700,600,504843.90182285977,570401.4751491213,332443.23079254484,1.5185867993741717
1800,600,1012338.584683718,1124753.84746724,696502.3916779006,1.4534603136752426
1100,300,721116.2740992203,703464.7309043764,541098.098247281,1.3326904611844916
1500,1000,1584802.2579428216,1872970.2468245483,1343462.4150484968,1.1796401895512745
2200,1000,1127937.770244685,1412436.4531914345,924880.2267858812,1.2195500969508926
1500,700,1200869.2834632562,1312745.2046555951,950160.9664814118,1.2638587837492996
1100,300,705713.6135758715,701982.3402821304,550285.5665208277,1.2824497979071763
4400,600,615354.7140235915,392007.0934335283,271469.50627959595,2.2667544596696474
1700,900,1272842.2581982194,1477376.180604363,1059194.4874390557,1.2017077819916964
5000,700,503258.40141997917,376288.2541103094,271083.4146193178,1.856470644383407
2100,800,901584.7387842318,1179153.075914733,747957.0699781051,1.2053963722953027
3700,800,633735.2265473338,719827.6345011616,443958.0202911307,1.427466556706768
3800,600,513044.8810382856,495528.73815204407,319144.7913760268,1.6075615046895733
1100,1000,2113506.320515602,2386228.9941837373,1786686.2356908533,1.1829196857826454
2700,700,731205.150326813,856509.7092979455,523705.0117462377,1.396215682352721
1100,300,654842.1838277567,652908.5815816534,496768.9442542501,1.3182027407345405
1100,900,1941532.9483812333,2142800.346007802,1652521.462045098,1.174891215015426
4200,600,449524.08372431487,416102.8104020699,298627.8601755833,1.505298546023166
1800,600,841077.9365758064,996598.0416832069,696798.3404096944,1.2070607632062964
1300,700,1350311.9040436852,1428068.6321087473,1096339.5767093212,1.2316548017874767
1100,300,700640.4741670357,670759.209452559,544248.3688048441,1.2873542932349522
3700,600,521349.8661735263,508436.1200311466,327770.3262780816,1.5905950733661323
3300,600,666024.3839162504,709349.983285559,350938.63956122455,1.8978371397033247
2100,900,1074320.0541603446,1284785.9734831736,841061.4281040361,1.2773383943930612
1500,700,1160386.2839706275,1310184.0722106937,942669.0211432279,1.230958329959079
1100,300,685105.6003042266,690161.7826071314,551437.3603631891,1.242399680451467
4400,600,501371.3727477308,394556.44376242807,275597.00260015664,1.8192192513615018
1800,600,843768.2665217503,969224.5686256458,683355.5299624533,1.234742721066603
1300,700,1312820.0940341004,1507758.0867614415,1087695.024396032,1.20697444098641
3800,600,648317.0568817713,524656.7504149481,314333.112534269,2.0625159457583107
2700,700,770797.3961139392,899683.7558248218,523961.35658818984,1.471095886026861
1700,900,1372218.385173674,1567510.0958395828,1089147.6487348597,1.2599011591932698
1100,300,671718.817976843,674374.6491147542,549537.6922112352,1.222334386698707
2200,1000,1130352.0345878836,1533054.4681948393,937002.4169182178,1.2063491130637516
4000,1000,886053.8417112018,793044.9679787175,491338.7148149847,1.8033462761932946
1100,1000,2138776.110982782,2366344.6594260912,1794194.454754567,1.192053684769275
1100,300,686668.4553741007,695001.8322012807,562490.2399989661,1.2207651022982422
2100,800,992806.6119859106,1222146.8920751323,765305.25582767,1.2972687753361893
1500,700,1116738.945506797,1277426.5999074045,943130.4418587418,1.1840768741446874
3700,600,645884.6818804229,569671.5362958114,322828.6020622222,2.000704639410899
1100,900,1993365.599742598,2122006.779880214,1649243.147171673,1.2086547718334129
5000,700,524183.78542693926,370679.84721561224,275193.60713060806,1.904781840292385
4200,600,469096.6522866211,436263.3278333481,292866.6556981943,1.601741417671105
3300,600,791420.3534474302,741575.6907696812,379910.395460673,2.0831763565926305
1500,1000,1651738.9581178403,1826291.3921527774,1339714.0408837413,1.2329041181267848
3700,800,736399.4398022658,718363.8202386394,442484.71668039967,1.6642370053521116
1800,600,808737.6643140997,988802.0803298426,673750.1151271677,1.2003525434076603
1300,700,1312702.6952726329,1492096.9139097575,1088227.4329139327,1.2062760555094862
1600,300,535646.8604613057,539211.9438360266,392612.208030922,1.3643153460452722
4400,600,492757.2730488905,364825.79412278795,264800.84695065784,1.8608598829017695
2100,900,1045233.0560759199,1338176.5335527202,857745.8059820773,1.218581366164978
1600,300,510471.9925944233,544529.1146955806,372774.91784204374,1.3693839584205236
3800,600,518307.6835319229,539062.8856932202,319112.3188001814,1.6242170953496526
2700,700,681634.6426413466,835871.8645987337,510374.4061421846,1.3355580421708113
3300,600,518268.8019355105,667339.5663782111,380071.82204165147,1.363607539100108
1500,700,1129082.6747203518,1303948.9435516906,918673.9310559323,1.229035282869705
1600,300,498641.35717718356,581095.7114750835,395051.61716698675,1.2622182406265403
1800,600,892000.7285219374,1001645.545272252,663592.1264612345,1.3442002895343965
1700,900,1273146.8300213763,1563692.7847232837,1069278.5930880045,1.1906596075627158
1100,900,1946104.6136682366,2058368.4486457794,1620162.5288882717,1.2011786342223463
3700,600,545614.6696117521,570994.3448269916,327736.97606505116,1.6647943609007223
2100,800,981228.5373926923,1210932.65138399,762184.0057225222,1.2873906169974323
4200,600,502162.78950415354,411973.74598116725,288750.04934021475,1.7390916145350643
1300,700,1261147.4679440057,1377517.2612956227,1060008.3819876143,1.1897523542023667
1800,900,1255899.266648525,1413469.0753949576,1000350.3492479969,1.2554594173857532
1100,1000,2126435.659524241,2238147.7249242146,1756855.8672598463,1.2103643213719206
1500,1000,1591891.227683623,1862413.1613289865,1356490.9992859592,1.1735361521171728
1600,300,517422.35055471415,549953.5250866978,372004.9425450057,1.390901817096464
2200,700,859670.9851617365,1046757.0741367346,647837.0226009625,1.3269865030409875
2200,1000,1062031.630011194,1305980.930204565,869466.6881677023,1.2214747781186412
3700,800,673199.3247647901,694065.3409112473,420367.24067250756,1.6014552506227635
1800,600,870891.6079566198,974351.2554184895,673681.5619114941,1.292734812996165
4000,1000,908744.3666678489,791341.1350839067,493403.4750575059,1.841787528071089
3000,200,172998.35105487652,195966.35172823365,134557.70768288776,1.2856814673343118
1600,300,503418.9954556385,561506.7964261468,378321.326983069,1.3306651239309275
1500,700,1156588.6128677398,1350465.7096755966,959848.6105146745,1.2049698256557069
2700,700,773976.487203095,915324.7662432191,533249.228063708,1.4514348009719518
3800,600,497921.8527558915,461084.85081899643,306611.50699549855,1.6239503130037505
300,100,813621.7974542808,692134.7208722329,676324.7595830691,1.203004600860466
1300,700,1318371.7301154663,1507748.0154835405,1107517.627516932,1.1903844213037689
300,100,825116.0009305951,708320.1813862087,660372.9778401948,1.249469661265072
3700,600,501813.558627435,484810.5638321993,314898.3044818634,1.5935733901556686
3000,200,289587.353095593,261374.08596899407,143149.99221899555,2.0229645046195515
300,100,854689.9052889573,718528.3526304456,678287.9602926127,1.260069403148841
300,100,838177.2588345296,720735.0506386233,678523.9981816225,1.2352949358913792
1700,900,1280339.0642990733,1624741.7507006985,1067157.3305228471,1.1997659835891106
300,100,846468.1038525951,701526.0408838555,696079.4643997771,1.2160509642135424
2100,900,1001208.0757016918,1247656.2028244508,834745.7611767646,1.1994167832493818
600,300,1245234.7494706889,1145849.4600169756,1046965.8880824585,1.189374709954843
300,100,797018.5232595535,641781.8182384023,614923.8920349259,1.2961254776132283
1600,300,497249.8204737266,506425.84768574726,341528.64917479694,1.455953465910353
3300,600,506976.2467705252,618935.4878601441,372739.37997952,1.360135993139176
300,100,834955.5552004167,718406.2090666877,678903.829991927,1.2298583662583629
300,100,805368.3438548767,671845.7604286298,662906.8832070059,1.2149041807480891
1100,1000,2255897.1194399656,2402442.5707920184,1834155.1829997299,1.2299379792665548
300,100,791877.8670168275,651030.5507982327,628969.2522897491,1.259008869088613
600,300,1172180.1653115766,1109835.35064428,994066.4475787833,1.1791768731020138
1800,600,781305.668929433,918594.7967841913,647290.9592127192,1.2070393658513505
2200,700,819113.0876680735,1002247.674503443,642728.8780522009,1.2744301923237173
2100,800,1006062.4749568366,1229804.9002633966,780644.6033968142,1.288758636874146
3000,200,328536.57086350146,261732.11046132477,137411.27820326833,2.3908996056168497
300,100,875625.9060055871,767908.3212922727,710949.1481564087,1.2316294467420186
4200,600,621534.895465024,433521.7335556667,284396.62562624336,2.1854510196680423
1100,900,1927569.829781553,2004880.7650913897,1605662.7263804325,1.2004823915460627
900,100,283486.25514354574,263868.819210318,225441.58652768974,1.257470990644961
600,300,1263791.167377313,1173789.242843792,1053470.9791119648,1.1996449759277088
1600,300,484765.5723942995,521086.2775242377,374170.7535533303,1.295573124811868
900,100,266553.4961444075,305305.11035957653,220124.3259467316,1.210922486635627
900,100,280372.11574231816,307281.8511005882,226095.98676420422,1.2400579052945269
3000,200,367047.2820018847,326562.36634475837,154226.969212619,2.3799163264102616
600,300,1193609.5438179907,1116692.2016135883,992013.1801200152,1.2032194407674968
900,100,311227.59049094294,310143.0200869319,226174.66606054085,1.3760497402818568
1300,700,1319855.936660654,1432936.6282698365,1102632.5185594435,1.1970043640514125
900,100,288777.66864650836,267638.5119822659,232026.48813325906,1.244589231901211
1600,300,481441.6863230428,549050.1324889007,379113.1852496925,1.2699154370111247
600,300,1211855.2791257636,1126104.5161526052,1008856.8719548507,1.2012162605162862
1500,700,1168844.0468795884,1282292.6748855805,955614.8494181845,1.2231329887676254
1800,900,1312041.0464987983,1516693.6314350788,1028639.4460273675,1.2755111147700346
900,100,306829.4613838622,262006.96490263418,204974.63067830863,1.4969143272437777
3000,200,291240.9179108699,271060.20459184184,118578.51301919142,2.456101957221658
3700,800,659092.604121813,722506.900414863,424516.17485243804,1.5525735959316833
900,100,307702.02742722956,315289.4619049512,226301.27666397564,1.3597008022368435
2700,700,701953.4238775023,890503.4725253488,530897.138565658,1.3222023116831871
600,300,1085842.1438897338,1016898.1819144497,910743.0644661252,1.192259580396861
1500,1000,1628863.070452001,1891367.6462914897,1374270.2114800527,1.1852567688982785
900,100,283039.48438260995,251214.88837939178,220968.961069002,1.2809015484044621
2800,500,627570.6541639202,642372.0953423715,364818.52271886845,1.7202269486945165
900,100,266232.1515716636,269951.69279894297,209656.41742991636,1.26984976102942
600,300,1169709.0059155123,1073712.3367191867,997788.6761422141,1.1723013438456726
1600,300,477405.2705586334,540377.6659567183,377807.1633952242,1.263621542451326
3300,600,556597.0623687677,653293.2228589241,367500.06279663695,1.5145495707759133
3000,200,217503.13912393607,235146.42515081208,128869.00866561601,1.6877846844333555
900,100,305715.7796493927,325312.5683563487,236983.04938546955,1.2900322636667763
600,300,1188425.3008042295,1131509.440693554,1010968.49399918,1.1755314907026106
4200,600,512153.4822287202,438810.1530671797,288720.66939064034,1.7738718994717149
1700,900,1259632.6715092123,1442566.9818772927,1048340.4598688817,1.2015492292139114
2200,700,825526.771115579,1013621.1511162271,643043.4830855058,1.2837806351049021
3000,200,202626.6651946316,204197.03325511309,131628.22744100273,1.539386111428502
2100,900,1087060.3544345126,1310419.4188799583,847967.1815645003,1.281960408454588
1600,300,490004.8205869743,524130.92327850097,386712.0399992892,1.2671051581116404
1100,900,1970687.5850526171,2111801.61562435,1637514.7205112383,1.2034625157063388
1100,1000,2197203.28858893,2296144.852732157,1831994.2023388594,1.1993505687866357
2100,800,948999.7279611424,1135438.2798021862,759797.1181129172,1.2490172775571213
600,300,1202399.971925104,1100485.2896064974,1007485.7690539312,1.1934659613646006
1300,700,1346311.2914662156,1495318.2355788727,1114659.16329205,1.2078232842853964
3000,200,271324.2185102845,256029.4480226274,144438.60978757738,1.8784743145154534
600,300,1230779.6822490431,1131392.602685659,1031232.1066647712,1.1935040368648453
1500,700,1159664.3358806847,1401310.849188893,966037.9415197765,1.2004335296150936
4000,1000,859306.2885785367,768836.116430761,483135.36349645775,1.778603582978742
3300,600,670982.07131509,626563.6173240456,361959.3417061279,1.8537498387314877
2800,500,562980.1962153675,594062.4189052439,356608.0478720722,1.578708611807124
3000,200,244316.10348572582,214489.8010326425,133702.37404434013,1.8273131291199252
1800,900,1199534.0259621677,1523786.6750385605,1009874.2268053377,1.1878053663739936
2700,700,774100.971002027,938498.7609565787,536687.7452887647,1.4423675177929063
3000,200,308354.975335556,260733.33847780543,141800.9510629458,2.174562109944358
3700,800,741685.897980892,780222.3833677578,434362.44249678566,1.7075276898195004
4000,600,512119.8097098677,448445.6925304,304032.2411859892,1.6844259928228555
2200,700,840594.1709180438,969394.3132531246,626368.5893563175,1.3420120120995744
3100,100,118215.14666294257,116240.69030687201,65450.783185458306,1.8061685576469515
4200,600,477636.36304313905,392123.99337637733,277410.4110911654,1.7217679796674012
1200,800,1690435.117318165,1744833.397068811,1361376.698229383,1.2417100421336416
3100,100,157584.84021578325,143322.239174318,82829.73232550794,1.9025153865824338
1300,700,1198190.3777044949,1382091.4451433748,1010959.0642731967,1.1852016763566025
3100,100,129704.24147130571,161373.73380357996,65640.770350898,1.9759707385812433
1700,900,1244405.936424933,1511017.821445931,1038958.2347167504,1.1977439466218711
2800,500,512511.24482900137,584893.4601616759,348913.59732364694,1.468877248580266
1100,1000,2192097.9159003957,2321080.3105839947,1826882.7830232836,1.1999116398002956
1100,900,1894670.812673376,1930715.4829745765,1593605.5440647325,1.1889208215483054
3100,100,187051.71047334143,163181.52675593202,70216.21405692393,2.663938991665081
1500,700,1035836.6276933631,1224227.1120515787,876164.5223701039,1.1822398661969693
2100,800,952507.3911828253,1097139.0623113841,769557.902847126,1.2377332331444364
2100,900,1055398.6327431866,1337739.724666453,866874.7910519412,1.217475284363125
1500,1000,1519879.8554045088,1689345.3183606097,1275217.80931263,1.191859025419161
800,1000,3213441.6638865336,2961813.802000445,2558655.7209476526,1.2559101396792716
3100,100,106202.43310549598,110150.30643140976,67362.52881288166,1.5765802587444877
200,100,1274037.210942422,1025215.9451056283,1014487.1393746038,1.2558436292527295
200,100,1251728.746219191,1020213.1882779833,990559.4667602922,1.2636583549224711
3700,100,114551.19497593075,86646.6338318735,54837.142668897504,2.088934422925391
200,100,1318780.061841492,1039707.8625442224,1017431.9404389191,1.2961850414019553
3100,100,173174.733762127,117523.72230655314,67900.41305549568,2.5504223902230105
200,100,1268656.3432852987,1039419.3832380224,1017785.9972724338,1.2464863406307147
2300,400,463009.8277082442,546929.3919878136,343708.416907888,1.3471006380164623
2700,700,661009.6102722677,875826.6867557946,486758.067983391,1.3579838810084652
200,100,1320681.4817016947,1045505.9972378191,1044119.1965996657,1.264876161651559
3300,600,560782.3606380185,633217.4153369243,367462.6701335422,1.5260934136091173
3700,100,157476.1012018375,109618.86210517849,82739.16147748545,1.9032837460491918
200,100,1210729.4268516647,938071.1030329627,922385.8380523889,1.312606261830853
200,100,1302301.082912101,1037835.8242406142,1018355.7449878906,1.2788272559188898
3100,100,211009.51196290844,151909.7767698599,96621.71431835281,2.1838725741055107
2200,700,849206.1100640001,1070190.3562814295,654442.2344418236,1.2976028522796843
2800,500,597934.4962547079,704991.8360479714,372419.8762510935,1.6055386255796067
200,100,1275741.7735674458,994447.0011055407,994360.324810509,1.2829773490917977
3700,100,126932.65814781521,126916.69255595912,54996.32110480643,2.3080208929960926
4000,600,591119.4637865003,474373.98389638256,305786.0388710313,1.9331146247517583
200,100,1183030.4245918482,949031.0021073673,943453.8784346236,1.2539356206312167
1300,700,1246485.8169368322,1339938.8122550976,1042628.517766607,1.195522466244165
1200,800,1614734.659313388,1769555.4480181758,1368870.5625643195,1.1796109168192563
3100,100,128603.65608660341,106954.35660520747,64152.27902003284,2.0046623136559862
200,100,1350922.0004792386,1095932.9029771301,1066423.722234613,1.266777897296283
2300,400,492100.8300412768,511136.16589470924,330992.4691656928,1.4867432823522464
1500,700,1077353.499171144,1248272.819358212,903611.3820643927,1.1922752640740533
3700,100,180743.7857518752,124181.60072550074,70156.3045836674,2.5763014004867197
2200,500,694313.1657094412,751939.1763927869,464314.4834603781,1.4953510830309686
1800,900,1256846.6163955145,1561998.1746398127,1007870.8121604668,1.2470314659686834
4200,100,116626.14678926674,76684.62474127988,48308.91139879065,2.4141745986887693
3100,100,120783.01858225878,143743.41980399456,60867.99215707249,1.984343729797641
3700,800,722803.395275522,725424.0711528166,432590.9221668369,1.670870464999631
3700,100,102385.81973353475,92981.9343367521,56438.87549187383,1.8141009869744207
1700,900,1265580.406555923,1538244.888966776,1059568.3485660953,1.1944301736349732
4200,100,157333.01904818253,89886.64871516256,82739.16147748545,1.9015544300747496
3100,100,233294.7701976765,182110.2158396766,100708.92896554476,2.316525183953579
3700,100,164475.17431774986,100731.87467092273,67742.26274582943,2.4279551295011297
4000,1000,878411.9829560006,808337.7959710358,504392.67532492575,1.741524066324188
4200,100,123822.17482133722,84431.6874271899,54290.25884700422,2.2807438654930974
1100,900,1967046.4878236146,2069427.5214538607,1618846.437532228,1.215091464031748
800,1000,3034065.62149524,2934095.6193653955,2456693.5740749235,1.2350199689180723
2800,500,545954.0830409686,630775.9356625829,354623.01224559156,1.539533713798788
1100,1000,2207246.0591801633,2280497.7246504887,1849760.4535717624,1.1932604867393075
3300,600,502445.7327819992,583868.7233662921,353067.7959342105,1.4230857035616564
3700,100,205078.07394543532,162918.5179414549,96621.71431835281,2.1224843234486244
2300,400,504135.43539338344,556949.227806737,343817.170797028,1.4662892903943971
2700,700,651838.8557435004,785980.2087903415,502006.3233691071,1.298467420427744
4200,100,181098.11368729285,100073.81263327136,70156.3045836674,2.581351950647826
3700,100,131559.47726590215,91824.53373830044,53749.206746514,2.447654304673709
2200,500,647254.2545029578,703818.1971518525,453864.78820081917,1.4260948884551286
4000,600,645557.3717956385,488801.3756014843,289524.37763801025,2.2297168102465386
4200,100,100677.92065206301,77842.20290392675,49719.961742841224,2.024899399013693
3700,100,122294.94566859261,111887.5728783823,54138.05797390288,2.2589459290827274
1300,700,1276873.5007775258,1393063.8988860191,1058436.9505023388,1.2063765349192657
1500,700,1180772.2731774463,1217429.0840914873,917312.0237686936,1.2872089786050662
2200,700,824034.5143942347,1015290.6716346443,651555.5791487622,1.2647186836628905
1200,800,1695471.7488110939,1736346.5104388038,1364327.8764312323,1.2427157563078295
4200,100,166369.22244180302,99735.94968224292,67742.26274582943,2.4559147524496527
3700,100,232657.0321706329,137277.41266425964,100431.59248451471,2.316572170320865
2300,400,491185.0893222895,558209.5402186279,339451.93773760245,1.4469945070750407
4200,100,203228.2433709156,130531.27733338563,96621.71431835281,2.1033392421636363
2800,500,514348.53507986356,582577.9176747991,351835.95509429544,1.4618987276101818
4000,500,562019.4144187177,429373.82454662723,255372.96590320792,2.200778819445343
1800,900,1210179.729708366,1436480.7856385927,990099.3232094994,1.222281140224857
4200,100,123454.31862740802,75881.94319288622,50459.111537190256,2.4466209345841845
1100,900,1984362.9660198973,2077968.8614714248,1654942.7829173424,1.1990523095438086
2200,500,630531.2900701226,698664.7162765746,444071.851139187,1.4198857424820042
2300,400,533308.3135882457,582648.9930627516,361077.482864294,1.476991335371312
1200,900,1763158.9445377914,1905951.1397450918,1500525.5238719955,1.175027626313273
4200,100,115954.51069192516,92229.51922631108,54138.05797390288,2.141829888833854
1700,900,1243674.8848429704,1439743.6521570683,1031156.5285124739,1.206097086576246
800,1000,2993695.01893083,2960571.8673901996,2467017.3752875295,1.2134876101478274
1100,1000,2226815.900964276,2370448.2921703174,1874004.8338364356,1.188265825550498
3700,800,751608.286859299,759849.5696212802,443068.55868467834,1.6963701714483452
4200,100,232197.7675064467,113255.89540933371,100419.32952364009,2.312281595664151
4000,600,756751.4774545566,535722.9963976205,314954.4837664354,2.4027328279464975
2700,700,679699.6574742927,828263.2940613317,509617.7909826076,1.3337439734271164
2200,300,429523.9832705404,439966.4008166031,285536.151295216,1.5042718104946904
2800,500,505629.5504961509,648421.3106933464,368935.96933324274,1.370507601657672
100,100,2564675.9606991396,2028974.2787492091,2028974.2787492075,1.264025861520617
100,100,2497520.268290541,1981118.933520584,1981118.9335205844,1.2606614504724742
100,100,2589533.772705442,2034863.880877838,2034863.8808778382,1.2725832902338015
1200,800,1513850.7574793627,1732199.4858130522,1296132.3254068983,1.167975466551315
100,100,2583527.1096489336,2035571.9945448672,2035571.9945448677,1.2691897494033775
2200,700,866473.8607059189,1117698.7578563024,658662.2328543931,1.3155056074051017
100,100,2639961.1265021292,2088238.3931993318,2088238.3931993314,1.264204860469747
100,100,2348478.9521865426,1844771.6761047791,1844771.6761047777,1.2730458639441706
100,100,2589155.5854176027,2036711.4899757816,2036711.4899757812,1.2712431771317747
2200,500,656396.8506358456,838800.6327711021,473988.93341048266,1.3848358144416728
100,100,2514211.1186427027,1988720.6496210184,1988720.6496210184,1.2642354365465178
100,100,2393238.669904921,1886907.7568692483,1886907.7568692472,1.2683389854074145
3800,700,632798.2170561416,645885.9912149252,375063.5394005573,1.687176039738512
100,100,2696507.587874333,2132847.444469227,2132847.444469226,1.264275883803484
2300,400,481986.6909304295,579192.3696455844,356601.450751412,1.3516116939928657
4000,1000,840278.1506490533,756689.9457537376,503798.40564318636,1.6678856884755162
2200,300,435996.97626540315,449873.45549495507,271109.03115785,1.608197906220059
3900,200,152676.59154077596,156885.97790021574,103505.92898683675,1.4750516519705112
2800,500,505962.1933864834,604714.9796600192,365565.12745624443,1.3840548657011698
4000,500,500280.36723531556,416178.56001880433,249625.63351045054,2.004122574272291
1200,900,1838362.176993105,1999490.469295215,1542959.1690410513,1.1914522521912532
3900,200,265831.3746108337,202876.59662719304,115155.9162563489,2.3084473924819093
2300,400,474049.6946606173,561906.8299978353,332352.7427561766,1.4263450655750824
1200,800,1545207.2485636387,1682906.8926030307,1308924.872461684,1.180516377275023
1700,900,1321030.7535016467,1560178.544716922,1047488.8713443828,1.2611406093567286
2200,500,606413.1077451466,754609.2363389088,451338.37922166195,1.3435886148014107
5000,800,773760.5049862895,477232.7362849292,326730.40757505194,2.3681925129926946
4000,600,444310.59121289145,467033.0652787209,313559.2531843625,1.416990845273035
800,1000,2940408.472918544,2893172.845056029,2415676.817482289,1.2172193116391912
2200,300,406465.6530638912,465310.7008187417,287310.26703053585,1.4147272120306489
1800,900,1222304.3168213656,1488162.2242820475,981238.3327880421,1.2456752615324052
1100,1000,2087418.8183937739,2110990.9174624537,1738933.3763354046,1.2004018364365177
2200,700,750552.4746587648,972726.2090284894,597384.9016159798,1.2563967931369757
3000,1000,907496.7897445707,1142968.6119408451,682308.1922527074,1.3300394162766551
3900,200,312341.9583045243,213876.27462227427,137320.72161632078,2.2745435257558535
3700,800,667804.7688996197,677360.6469063859,431236.20217219624,1.5485823442832372
2200,300,441598.73632585607,471902.52871891507,270549.0491236405,1.6322317071757517
2300,400,490836.52553445613,599246.8506849826,337214.87377630617,1.4555601300672638
2800,500,585844.3882979258,640134.0775725323,350606.1337645651,1.6709473448383112
4000,500,439396.4115220781,383453.35568588274,244239.51812655284,1.7990389716311372
3900,200,359312.88031755475,226130.7370654152,153927.43410024705,2.3343004605894233
2200,500,613312.3866987173,708476.8898476899,447791.21557455783,1.3696391652341378
4600,800,779885.7302882762,511312.8476219457,355141.74736418686,2.195984381099887
2200,300,389085.11288973596,446873.7839195577,275142.78326041385,1.4141207277149601
3800,700,649015.957284273,599079.0114670052,372106.19255653734,1.7441686547198818
2300,400,502986.68863938254,536376.5872951036,347508.42117996124,1.447408632376437
1200,800,1611630.9141345904,1785304.3083678135,1339284.1976984225,1.2033524452123003
3600,500,578221.9077344368,512418.09429825196,283747.73989245325,2.0378026903530433
2200,300,442338.2889783307,421322.1702953159,248384.47212712505,1.7808612800559394
3900,200,286627.0157488707,187706.8836514896,112828.85828240226,2.5403697255489774
1200,900,1797698.2736074727,1998727.4315049741,1514811.3402080066,1.186747303700949
4000,600,479024.6490317425,456721.2827124727,307509.988483104,1.5577531363930388
2800,500,668516.7119050245,747092.7509231286,359514.9778551533,1.8594961353025083
2300,400,517610.3820817294,605833.1261475027,363006.6920521563,1.4258976305796585
1800,900,1246714.9477371038,1474040.2349251627,1000703.4403124234,1.2458385746609153
2200,700,788389.4118196656,956338.0567554989,616098.6695893587,1.2796479699349812
4000,500,508468.5718869238,461478.77715596324,260693.91337576546,1.9504428212484377
2200,300,394498.52967295836,405793.50216222805,272124.18440242205,1.4497003658063958
3900,200,197048.41408805875,185930.33080645383,99130.00666585847,1.9877776741431867
800,1000,3104653.133694846,3030039.3522158237,2521963.3766246284,1.2310460819816045
1700,900,1265307.166305062,1574070.813276632,1070845.3301229863,1.1815965674144011
2200,500,591746.0672212717,756353.8328702853,469554.87006049074,1.2602277283271273
5000,800,552746.5092745352,436943.31585669063,328528.93501543667,1.6824895781206097
2200,300,403771.91314670444,460430.5469300053,275718.68018159457,1.4644343752145161
3900,200,186691.94146051773,161446.24941960187,101252.48264692517,1.8438258162175263
4200,300,338904.1812752865,240472.4821465998,149566.55544035122,2.2659088475862186
4000,1000,834842.9624606873,749381.8519275716,502392.765331403,1.6617336475973807
3600,500,513854.55032639846,504193.81644166465,277361.81501161173,1.8526506624745225
3900,200,233696.94163983702,209636.70658525373,115640.3076979828,2.020895190370663
3700,800,597077.8376470094,694987.6975456707,436776.1070213418,1.3670112170715303
4700,300,334194.2931272388,210481.43063308016,142348.1066563424,2.3477255931057277
1200,800,1597385.1504328859,1756450.4287437545,1333822.0100144139,1.1975999334541074
3900,200,217505.09891546622,198558.534775229,102847.9800341078,2.1148213007521814
4200,300,344401.9742705648,223352.56731341837,148288.0517849619,2.3225200555604784
2200,500,614015.1416431229,740842.9906902063,465264.70767158386,1.3197114062572255
1200,900,1778015.643935446,2051812.2481233592,1511806.2182407002,1.1760870027406922
4000,600,518652.57291908894,445289.30454947526,303187.55180722545,1.7106657902922802
2200,700,800761.2644202485,971536.4118970041,625440.0162059275,1.2803166469549911
3800,700,655623.6843440129,617737.1746520725,372288.3323126612,1.761064281201798
4600,800,566996.3144831413,477706.67877374915,357096.66849503986,1.5877950272476904
3900,200,296099.43393698276,193613.5565360351,124828.86001477759,2.372043082841017
4700,300,330101.51383807324,205108.53985865953,148288.0517849619,2.2260830179141196
2200,300,389633.36756281566,451967.8422330534,274768.8461056176,1.4180405569452574
4000,500,496107.9379242329,400705.2467925117,248236.10857191408,1.9985325292855622
3000,1000,974952.2643268596,1181997.1801252014,655118.2864199795,1.4882079840186948
4200,300,327478.3413274273,243318.27423247643,150495.8541588521,2.175995765184108
300,400,3188839.3403096846,2701397.1208933834,2635097.862960475,1.2101407637009325
800,1000,3070369.6856977846,2955310.098573929,2518992.0282159317,1.2188882105642727
3600,500,459770.11256396316,457419.1211533915,271377.2423628365,1.694210275558928
300,400,3068342.529955666,2600891.0756031005,2537608.9302703114,1.2091471200918338
2200,500,655683.4567550626,761907.0248204633,446225.98842762836,1.4693977351375296
4700,300,327673.77707596886,197368.07240207732,143441.4983667211,2.2843722409971026
2200,300,377392.04797614744,435546.5470050305,281245.11999948305,1.3418616755975752
300,400,3178369.7140100286,2716246.3142608274,2635931.6427772148,1.205786091881086
1200,800,1608109.1221174835,1825220.434513655,1366128.0559444248,1.177129124257516
4200,300,325338.1000543213,227432.14277843406,141716.16858857358,2.295702059225393
4000,600,638898.8448423985,497470.24861779995,298616.4569075555,2.1395299222915445
3000,800,861886.0371583242,904347.5351729128,544550.6792917532,1.582747152715519
300,400,3134763.695159879,2662879.630493307,2602464.8559882855,1.2045364178297244
1200,900,1756787.252110773,1896160.9501370587,1485148.984814249,1.1829030421015292
4000,500,440197.41685843375,365329.24382415914,246285.16856600682,1.7873484604106664
4700,300,320971.44117426925,212815.46126777268,130823.99861272547,2.4534599506045662
300,400,3339353.9381619547,2877216.945832239,2768260.7019595876,1.206300380523447
4200,300,312713.1004946661,224605.25618995994,144122.41027926438,2.1697742904016484
1800,900,1172507.3376350496,1365375.5310059434,973870.0547062254,1.2039669275884497
3600,500,530807.1236185877,583915.8019465832,289659.9037508505,1.8325184699196708
2200,500,716957.9800570279,870727.0838846127,457564.5172701951,1.5669003014795815
300,400,3273420.3842853904,2807344.897930044,2733944.4557608254,1.1973251239204254
800,1000,3033665.132525352,2965318.1943531423,2511963.826657015,1.207686631603541
3800,700,563653.5643656525,577791.3896563138,362634.446469447,1.554329903993668
300,400,3074754.1526282313,2616867.8835398974,2548037.694464021,1.2067145471625391
5000,800,685540.703400521,455929.27557921514,327438.69034349575,2.093645997305213
4700,300,300714.2406589296,203885.7878269397,131967.49793690105,2.2786992658049265
4600,800,706734.0563931344,509936.5253869522,355911.61993858236,1.9857009909232284
4200,300,336855.5329707726,216818.88308103938,144863.04739585196,2.3253378900022934
1200,800,1583173.008671071,1740451.0597943433,1329644.956697605,1.190673495730127
300,400,3142313.993731118,2684606.927619592,2585314.032285014,1.2154476997727826
4000,600,518927.06994178606,486587.37913735217,303156.7028601723,1.7117453285574735
4000,500,427409.26423824154,407206.62699202035,258255.1785332699,1.6549881658352892
4700,1000,757023.41065887,587232.9073301543,435515.8673953451,1.7382223412119042
4000,1000,737099.340086581,724744.6081364151,508684.12473223463,1.4490315389232589
300,400,3214528.913886363,2733555.680962776,2664231.2290463694,1.2065502719285242
3600,500,492927.4534732729,473834.2976241063,275817.8984132379,1.787148173882304
1200,900,1748522.5737194424,1887122.2426705994,1471857.4991820632,1.187970013870994
4700,300,332002.0669874842,213320.4871058181,144863.04739585196,2.2918340664217647
4200,300,305736.64941079996,218826.87400570116,142541.23944888773,2.1448996135636285
3000,800,705714.8048650564,920832.8668613092,547548.2250257279,1.2888632865751628
300,400,3415037.6400990104,2862889.28672454,2783051.3057331983,1.2270839682559551
3000,1000,1000447.4197338411,1212541.1869535586,657871.3000766746,1.5207342524552134
5000,1000,745995.0321285556,550995.1286856227,409384.9153516244,1.822233805287656
2000,200,252922.0374272986,274491.84780712164,201836.56152433166,1.2531031816889555
4700,300,294720.4342537768,194575.50652124517,127377.27780538904,2.313759874065293
1200,800,1599569.4195407268,1699577.3234474903,1346726.3299824705,1.1877464514721023
4300,700,608292.894553761,462463.105628427,331451.4999353762,1.8352395287767926
2000,200,325249.8009805296,353129.6266328815,214724.98832849332,1.5147272961214546
4200,300,308006.30689698906,211704.62977449904,144424.07057131143,2.1326521657960513
1800,900,1237088.094465443,1439668.055000355,989295.0451585837,1.2504743660847286
4600,100,113323.12408602715,65106.40166591111,44108.13649454799,2.5692113313387095
4000,600,479787.823634091,450265.77156229917,291280.93164572364,1.6471652329704942
4000,500,430054.37899198243,402451.71506697027,255895.58921937112,1.680585352423994
800,1000,3134611.8806680045,2921390.3842134993,2543420.6236611735,1.2324394366810747
3600,500,459703.90836190473,466803.7007463729,273650.1872955631,1.6798961948649769
2000,200,363218.9178444173,346650.28388636495,203089.54220536858,1.788466869835781
3800,700,680849.2486104766,646362.2458498011,378887.6094136873,1.796968894454116
4600,100,157416.0260194252,88442.90823622726,82739.16147748545,1.9025576668704869
3600,1000,823516.0659486079,952615.2751906777,568590.1602105895,1.4483473749239717
4600,100,125778.06438491616,66215.56112529432,54290.25884700422,2.3167703941027846
1100,400,870947.98076776,917314.484731469,718663.0535346749,1.211900314735934
2000,200,383709.17484736856,394603.3922246223,205435.18723653464,1.8677870135536823
4700,300,300522.6950778804,199375.09091367864,129059.80774457617,2.3285537173017374
1200,900,1749834.1229446786,1880289.2473822667,1501055.1604686351,1.1657360562275232
4200,300,287800.8397938352,225504.73938601874,143926.53843627588,1.9996370573538131
4600,800,629589.9338744106,453394.1999125389,338121.4761931039,1.862022906568782
4600,100,181708.7034103499,83879.01462171179,70156.3045836674,2.590055227234022
2000,200,329786.7746953367,330617.47302756464,177867.76952878715,1.8541120494680858
5000,800,625191.4202045604,412857.5893903157,311071.7580976556,2.009798073691705
1100,400,835033.4215908522,868475.7228722345,692075.162800994,1.2065646427929473
4600,100,98364.74177327976,71758.90385916313,45396.48680868112,2.166791941143551
2000,200,272945.9850644715,304513.2506316728,193303.51299842403,1.4120073703300817
3600,500,444312.51491595374,536580.1214735939,286950.1983702999,1.5483959148290356
4700,300,271023.72763118165,193873.6400301489,128615.20456007632,2.10724485147933
4600,100,163439.85344366997,91931.58636059685,67742.26274582943,2.412671895193406
4200,300,277696.68452006177,230941.88573870773,147318.8723806816,1.8850041412377592
2000,200,270316.2658365634,280223.55530889385,197442.3411615041,1.3690896504081151
400,100,651255.579671656,528687.1928203739,507243.5696873019,1.2839109622880633
4000,1000,866268.2618521326,748668.8097231236,515351.3293050198,1.6809275781248958
1100,400,865785.3875484554,917777.7810782578,718890.4480301494,1.2043356396246696
4000,500,513778.017314751,423394.88398703135,245424.2936351956,2.093427711269866
400,100,624137.8515390814,548849.6122703027,495279.7333801461,1.260172402532029
800,1000,3146279.5045904,2997742.041789448,2576756.646525099,1.221023145058473
4600,100,200993.02258704713,130371.0656326238,96621.71431835281,2.080205510790337
400,100,638035.7446799694,562520.79933606,508715.97021945956,1.2542082066044071
2000,200,305200.975064214,362699.9782386412,216657.9146813661,1.4086767866895895
4300,700,619630.4059590515,451409.91822015005,328838.03063135856,1.8843027516293684
3000,800,824713.2737274008,967132.5974060739,545731.150572493,1.5112079874169633
400,100,646294.596812882,567716.7085926993,508892.9986362169,1.2700009600149498
4700,1000,845558.2888710062,573977.8616060839,418160.6083531784,2.022089771203049
4600,100,122145.53621538184,70649.9452648556,50459.111537190256,2.4206834503091876
400,100,665565.0222397329,532660.5420419835,522059.59829983284,1.274883221010106
400,100,634281.2987889141,497381.57141198555,461192.91902619443,1.3753058050591813
400,100,638222.1701743582,565000.9679329499,509177.8724939453,1.2534365781614898
1100,400,882044.5041416493,889578.1762506863,709763.1425422597,1.2427307805563206
4600,100,115033.654916244,74307.03098515833,54138.05797390288,2.1248204908217376
4700,300,267947.2338924839,191242.28356359428,131646.65191465165,2.0353516781133014
400,100,647418.7736646916,513482.6521966862,497180.1624052545,1.3021814276189418
3800,700,592678.4855839543,639643.1324959374,377216.3879282307,1.571189652812002
2000,200,286114.55614041904,318105.8551534714,200553.5610665102,1.4266241627369258
3000,1000,945075.0083181701,1217067.6809251716,644180.4846619436,1.4670966147230173
400,100,594289.6586579487,493694.2059466769,471726.9392173118,1.2598170874955599
400,100,683420.2268726397,590036.8991119392,533211.8611173065,1.2817048470013075
4600,100,230873.92056558398,103292.21892154912,100419.32952364009,2.2990984072566736
1800,900,1255645.7281951548,1511114.1985770355,1011353.9228939315,1.241549273475102
5000,1000,834816.6201926309,534690.8783651039,393070.97185198776,2.123831775873249
1200,900,1725911.2636971949,1882480.3371372458,1460805.082059338,1.1814795039350008
2000,200,343329.74077959236,364490.70051315794,212701.42659441868,1.6141393420658956
3600,500,442446.2168261207,504424.9808954703,284328.4324659679,1.5561096475255896
4000,500,646145.3801111523,449043.4309767968,288145.1780149138,2.242429960350435
1100,400,914075.5630823288,985097.9590231291,754980.191443524,1.210727875303078
900,300,887613.8886303656,852334.7666664554,697977.258721639,1.2716945681812761
4600,800,635400.5901092228,456356.85591956996,341458.66238130885,1.8608419118085435
1100,400,898864.3413988793,925850.701125699,745621.2152074978,1.205524095969742
900,300,842471.5930510317,812830.2378487174,662710.9650525221,1.2712504205875979
4500,300,337363.43063112925,214677.74752475403,142348.1066563424,2.3699888853849944
5000,800,615786.2732104841,418251.70404287055,314141.9693908041,1.9602165046734759
3600,1000,903772.1688591089,1021357.6979112,545931.905349983,1.6554668448617664
900,300,881762.1919252565,849776.0285759855,702313.9860746431,1.2555099420041187
4400,500,556114.3004842635,335816.1714780113,232157.24173018904,2.395420863634201
800,1000,2940057.9519195855,2763813.6811153363,2391033.392461181,1.2296181062085765
1200,100,227588.82969959738,216503.433493602,169081.18989576728,1.346032813229538
1100,400,871762.231899802,868575.7239266614,694919.3712174603,1.2544796821140887
1200,100,214006.45569540147,248290.27108479582,165093.24446004868,1.2962762734194702
900,300,892084.4352930964,806036.0983374462,661342.1200800102,1.3489000748737592
1200,100,223676.57510397764,263355.83073846466,169571.99007315317,1.3190655780325737
3600,500,519950.1189846975,505950.58020537504,272693.65959466173,1.9067187691769716
3000,800,731226.0634468553,897235.3616956812,518452.9301627593,1.4104000978783156
4500,300,338829.68272092013,208264.79060738048,148288.0517849619,2.284942573878237
1200,100,256095.89931417053,270125.79443172365,169630.99954540562,1.5097234585687895
900,300,874856.73343852,824893.2903862926,672571.2479699005,1.3007643964549498
3800,700,712023.6885995088,633149.8607378601,381330.76638938545,1.8672075566870086
1900,800,1181795.3548649214,1295587.9356686762,859816.8620396103,1.3744733408246164
1100,400,866852.4392833023,934388.7981546904,705085.6451686402,1.2294285739939739
1200,100,226570.16083462824,208651.37318830413,174019.86609994428,1.3019787103186422
4300,700,619386.5194514716,460645.1308833835,328998.9913460727,1.8826395695540035
1200,100,261621.96494844122,211393.263369174,153730.97300873147,1.701816880672328
1200,900,1762081.8740887172,1925924.948760793,1483942.5677378755,1.1874326624209168
900,300,765455.4612834507,765689.3727748978,607162.0429774168,1.2607103328294216
1200,100,263378.55503699265,259511.42410917435,169725.95749798173,1.5517871215434127
1200,100,215040.706647234,202272.34432730006,165726.72080175148,1.29756206848788
1100,400,895649.5915164337,922030.5739418649,726608.5170126462,1.2326439486269407
1200,100,201763.63274853997,209750.67930103614,157242.31307243727,1.2831382902361206
900,300,822067.5075073598,809435.0051922974,665192.4507614761,1.2358340906700034
4500,300,332032.25129440986,207490.12401512792,143441.4983667211,2.3147572709087263
1200,100,254257.15598863922,276200.815845221,177737.28703910217,1.430522318778854
4000,1000,660199.0733189754,710206.5802067771,478206.67849223624,1.380572674979264
3600,500,648531.9208158178,560603.821783878,288145.1780149138,2.2507123849292774
1100,400,912617.569187769,966710.869006159,759013.9924726904,1.2023725230870566
4700,1000,894377.6420937944,571170.175320896,419917.85111277096,2.1298871665582157
1700,200,291849.24865863775,293071.77483484906,237454.7782639196,1.2290729661976365
900,300,874374.2176754964,787040.8610486941,673978.9959994534,1.2973315531574896
4600,800,713496.053184326,514037.0425405876,349378.4863561102,2.0421865714338305
1700,200,361763.0482933156,384385.489108922,252617.6333276392,1.4320577844386553
900,300,855221.1907531809,787300.5876753434,671657.1793692874,1.2733001552313745
5000,1000,884006.9215588034,522408.0627092537,394722.78004600474,2.2395639832486305
3100,300,355547.78272870847,366872.12841920956,202638.55898370166,1.7545909550082488
4500,300,326307.15851942234,215070.717920972,132268.424016002,2.4670072312946383
3000,1000,1005915.0645276768,1231721.4934287702,672523.5670999009,1.4957320661124902
1700,200,375970.91724522,376319.4812039166,238928.87318278657,1.5735683688492217
4400,500,479968.7725361854,336935.4498479472,226932.39410040958,2.115029784261722
900,300,841604.8649972049,826644.730778719,687488.0711098475,1.224173771682407
1900,800,1050230.1444601766,1269184.428441445,864549.8289879913,1.2147710973345927
1200,900,1809686.506562123,1996186.6028331453,1517030.8843408972,1.192913424006114
4900,1000,748113.1924413583,555832.2941251217,417739.7095424739,1.7908596557907397
1700,200,393040.14352201694,428702.405629292,241688.45557239366,1.6262263854977073
3900,1000,793077.7463784447,803144.1974433293,524852.4555790056,1.5110489394653568
3000,800,712603.8716018178,881682.7808313833,523569.9489846736,1.3610480757799905
3100,300,386356.27307583677,367416.7918027577,192399.95759589353,2.008089179974346
4500,300,302082.38160739245,195473.74151271512,134514.2495939801,2.2457277390254387
4300,700,544953.9326720313,461033.5560925835,320467.6503683485,1.7004959222737652
1700,200,349118.4586275637,362839.84640980605,209256.19944563194,1.6683780913180075
5000,800,719901.1306197043,451049.7896106143,321428.2074476214,2.2396949425697694
3800,700,566660.7855965148,574110.6019651161,345854.416725041,1.638437325630622
1700,200,311945.21542603103,319975.88887089316,227415.89764520474,1.371694849199601
3100,300,357771.3492468718,376511.12667975476,203897.60886038028,1.7546618189713896
1700,200,307503.28959544416,309485.59773922455,232285.10724882834,1.3238183594182844
4500,300,330944.44044391136,214055.11851328055,144863.04739585196,2.284533194580495
4400,500,434541.40765581554,328110.7578704603,222035.9255695935,1.9570770204915136
1700,200,342077.0623604835,396264.58399271657,254891.66433101892,1.3420488396836703
3600,1000,934568.8733325587,952165.0821735509,548226.0833972287,1.7047143535040399
4600,800,681987.8523855502,466655.76321173453,347953.5678298471,1.9599967220886474
1900,800,1064690.0747536435,1305241.232699074,861680.7640618309,1.2355968929082946
3100,300,363882.68227408925,364890.3670944472,192002.55099097066,1.8951971231423985
1700,200,312337.92858130444,349777.1364994583,235945.36596060023,1.3237722525707953
4500,300,292350.5291223864,195757.21319323944,133038.4901522952,2.1974883267821173
1700,200,390181.74309376825,409003.2967026138,250236.97246402196,1.5592489760875243
3100,300,346892.26308960945,351020.08233273035,195262.6203783582,1.7765420868440676
4700,1000,843058.6201949668,566086.9279161394,411179.0327629428,2.0503443829078116
3800,700,556733.8817224168,592056.4360306022,356688.70344647084,1.560839679931067
3000,800,817882.373364553,955004.3410991015,535713.679079369,1.5267154924438269
4400,500,507561.8738295081,353416.8686148739,237834.46181356232,2.1340972622688477
5000,1000,842594.9545022458,533334.2275934302,386508.2907971662,2.180017801854675
4300,700,667705.4536204111,472984.22739099234,334830.9106446539,1.9941571473639335
4500,300,309977.0465907282,199656.4128204946,134795.79919989067,2.299604649630503
3100,300,360870.8141086041,327530.6115516063,176272.85118699196,2.0472285532262076
3000,1000,920398.6944341569,1110331.2419951868,671731.2075242484,1.3701889745846474
5000,800,674249.2228170651,426865.4069426878,320117.2824034593,2.106256862343584
4500,300,278838.0803259427,208670.47770498216,134331.4358738575,2.0757470394925477
1900,800,1003257.5142094551,1242330.5211123202,818609.8897306726,1.2255624159873424
3900,1000,889772.7720982475,870039.0743387658,503937.1433999843,1.7656423697905879
3100,300,329832.63132547936,317255.4036758815,193120.38893075113,1.7079120084195272
4900,1000,862184.8748540413,571575.846545016,401092.8284203957,2.149589356283287
4600,800,746187.6450502982,467150.64695563016,356381.2319855021,2.093790520036851
4500,300,270847.0715282448,205105.89977538362,137497.6142219695,1.9698310626030384
3100,300,333975.54407553247,353146.9581016653,195671.32141919612,1.7068190762612603
3100,300,310712.1109249644,326615.93950116687,194997.24562334153,1.5934179476829062
4400,500,480467.1001328619,312338.2235386654,225669.18961083097,2.129077083856386
1900,800,990652.5141118651,1219798.8486903275,826689.3931336951,1.198337032433236
3800,700,572679.3080978082,584721.1217816726,362096.8514876422,1.581563898567488
4300,700,571989.6602747699,453928.63529996696,333354.0172389015,1.7158625086100214
3100,300,307395.10789778153,330877.934667348,199593.3109673751,1.5401072631538608
3000,800,803401.4453233967,921543.3665893767,533528.8040057655,1.5058258135107452
4700,1000,866612.4131593208,603861.58751018,429270.36197866016,2.0188032762494834
5000,1000,849844.3924207705,586974.9233017212,403514.1402599406,2.1061080830359686
4600,800,619593.937403714,470274.55040484335,346863.90174720134,1.7862739082468193
3000,1000,949859.7796495,1098954.0505708929,669857.0204418707,1.4180037689579275
3600,1000,918292.6459519573,945212.9837279886,536817.0705516197,1.7106248968728637
1900,800,1091610.0866696087,1304099.6442777326,845863.70380953,1.2905271638365694
4400,500,441594.0827530661,318291.18664396333,223895.60778727892,1.9723213292000816
4900,1000,896347.9172889979,543877.1430919026,402778.3469857191,2.225412373820529
4300,700,707499.9519257715,477032.6307694834,336989.979599922,2.099468811404193
5000,800,739552.1459790469,444030.43569802423,327870.733426662,2.2556211048476205
1900,800,1132484.1395916801,1335378.4713577342,842413.901061735,1.3443322079138955
3000,800,823121.6650940416,955824.7788620621,546451.22237777,1.5063040055293446
3900,1000,917564.8416570371,895167.8314932856,506054.84621282655,1.8131727193679434
4600,800,560625.9020329646,463870.5131589627,351319.9121693401,1.5957703580511449
4700,1000,800884.6206332922,588989.5592730432,428764.6005473926,1.8678888593200644
4400,500,418142.1157161634,328421.289417744,234777.43503024537,1.7810149244636562
5000,1000,795275.7368388386,565526.3918895005,403038.7245145491,1.973199319238443
3000,1000,889952.6377450777,1088295.472119339,678245.4996429796,1.3121393923196516
1900,800,1039053.142066222,1327556.9380711082,862817.7195438473,1.204255682898523
4300,700,557186.4905577172,426149.5984642723,305638.78687329206,1.823022844246233
4400,500,424236.3163464164,321088.33522302686,232632.35383579193,1.823634199419535
5000,800,607507.3921558008,424697.5114714835,319114.7896074252,1.90372684670352
3000,800,709068.8614405397,884468.1426487289,531857.982679042,1.3331921011486225
3600,1000,948014.2611395096,993771.469953466,560436.3059165841,1.6915646811800467
4900,1000,824422.0497518956,552768.5444847976,394396.2150991492,2.090339658925581
1900,800,1033629.4105619489,1274856.319944161,839775.7621248032,1.2308397755451488
4700,1000,828494.4870308953,572694.862745796,427568.310920343,1.9376891735675095
4300,700,521396.17613668286,446355.84369489376,315213.27281316026,1.6541060326661294
5000,1000,824863.5050838599,544811.9602613887,401914.2122651224,2.0523372399176054
1900,800,1037512.0478112407,1206560.6805349633,850563.9978836656,1.2197930436660036
3000,1000,971650.947429297,1217796.9363167987,687135.1057400263,1.4140609893346296
3900,1000,866753.9897552346,853597.5333984427,495523.44973995665,1.7491684605644682
4400,500,505026.33690706425,334744.91271993215,223112.99421381418,2.263545154268721
4300,700,545302.5646555298,442296.94862430246,319992.56643093965,1.7041101008614092
4900,1000,861105.1018093941,580818.6802146956,411749.1227142251,2.0913343934603716
3000,800,720521.6604404158,849271.1329669575,538690.5319929882,1.3375428333123078
4700,1000,690308.6349290181,569234.6962398029,432922.65934658266,1.5945310785323927
5000,800,545280.3993209404,420728.2451568752,323214.3191957929,1.6870552043538236
5000,1000,693006.9948515979,526481.0996631548,406947.2997857877,1.702940393550685
4400,500,635579.3047317388,365282.757459233,288145.1780149138,2.2057606832443417
3000,1000,812401.9456086757,1007342.2977035387,637608.904656315,1.2741383309986518
3600,1000,895237.910063805,884116.9680519701,559776.006270207,1.599278818734629
3900,1000,889515.1098338908,832193.3393694427,517325.82084607764,1.7194485061254121
4700,1000,842968.2852597957,567527.5596335025,438596.87600427214,1.9219660042712772
5000,1000,832792.6175702126,558943.6713541999,412281.06344401586,2.019963300311266
4900,1000,800444.370241056,561032.6803319904,411264.0046066827,1.9463030104143704
3600,1000,872892.5887068186,905129.6920384681,558214.1837015589,1.563723413329637
3900,1000,852707.3296277632,797268.2147120971,516716.3134801911,1.6502427103270714
4700,1000,634053.5014906665,524551.5487293566,406984.4072274351,1.5579306976651282
5000,1000,632414.360076177,488136.77133642405,382565.342793789,1.6530884775337897
4900,1000,825789.6317229968,550451.0346951189,410116.54312767595,2.013548698682743
3600,1000,807029.6645837188,887850.6884418948,565204.5830358163,1.427854070554446
3900,1000,852449.5556841374,832163.0268838427,515274.6311091313,1.6543596447766802
4900,1000,688491.7397842772,546032.8428101498,415252.34672019153,1.6580080647881368
3600,1000,863679.3959781043,960416.8050792268,572612.5881166887,1.5083136729821616
3900,1000,772047.0784477245,783701.8124917295,521727.30741767655,1.4797904335677234
4900,1000,835885.2327643653,550131.0692990805,420694.96269797534,1.9869152399727275
3600,1000,709334.6179883995,853950.3848886935,531340.7538802625,1.3349900469863973
3900,1000,870010.8527442341,806265.8735597697,528565.4659538665,1.6459850459094678
4900,1000,624783.8875197486,501926.5927103245,390372.79876917246,1.6004800782474178
3900,1000,684527.1295104338,724180.2601649278,490468.3881971654,1.3956600384105855
