P,n,Algorithm Time,Optimal Time,Makespan Ratio
4096,600,93200.45216009195,25339.817846041748,3.678023761905238
256,400,158160.6438261028,48679.56019676214,3.2490154633036856
8192,800,205172.0832741531,62137.90128877687,3.3018830539616335
128,1000,241213.17687853053,125295.95783362567,1.92514731559677
2048,600,293881.3763128302,95460.11175339336,3.0785777526850997
256,900,232233.09424750207,77030.62312975689,3.0148152100017294
256,100,74571.49581152535,26193.65899088914,2.8469293212324147
4096,300,56324.76792392811,20887.76340872541,2.6965437525206584
256,200,85098.84870328753,25775.82693292296,3.3014982962425323
2048,400,94686.04671751693,34397.99854935305,2.75266151260704
8192,1000,196194.57057091326,71441.52524391812,2.7462259505386957
1024,500,233499.4339440098,69330.81468246617,3.367902642042111
256,600,233465.31126679544,65997.13135384436,3.537506956401916
8192,900,147680.40966770845,50985.945546331204,2.8964925154425245
8192,700,205731.72949393687,54661.38833726035,3.763748703647512
256,1000,185889.05724714446,62174.13220982782,2.989813458429921
8192,900,563927.349815192,200725.03795784948,2.8094519525442156
2048,700,124778.21224649169,45736.33575987692,2.7282074563558667
1024,600,208871.2722188803,69645.19944005155,2.999076374225481
4096,1000,143004.80210620956,51207.743830232605,2.792640163571916
2048,200,87606.16752230021,33208.183834406,2.638089693768019
512,800,165720.15817048107,58281.74602729851,2.8434315967963557
128,200,109757.07013093197,36920.89002320384,2.972763388476075
2048,800,236966.85337252863,69914.3129245496,3.389389718071884
512,100,96566.78924051454,34744.80913128068,2.779315577059126
1024,100,48210.58141988587,17424.209760559108,2.766873337866594
512,900,195428.68150672002,65527.226447374065,2.982404293636201
256,800,260761.22334431033,88988.07431158595,2.9302940350329627
1024,100,55813.60345133158,17010.884101954263,3.2810524789196314
1024,700,408296.6287012765,122698.14519501191,3.3276511886332503
256,300,161826.5470724763,58817.967607809784,2.751311438564381
1024,600,156369.51483586134,56839.82740281852,2.7510554127422884
8192,200,147286.45939250325,48832.439654252754,3.0161601680221657
1024,300,153221.76743078034,51334.02512144949,2.9847994009485515
4096,900,248152.97603595036,68798.33552250691,3.606961914867385
512,900,197237.62634119982,70503.79592528375,2.7975461995014
4096,100,96546.21724396534,34460.69141352587,2.8016332024629897
8192,700,75300.8572962541,24919.342184621364,3.021783510109067
1024,400,228142.41834753362,71121.47502380062,3.207785247299586
256,700,154044.48861117533,46686.09352875527,3.2995797456537033
256,400,224394.28616209963,59315.77823058138,3.783045470461498
512,500,378774.1139138457,104189.08387589059,3.635449125985589
256,900,171007.34923014158,57244.69321120439,2.9873048423756887
8192,500,267077.8890291391,87191.89492611904,3.0631045380473063
8192,300,128877.7953153482,37997.38137569971,3.391754659118926
1024,800,211920.21260739418,76586.05734526525,2.7670860722339516
4096,800,236919.75135902647,69744.6297416748,3.3969604862273552
4096,800,228359.5956574475,49156.66889863417,4.6455465916200955
8192,500,263103.9139181829,93303.02350633578,2.819886259101954
4096,700,406433.51906856,121247.84298185878,3.352088656367858
4096,800,120337.0861743385,43369.83132383738,2.774672681472883
4096,100,70133.66634070319,25235.008428580157,2.779221038867283
8192,600,130964.35483917495,37566.49697046091,3.486200881124321
8192,800,358319.81428160483,84971.24391877686,4.216953851165449
512,300,132533.7492861297,47234.241688785194,2.8058828626775036
256,100,148728.3441839847,56270.53628076332,2.6430944862849843
128,600,168435.75184919883,74899.47399565695,2.2488242288452596
2048,900,452670.69219452044,156586.64072292217,2.890864061612477
8192,1000,121615.30245487466,45312.78094590863,2.6839072755223494
4096,300,126009.64955241285,41796.45799396132,3.014840386011143
256,500,263671.64353426866,95166.34282014595,2.7706396581045407
256,700,154902.41157060183,47967.297444383694,3.229333729927258
128,500,122265.92648756129,56182.17500713485,2.176240533087837
2048,700,142592.83960957962,48971.50074361899,2.911751476763953
128,800,263638.6988585029,93497.3020055607,2.8197465937875204
512,300,85129.87648190769,28600.5958497807,2.976507095482783
4096,200,173033.10696263632,50831.013653404065,3.4040853118231804
4096,500,674564.8566832442,237564.50729901434,2.8395018445840163
8192,1000,329096.7079544538,112393.23827909636,2.928082801006557
128,900,232178.53852616044,109443.21737422631,2.1214520561128722
4096,300,81752.13332840102,27866.80417099782,2.9336745192146565
4096,400,217771.53253325413,56915.493482307924,3.8262258518578602
128,900,217085.9932284363,109318.34627419793,1.9858148300554235
1024,400,117448.69679726133,44207.66491546582,2.6567496161999844
8192,600,88090.59005302677,32734.27780938007,2.6910809080927467
128,400,219436.3608938604,81480.70461614145,2.693108287755157
4096,700,194748.0484314126,53915.74341202593,3.612081297723032
8192,500,167725.38971115573,54509.002824173345,3.0770217949533616
256,900,187297.00221206417,64837.41435415292,2.8887179428380083
8192,1000,419670.93421334296,124535.58998606945,3.3698875498986864
8192,600,93200.43165478687,25325.579367516788,3.6800908007786006
4096,900,136628.6477212602,44998.63267930536,3.0362844287954336
8192,700,520104.7548169261,185768.68163866145,2.7997440162092637
128,300,111917.05099405404,38152.527144095155,2.933411214710986
4096,700,299755.41067192896,86344.15596057125,3.4716351944978325
256,100,43127.099682231004,14891.07425106187,2.896171152941209
2048,500,113245.80726323705,38078.8838745444,2.9739791648394784
512,600,138325.09950653024,50523.437090590436,2.7378402474579886
512,500,100829.2430305926,33156.78306802833,3.040983886275081
512,400,155551.2860001039,57470.31142497088,2.7066372557103766
8192,1000,431863.6421414142,150569.03775101455,2.8682101485934766
128,600,153530.61526833978,72849.63176490327,2.1075002240753418
2048,800,232578.33573147768,41519.7534269463,5.6016309475608415
8192,200,76065.63204604841,26972.824218293383,2.8200840753805654
512,400,301811.2244429519,109009.50865491609,2.7686687901545812
1024,300,122929.7970404604,35788.66352580134,3.434880907241363
1024,800,343636.9078726136,105506.57662913551,3.257018840451304
1024,100,30198.863675340057,10211.848879179503,2.957237620007403
2048,200,114170.56562767914,40359.96560634527,2.8288073072522537
256,100,132427.00277512032,37681.884279448226,3.5143413156583114
1024,700,281359.1515631442,66874.51640802078,4.207270073498409
4096,800,145761.282899116,46857.31231092819,3.1107478365787777
4096,800,358416.6972694867,127268.05412448723,2.8162345981883363
8192,1000,260163.17400856395,61631.005637657836,4.221303405920717
8192,700,346261.84384200955,116555.24523591898,2.9707958928930434
8192,1000,143004.41066466796,51177.51428416821,2.7942820722128436
4096,900,174718.94171025217,60367.665223331875,2.894247128224597
512,700,347000.9290174642,123260.96281991307,2.8151729556456577
1024,200,87419.62752323976,30960.64519433914,2.8235725377978755
4096,700,209451.46964431266,65060.34510421777,3.2193415099289755
2048,700,335252.0550635424,89844.51474818445,3.7314693724284047
8192,300,74559.01987866338,27325.43722463806,2.7285572510963165
8192,500,263250.7972167459,68815.17228508745,3.8254761046902663
8192,700,164822.7163841262,46993.19158217273,3.507374384136384
256,1000,317024.73057530867,111749.61276708746,2.8369201711335053
2048,100,136963.41623812358,47958.62701914873,2.8558660818925734
4096,700,273038.25805343024,86817.79328982205,3.1449573607791694
1024,800,205655.74641965522,53472.408401124616,3.8460161524224508
1024,400,735767.0635347874,257567.86842644215,2.856594916244036
256,100,38998.921155312324,13011.59979464646,2.997242596668104
128,900,255598.0989966224,102373.53702350879,2.49672040673878
512,900,363969.2059142442,114159.9168451615,3.188239935457438
4096,1000,317024.73057530867,109849.57632880178,2.885989561092072
8192,300,140643.59067035705,34770.69707161906,4.044888440995759
512,500,407416.60431523155,134723.51647863665,3.0240941965008488
128,800,177033.27051790853,84426.00544789649,2.0969044973608826
128,100,72394.26851552376,26068.19735827815,2.7771106502128124
2048,200,96431.97272616364,20752.375075557742,4.646792108135214
4096,500,99298.78799166722,35418.499695506645,2.8035853818016103
128,400,182377.38714439922,51327.80354104017,3.5531890040565584
1024,700,493539.60408571584,145939.20363147225,3.3818164811424425
128,300,146292.06201528705,46426.00783958498,3.1510799403809955
4096,500,372603.3078838935,110169.6014202929,3.382088190211616
256,500,121229.16182188425,40888.66155932382,2.964860115217942
512,500,325382.302077579,114576.28797187006,2.8398747056412277
128,800,239942.8451833245,103240.3095790912,2.324119776098764
128,400,378670.74701134616,142772.5734921948,2.6522653318429374
2048,600,211293.1596534092,51881.5556249558,4.072606480438186
4096,100,96286.80597232001,31218.56877485844,3.0842799574419835
256,900,833876.7607515936,303266.1858379448,2.7496529441537843
2048,500,91300.70601518251,24114.557614326197,3.7861240282899384
1024,500,206526.80554768458,69563.61906013438,2.968891043019946
128,200,81939.4905413954,25374.187301930957,3.229245909095968
8192,200,285760.3546106587,99756.89480744647,2.864567458342015
2048,800,205642.02713289703,53333.70966416959,3.8557608017101894
512,800,115519.26350549588,36819.879889469856,3.1374155443275447
512,800,435279.9517442488,117323.0806231038,3.710096508142077
1024,600,270767.0554407933,74481.33456651334,3.635367935022604
128,200,155540.57341216106,60040.30731987671,2.590602552773217
2048,600,138325.09950653024,50265.19690701414,2.751906050669981
8192,500,123246.16387122175,34006.78819154014,3.6241635986629777
512,300,105194.58466182006,24111.71881778852,4.362799079434035
512,600,326173.8843542323,94447.6501421378,3.4534886136749936
4096,300,325969.4857822757,112569.83265804852,2.895709073073491
2048,200,35954.745611864695,12653.47289062971,2.84149228616045
512,800,188548.70716202658,66646.61187663602,2.8290816570095623
128,500,693018.8428422112,253115.47456998134,2.7379552515292995
4096,600,229447.67470625893,71456.619906994,3.2110065520157796
8192,400,217687.3316948463,56844.504840111076,3.829522876611285
256,100,127837.87186348093,47410.329663996534,2.696413899027603
2048,1000,172528.34493108225,41036.23401408571,4.204292842073709
2048,500,377899.3763051013,102237.81420332319,3.6962779305273714
2048,1000,581316.1477572271,186143.3911687721,3.1229480891436032
1024,600,93323.11673578696,25425.24871719152,3.6704898258354364
1024,800,466978.2896188865,163828.9339260643,2.8504018089358563
128,200,181353.84500977516,50493.626094343745,3.591618567280718
512,100,42941.882376017165,16101.63022849706,2.66692761954113
4096,900,268744.7487472569,97276.29608484646,2.7626951226931173
8192,900,518467.9788972172,174543.99859779057,2.970414239746769
8192,300,97541.64923247264,29182.503094384378,3.3424702780633884
4096,1000,370579.23438358627,111109.49416957432,3.3352616457600965
128,200,103111.9956376071,31673.672766490905,3.255448030854642
4096,200,101714.4435854716,34702.92658399461,2.93100477676668
8192,600,360698.3705313502,88619.85145344147,4.070175751996736
4096,800,216131.13005110747,73651.67654654282,2.9345038726243713
2048,500,125838.63963440183,34737.72064133729,3.622535886383288
128,300,118623.40183391636,45007.6355113429,2.635628388076967
128,100,62108.92479548234,21221.25277948328,2.9267322453050126
128,400,172524.69075241784,50394.41325747465,3.423488430571785
4096,1000,137969.44745326805,48747.66573635519,2.830278032171964
2048,800,186993.34588782504,65485.35111688879,2.855498866518242
2048,100,59324.74031054595,22142.388512887606,2.6792385237038445
128,900,226403.2159621644,107296.26736457921,2.1100754156980575
8192,700,161076.58060613283,55097.75917161366,2.9234688130315
1024,700,260448.58126000056,77611.39331459909,3.3558034476235705
512,700,88895.9695396463,30043.338927871162,2.9589244309053027
8192,1000,1687317.7452019618,594123.6410518169,2.8400111165662256
8192,1000,276868.57631603186,92756.94828493604,2.9848823342649364
1024,100,58086.02326752452,20880.261588422458,2.7818628143879027
8192,1000,615425.0033187129,217060.7610016852,2.835266035549995
4096,900,222519.0829014689,79036.30171917535,2.8154035305460474
8192,600,440337.3837115922,147931.95047990262,2.9766212253884565
8192,1000,121011.7317845005,40918.42390527257,2.9573898560865013
2048,100,109513.60989916873,36009.56108391144,3.0412370104699185
512,800,115488.6336290133,41133.52440023117,2.807652281513817
2048,200,62560.434944367444,22527.539467295755,2.7770647138445477
2048,600,206575.94362220008,52514.09455749124,3.933723800494083
1024,100,69980.26177004712,21207.98779051644,3.2997124697204954
256,700,174122.82585860157,61572.56259002922,2.8279288458070155
128,1000,223272.23414381262,118514.74706755942,1.883919424951699
1024,800,202938.73401108832,58330.64729665371,3.4791099261936433
1024,800,190984.92852860442,69119.67131146269,2.763105276759784
1024,1000,236732.80822080962,80146.5687229894,2.953748513414583
8192,600,284296.4793845795,84911.06049106766,3.348167809239486
4096,200,91801.82098190191,33587.36450215761,2.733224899977034
1024,700,209455.86240257093,65373.77817459692,3.2039736458732277
8192,800,336257.3440821332,113903.40354683883,2.9521272728594017
128,1000,301762.6879244787,114759.30901984677,2.6295268811028754
2048,1000,252205.18156738253,70808.53547371653,3.5617906779190305
1024,1000,302982.55513378297,85399.97673139501,3.5478060619002436
2048,900,192691.55747326958,62122.524010291076,3.1017985914633592
512,600,157847.7672819304,41819.19699061202,3.774528892014966
1024,700,104843.14507256376,36022.205004696705,2.9105143635403197
1024,100,87003.56991081368,33212.05639475801,2.6196381481679585
4096,100,148122.38420145735,54461.868961599546,2.719744787052695
128,700,296641.8118147482,87030.90404794872,3.4084652464521876
128,300,82317.02355615223,36061.13127075538,2.2827077425302282
2048,1000,122644.59751361434,43331.913764574194,2.8303526629345845
256,500,128227.10334200363,35358.4879143905,3.626487186116821
128,500,135307.97510292422,59540.26409032341,2.2725457666371804
2048,400,129282.0345782931,42668.98421079895,3.0298831099328942
128,900,299332.40534359956,109433.5624577617,2.735288869528793
128,300,114083.30448815976,39356.74427840015,2.8986977093725512
4096,200,87485.52845346852,29955.14266930692,2.92055121951094
128,500,355844.0972738704,103230.19362385968,3.447093188359804
256,200,100456.04626760235,30740.577879803866,3.267864600996996
1024,300,140070.1684783658,50052.420972495536,2.7984693998185666
2048,200,118301.93119651654,41622.292262618,2.8422733291593936
4096,500,391069.0370350195,139026.15742020504,2.8129169667907714
8192,100,53211.72155930293,18587.00120410456,2.8628459736448617
4096,700,281030.6527553874,66401.40119224958,4.232300037490617
1024,500,145667.37774992982,51556.79794042655,2.825376741167038
2048,1000,133644.16268049818,48061.693636227064,2.7806794261566
8192,1000,443312.46194111544,152180.5493602882,2.9130691392864607
2048,1000,174426.40780694957,63377.48507506607,2.752182539278011
8192,400,197248.22480585548,66043.58447489416,2.986637178677628
128,700,161805.07848422218,80058.73659126465,2.021079589480769
128,1000,1160362.3445472056,433656.1726002424,2.675765774506485
2048,900,190112.97108265202,61913.30626049231,3.0706318651886564
4096,200,83532.16206022189,27777.016549631757,3.0072402452209825
2048,300,275740.8317366617,88389.16350127902,3.1196225964133224
128,100,154152.99388759732,54856.11162168177,2.8101334442135095
128,1000,462528.76940993336,133265.43601557915,3.4707331716219523
4096,300,117834.93996688278,40904.58886479182,2.8807266675233087
256,200,72291.40316471805,24965.579774245634,2.8956428738455937
4096,400,180947.13809442235,63220.3046379777,2.8621680823999665
2048,200,100371.15382584286,33705.039523403946,2.977927195609654
256,1000,773165.5420862089,275889.8750121948,2.802442612480917
4096,600,116461.320448935,41495.82519943877,2.8065792134315752
256,500,282948.90538534225,68455.21386786921,4.133343384646846
256,400,218548.09348099833,59074.844564556515,3.6995119511854275
512,500,391724.1914165763,140795.03198073205,2.782230210155314
2048,900,248524.73001312587,68899.88456665813,3.6070413118426523
8192,300,385408.91680067754,134426.74428370426,2.867055353116949
512,900,564311.566585182,203255.11762460766,2.776370765863865
2048,600,133485.0100958003,44565.37639963274,2.99526271019895
256,700,295901.6610744523,91529.91776736967,3.232840892816151
128,300,162695.74386537288,48504.48423274269,3.354241292097814
128,300,93368.82782669111,35017.52520551622,2.666345702008175
1024,700,215947.87621993414,74644.65643978806,2.8930118580440918
256,800,199544.1346262887,54094.28604752221,3.688820931123627
1024,1000,110100.869322669,38617.14510172746,2.8510877495639586
4096,900,180820.79492603644,62100.064781262285,2.911764996750797
512,600,155592.70501079597,43441.5061252218,3.5816600041972313
2048,700,460494.94450032536,161072.35282367095,2.8589322526655967
256,400,173455.92436306845,57659.06193290379,3.0083029197546463
2048,500,263103.9139181829,93483.34473025288,2.8144469442912197
128,800,207441.23003688408,97648.19890207484,2.1243733358043158
512,200,75206.07990044879,21008.09746191717,3.579861528954731
128,900,340114.73627065064,120641.51190463375,2.819218119046029
512,300,124877.26258333278,43175.05575649103,2.8923474537623144
8192,400,116178.73473020531,41606.18644279763,2.7923427899342306
8192,500,135787.03612273658,42838.649147952376,3.169731978563731
128,400,190386.28876592047,52214.952048342944,3.6462025013381667
512,400,395214.7015905176,143530.23617059793,2.7535292363120702
8192,700,142809.74911754119,49093.90452489389,2.9089099858644794
8192,400,204160.2663600921,67983.31925252365,3.0030935324257992
1024,600,167328.70557847957,52102.623525388204,3.211521690399041
512,700,104912.4365178278,36260.498303880806,2.893298256372816
4096,400,163955.99377400384,53677.90002828974,3.0544412819352935
8192,300,138632.63471992686,46505.060024839695,2.9810225950870546
512,200,75567.73184202005,28346.010005815035,2.665903660745118
2048,500,589477.8977339754,209404.91397304146,2.8150146362365884
128,400,156787.65368084086,59222.677498968354,2.6474259574564503
2048,400,86379.27222354685,32065.95222422041,2.693800315660107
4096,400,125863.66973222059,45558.52739847821,2.7626808178269786
8192,800,197189.05847507,58003.614134907264,3.3995995148929743
1024,900,268778.8376825134,97683.68369178884,2.7515223374515982
512,700,300845.3918778983,87044.25929154124,3.456234728476043
256,1000,378854.21611208975,117962.59942855392,3.2116468944171523
256,700,260726.49302063725,78794.09054059889,3.308959989661879
256,500,384728.408069897,106790.77677264703,3.6026370412958713
8192,700,229729.37643016543,62218.1646853655,3.6923200417739213
128,500,126534.8304579143,58507.64553511288,2.1627059045125216
2048,900,282768.00948982657,89687.53677484854,3.1528127503343852
128,200,125018.85272963,45955.61932718424,2.7204258055919026
4096,400,173927.8182604321,64357.49024554013,2.702526428498896
2048,400,84549.87654713947,25170.327772017878,3.3591090792681086
2048,100,74792.82159922548,28552.74869818188,2.6194613481814444
256,300,124609.35821402696,36433.16718973165,3.420217560694173
1024,800,156241.48362784513,55808.93110346344,2.799578500046724
128,900,443606.90276098,149366.22570343033,2.969927777660865
1024,900,265136.89376132126,95026.63949624964,2.790132274137562
2048,400,217551.3054931537,58389.33677677682,3.72587389243442
8192,900,187266.61720793374,63752.69376969122,2.9373914439512276
256,500,269241.82744381437,89207.63682998554,3.0181477394916665
512,100,12557.606932386654,4328.569975217943,2.9010982851800566
2048,400,67739.36439374668,24300.177747967304,2.7876077737502576
128,700,965174.0558952389,353412.1924421842,2.7310151617169653
2048,400,274547.4702370426,88732.91687839403,3.094088190668883
4096,1000,1102075.178545453,386071.47327980405,2.8545884760222298
4096,800,336279.866884433,114000.34180152354,2.9498145494151395
128,1000,698407.4478859032,249927.3451774492,2.794441910268089
128,1000,615287.4350854004,147764.26282835662,4.163979999684497
128,600,165017.2858118615,67837.41368004146,2.432540936630836
1024,400,151780.25606246875,55996.63409946781,2.7105246324780663
512,600,482507.62840718194,122850.25813623035,3.927607770039218
128,700,693824.2691104955,188608.66401977988,3.678644736265839
256,1000,1067776.1668378243,371124.7677284433,2.8771352916524546
4096,700,493294.9825937076,145036.31470502613,3.4011825493288876
8192,700,164340.39238168029,56419.31919593585,2.9128389835926716
512,400,241269.8073056001,77408.52936214146,3.116837502193899
256,400,327093.4616519381,115642.38356796416,2.8284911773692563
8192,600,495381.16919054853,160143.11588582143,3.09336537165759
8192,900,822314.2144471038,287479.8079991563,2.8604242509077964
4096,800,232900.0633381532,69412.80529335505,3.3552895946772656
512,500,303261.88289869943,86030.55730520321,3.5250484525265056
8192,800,432422.1079435944,148603.37174093782,2.9099077825598836
2048,200,60620.86183132842,22033.946928467336,2.751248427171607
1024,200,77514.43231851199,26475.276122665215,2.927804490475273
8192,500,143283.01113515443,40311.48463667873,3.5543967786486252
256,500,184586.25634889732,39414.57005197484,4.683198525456166
1024,100,110802.75760582188,40032.659209295554,2.767809078745725
1024,300,86358.10959740938,30793.876435997583,2.8043922880867975
512,900,1161697.5248236656,337507.04085377266,3.4419949340463667
256,100,106140.05807411033,38444.170849535076,2.7608882108428654
128,700,196220.22093650978,97654.43951026569,2.009332314235264
128,1000,688403.7276423845,252421.36691300521,2.727200696443565
2048,700,113960.20617894981,40157.168139067406,2.837854646131837
2048,800,441595.63857821416,129250.2100774949,3.4165951321351464
8192,1000,628048.606753975,129989.63690302538,4.831528279615941
2048,700,140784.11519088977,46085.28628063976,3.0548603806771317
256,1000,278261.69851882226,94456.4510313677,2.9459258259281342
4096,700,175945.77735869787,46743.51996066081,3.7640677789514623
128,200,50758.73811381773,18473.245593016192,2.747689238376556
8192,800,281456.1304630869,89339.93559589019,3.150395493188988
2048,1000,196194.57057091326,71564.52841553609,2.741505811813901
1024,700,119540.66476387628,28750.615749685116,4.157847115506927
512,900,343993.216581124,91945.85782138453,3.7412584398241258
128,300,116891.31758458623,38162.0954646318,3.0630214657085535
4096,900,166904.27250751745,59871.38519149271,2.787713562558986
4096,200,138857.58358916373,49379.87132482686,2.81202805644716
256,900,772083.1707617227,272591.03824391356,2.832386478057526
1024,500,346022.32924897945,98724.72664549941,3.504920611140063
256,900,540737.7888726426,198702.34125964408,2.721345835407451
1024,700,407189.0302249881,141625.82650183098,2.875104352663558
128,700,236318.02514673982,83003.72790694215,2.84707724708079
1024,900,147680.40966770845,51222.124598523835,2.8831371370324694
256,300,110698.4712498131,37117.846473465084,2.982351665497338
1024,700,522989.9561975456,123706.87813287329,4.227654630778114
1024,800,333122.875771975,107601.71209980687,3.095888246303963
256,300,85253.23512130011,29689.086327454082,2.8715344817622346
1024,800,125609.16687153967,37267.751414926155,3.3704519887194424
2048,700,92771.42093976201,32457.00781780014,2.8582863047802
1024,200,96511.07137879558,20902.52376236325,4.617197065579798
8192,900,242941.95097104902,83647.85040139803,2.904341830725499
256,300,314613.10744271363,111027.59974134572,2.8336477432246463
512,100,70062.74090549782,24814.720098888934,2.823434664033742
2048,700,186083.4249900298,67540.68283769223,2.75513093992859
1024,800,358434.8023254241,85500.40690778324,4.192199958907976
128,700,355828.7363457488,100907.3115413787,3.5262929009840422
128,100,53273.196755642275,21494.514216197193,2.4784554896103796
1024,900,962379.1092450746,320958.5163021913,2.9984532591089375
2048,300,105834.99754346159,36890.090878800176,2.8689275364263835
2048,900,518578.0921994273,174891.5757525379,2.965140487573782
512,800,244470.06467875012,77715.89252368681,3.1456894689106063
512,400,133207.16342827416,47801.488008989734,2.786673992307995
1024,500,139169.79927248412,50519.457310624246,2.754776212594364
2048,400,171580.68831385122,59432.502626653106,2.8869840698396594
512,800,228382.05848888558,49553.02954471504,4.60884148935437
2048,300,153220.99114396455,51222.569372482954,2.9912789034412577
512,400,158048.63969129755,50033.43716073569,3.158860327415763
1024,1000,1176630.3393546117,416251.7463152748,2.8267276948873525
1024,700,273117.1504939764,87211.33334309078,3.1316703921900744
2048,200,76065.63204604841,27018.322017385482,2.8153351639344018
128,600,354394.52593337616,133081.68265043938,2.6629850094715954
256,200,182118.4299649606,62099.829092908214,2.932671999668329
256,300,144527.58456718197,36491.496829709686,3.960582522597821
8192,400,298798.8703749751,88650.28112064465,3.3705349447041018
2048,900,197237.62634119982,69964.953848744,2.819091780830791
2048,800,213207.85872725095,68517.72669542223,3.111718222570506
8192,1000,209641.62231510316,75865.77577617505,2.7633227258309954
4096,100,70062.74090549782,24532.76614188892,2.855884269237292
128,800,534228.1367819508,158452.73359865765,3.371529948704379
256,400,118307.2812184683,33653.485663164014,3.515454012775964
256,500,91320.51351985207,33156.859648941274,2.7541967027859955
8192,300,166685.08025010774,58071.471110720566,2.8703436827405606
8192,300,308626.5826967734,107726.9139262276,2.8648976513717246
4096,800,269566.9946858863,68343.28498088372,3.9443084241749107
256,400,102279.53985508162,35858.20505265218,2.8523329515490268
8192,900,204239.40701047544,73377.520108252,2.783405690314502
128,300,132849.12991440907,39983.32086521501,3.322613705906208
1024,500,337635.16324989905,86515.89874078294,3.9025793890382414
256,200,87806.2354132957,32046.193337824792,2.7399895671744625
1024,200,119866.5399485309,43107.91686212757,2.7806154570609642
128,200,81230.28018764612,29191.23879186256,2.782693833818732
8192,400,143010.2868580275,36397.930118433396,3.929077461072471
512,600,194759.80935516823,67269.34945411752,2.895223618715211
2048,900,272691.50276495586,82904.71088729052,3.289216014946143
2048,900,570116.3803757263,142980.70076232674,3.9873659685261758
1024,500,113245.80726323705,38170.92417670181,2.966808106059908
256,1000,683513.4359992427,242654.66336819905,2.8168155786154987
256,600,166970.69910971075,46790.70387729099,3.568458802149949
8192,600,203756.6982000708,59744.38146305444,3.4104746456547166
8192,700,286965.4541301861,99429.23676280367,2.886127496027803
512,200,47322.26988115384,16533.01353799436,2.8622894291112138
128,300,97403.46658525892,34381.62665711036,2.8330092568530407
256,800,112993.46561238162,47446.796352278296,2.3814772397579573
2048,700,119741.45985125078,43772.72282483471,2.7355268789291483
1024,700,182330.28590068928,52547.236199896965,3.469835886459939
8192,300,78833.3032361438,30204.690107881754,2.6099689470269607
2048,1000,276868.57631603186,92921.41629265525,2.9795991856606716
512,700,115360.5682462847,41116.05978836402,2.8057301414600073
8192,800,202702.91069869144,58069.36721056455,3.490702937465689
512,800,155898.59136067113,54194.28811204028,2.8766609322069003
1024,600,251395.02100021823,84863.75272313808,2.9623368391494127
256,200,71914.50995635797,21539.986782643522,3.3386515359566147
8192,700,148875.42018442723,46499.807562268594,3.2016351892438677
256,800,369061.13503625017,108262.39433710498,3.4089504236076285
1024,100,103064.0931550909,37728.19861438061,2.731752295107104
1024,300,105885.97105396284,36974.25329648651,2.8637757794563683
8192,800,145760.93670735531,46833.72399498413,3.112307206724928
4096,200,364303.58762563945,128455.07587072687,2.836038865387173
2048,700,188469.7690046176,55893.73009184422,3.3719304239478256
1024,200,79012.62041182657,28381.741463708036,2.783924323772051
128,600,205736.989377631,72848.77070877024,2.824165560735569
512,600,362685.2835347585,90169.60742991473,4.0222564328746735
2048,900,534448.4241185407,133610.9631108938,4.000034216316229
512,900,400499.80793208804,127345.81108039568,3.144978264571619
8192,1000,258410.44022582556,78832.83726044853,3.277954329768535
256,300,106064.37834071722,37479.227802604495,2.82995100377566
512,400,116247.81467499098,42004.26775017883,2.767523894628447
8192,800,535703.6013572133,161412.785793903,3.3188424245475625
128,800,288062.29426987557,97364.40382177394,2.9585996828694716
128,100,44056.3010372728,15273.252584890693,2.884539543388171
4096,1000,491638.1299009211,136115.48474894473,3.611919178833418
512,300,146029.53582177253,37371.90252391701,3.907468605011949
4096,500,267141.8339707241,87256.9188585018,3.0615547450618625
512,1000,1185149.7859770455,423127.3894128863,2.8009290242863014
4096,400,89053.76576915494,31579.073678484558,2.8200246364360275
512,200,72570.08229581057,23096.097696600515,3.142092800659224
4096,600,155989.78246921222,56298.14497213727,2.770780148198732
2048,900,114407.65970507533,40795.631939715175,2.804409547427496
4096,700,349162.48394569755,98922.61063555247,3.5296529448870984
256,400,344785.2004000045,125668.96183340531,2.7435987006646356
2048,400,121441.21650822977,36833.20774008487,3.2970578442470986
2048,100,30155.11137123549,10180.220731062058,2.962127459498566
128,1000,453361.35185119114,156757.56450499504,2.8921178590826147
256,600,94386.63304505717,33581.57191906532,2.810667507540673
2048,500,139169.79927248412,50410.2817682419,2.7607423404675364
512,400,281046.7293412925,87582.77383884622,3.208927018667201
1024,1000,629503.5148846804,131384.11220466706,4.79132144915707
4096,800,296511.2321361307,105636.5648009827,2.8068996061614864
4096,300,79092.18165151236,24372.895781103678,3.2450875908160484
2048,300,78842.73477906786,30249.996951988345,2.60637166027501
512,400,155795.39523280144,57457.86312448981,2.711472142555159
256,200,87606.16752230021,33787.86890678461,2.5928290347044904
8192,400,133207.16342827416,47486.545457664375,2.805155905624514
4096,1000,307664.28428912384,107671.69029516692,2.8574296869093923
512,100,55901.940444813416,19624.09282959512,2.8486381984754794
4096,200,90974.9714350349,25588.8552799911,3.5552575697347306
512,200,219306.72612280736,68968.2753748046,3.17982035843286
512,1000,441113.4630791693,125472.49587679592,3.5156187816038016
8192,500,122341.42876251924,35906.47308310363,3.4072248889320456
128,700,167819.12064429838,84366.35857819415,1.9891710804224985
8192,600,149000.08684916483,51605.91974697675,2.8872673441285532
1024,800,135873.2343128478,40691.58848042725,3.3390988011736913
1024,100,83145.10019259133,29949.660287541967,2.7761617124978493
2048,1000,473620.5520415002,144736.3339148082,3.2722989399487847
1024,300,327167.53351084236,112940.46682068823,2.896814071348538
2048,300,210597.48013420665,71956.18664862089,2.9267459817264085
8192,400,166368.0938442567,58402.18695491332,2.848662053917492
256,500,265270.88958268624,92391.67103597312,2.871155880267625
128,200,188980.5713811306,70197.34463110403,2.692132763343792
1024,500,324059.61517898936,113400.55311449726,2.8576546258270517
256,600,251858.64092912746,75529.50815050988,3.3345727662788605
4096,400,200587.50350101935,49581.84816555354,4.045583432696149
128,500,247372.75758586562,76779.36590571314,3.2218650762191126
256,100,69835.6303797497,21983.65099314314,3.1767075633402264
256,200,91801.82098190191,34066.44972158685,2.694786857220697
8192,900,310233.78790120303,93609.5407561437,3.3141257332879506
256,500,302278.03031006636,97714.73167047238,3.0934744960406957
4096,900,182505.1549266833,56406.38672201878,3.2355406104295032
1024,1000,102403.79785917819,34521.97724283392,2.9663364047444643
2048,600,381796.432200198,126162.02460605148,3.026238944661679
1024,900,355904.7922281746,117796.48203003765,3.0213533213786494
1024,400,109133.37017442036,35417.13644567608,3.0813719325336355
128,200,138667.78556752915,49550.597225714395,2.79850886430017
2048,400,151186.26449970267,41047.89911254656,3.683166928596635
2048,800,145762.00748652202,46904.488942816286,3.1076344881239
128,900,442778.9929839645,126837.66098671831,3.4909110554343137
8192,600,346386.46828275576,122335.43651839571,2.8314483369720045
128,700,131267.99359041994,81043.3533172761,1.6197255939857242
1024,600,156771.87600305115,50672.250334260476,3.0938408096917436
2048,300,241068.06363376888,58052.336132726756,4.152598839133844
8192,900,272658.79102482303,82738.50381520813,3.29542810725453
4096,900,355866.0485014234,117176.79481012255,3.0370010468205875
4096,800,143581.3895637477,49913.710597319616,2.876592179693771
128,700,191005.55308626738,72804.41898909131,2.6235434021509985
128,400,171572.18364187898,51922.942566058635,3.3043617168575787
2048,200,180421.14443850124,60474.43679577299,2.983428271482674
1024,600,241480.56204222812,87959.86561730562,2.7453493743710102
128,300,96517.91981596971,33764.75863534988,2.858540197438896
128,900,183655.61954237323,105523.65052388472,1.740421399663422
1024,600,134813.13805033523,44659.388692452354,3.0186964487742594
256,300,148820.83043851808,42533.040330698066,3.4989464491939266
4096,200,111475.39555440292,36308.61704382817,3.070218714743138
1024,800,198965.5788434194,52787.042678911675,3.76921245718707
4096,100,38679.71401669256,13656.053678083988,2.832422523262922
128,400,227771.57255845406,61952.60358704614,3.676545606972352
256,400,263862.2002652129,87047.72589089106,3.0312359980081256
128,700,438844.0624109792,106202.386821974,4.132148773140185
1024,500,302792.1211438042,85195.20001328425,3.55409836583036
4096,800,343383.95204897376,104968.21922749652,3.27131349446599
2048,100,70062.74090549782,24573.045278603204,2.8512030198595055
8192,200,77514.04319360717,26333.609866803625,2.9435403496017476
128,100,45810.409873624245,16644.296861294704,2.752318722466045
512,800,145765.91438348164,47187.54873414491,3.089075789987061
1024,700,404333.090911698,125187.67546269397,3.22981547039101
4096,100,89558.55634888583,30112.015246356947,2.9741800944299444
512,300,327810.64048580953,114260.23915271426,2.8689826217471412
4096,200,76065.63204604841,26987.990151324084,2.818499325794236
1024,400,217558.4675271524,58521.68555589176,3.71757008467179
1024,400,171998.35867549083,38493.05387533014,4.468296000430433
4096,700,532723.1787922882,184813.77084588126,2.8824863880762077
8192,1000,126127.76922590396,39649.89963564164,3.1810362796612632
128,400,103884.59089412341,44766.77748087496,2.320573352381785
128,300,113124.66941281447,31178.092564262402,3.6283383654612202
256,600,348167.1331327748,112000.7551504031,3.108614157692326
256,400,115953.30579000764,39749.835279202234,2.917076384733506
8192,400,109133.37017442036,35290.91001805836,3.0923932003617023
8192,300,62011.755326904546,15836.270376217375,3.915805543458811
4096,400,211285.727208083,70803.73803262875,2.984104131772187
8192,200,173027.9085953319,50793.10131812073,3.4065238015620674
256,200,108279.96400962237,26445.01249438103,4.094532533597004
8192,500,247777.39412014937,60201.68467375821,4.1157883780643605
512,1000,421088.06396016694,126596.34473591344,3.3262260836881077
1024,100,76268.8232112628,25507.764619988688,2.9900237965774608
128,500,185601.52793158294,65960.00138039459,2.813849667182536
4096,200,60964.59126635182,20549.780780359943,2.966678424356602
8192,900,271414.8994710214,92861.4701047855,2.922793481136525
512,600,346978.8831977817,110469.68987709572,3.1409419505369924
2048,700,407000.50407118845,121731.27705290983,3.343434110974519
128,200,91888.33196197607,30389.288426301457,3.0237079155314524
2048,300,102820.17810059762,32878.61549635522,3.1272660526717075
128,500,400674.2525931025,98454.77186746601,4.0696275558128
4096,900,671032.2841286208,212138.7154964969,3.163176898465295
4096,900,338684.57344568794,116811.78173220533,2.899404224670872
512,300,190485.68586179288,60847.63152910381,3.130535750938512
128,500,154872.1814517566,62082.49517400644,2.494619151786293
256,800,470352.8907476318,167351.11182094782,2.810575236876056
4096,500,164386.01257249038,49948.40245750224,3.291116521941927
8192,400,179793.67573354952,62719.23001239291,2.866643542945656
1024,800,363198.66666286835,106291.70299879521,3.416999223984445
512,1000,169151.4575183578,60904.48610802627,2.777323450662303
128,900,267120.7400620042,98276.93251912572,2.718041082631671
128,100,90683.17584189579,22611.811772883277,4.010433872028141
2048,200,56294.05138558778,20637.04520517809,2.7278154806514117
512,300,97864.88394996835,29845.96576160934,3.2789987340885878
4096,900,272672.0959108608,82793.90617256892,3.29338363795187
8192,300,290161.05843357625,70498.40280997702,4.115852939472727
2048,300,106778.4334882651,36570.36131791679,2.919807998614209
2048,600,96917.85773037249,36015.17930638649,2.6910280497530734
512,100,72544.42207719518,26337.427059410064,2.754423274283958
256,400,79123.73230447814,27515.142112125257,2.8756432360787345
128,1000,321618.36977613356,114859.14467036695,2.8001111335030635
8192,600,170443.71403040376,59234.86589688568,2.87742213052541
2048,1000,160593.0674512377,54443.24424942433,2.9497336109417427
8192,900,765642.889028865,265624.7539023904,2.8824229586306442
256,1000,330256.48305884766,115290.31787463636,2.8645639039521065
8192,100,76265.70508869906,25420.922782743324,3.000115524542291
128,1000,229158.48035039968,119286.35685419329,1.9210787083597989
8192,200,85181.8492120328,25605.165505158675,3.326744722461224
2048,500,426750.9735192189,146468.2748569608,2.9136068813262046
1024,700,569741.4117951194,185661.916745595,3.0687037050027497
2048,100,58228.26232414469,21049.77462938154,2.766217850278974
128,1000,320745.15335603064,109528.88859705196,2.9284069021829158
1024,200,81835.17267162321,27015.8166436223,3.0291578356170947
4096,600,263284.7442958888,80220.12446145037,3.2820286189210517
512,300,154571.20456371128,45913.103933716135,3.3666032422217143
256,300,146123.07098136144,37659.431554846815,3.8801188692545523
8192,700,406345.6380204324,121006.12594633322,3.358058402767547
128,200,167245.57961781838,49280.31765321057,3.3937601781453304
128,500,152033.17311951637,59620.48515455305,2.550015698889462
1024,300,93612.57048635147,30906.468477812086,3.028898968303558
8192,1000,661197.5562278697,232924.68675067252,2.8386753051025004
1024,100,87150.92525959494,33600.124238254924,2.5937679468568913
512,1000,205660.0032694984,57903.706722017756,3.5517588581474464
8192,600,120753.01109571582,44992.30341341965,2.683859281134279
2048,900,747261.4706417364,239395.88503124096,3.121446596896264
128,600,173592.75234533864,64781.918301211816,2.67964822434243
2048,100,98959.87644517713,37123.179833120965,2.6657165924371062
8192,500,124442.81110454787,38611.89650843252,3.222913722390471
8192,100,103024.94108055125,37519.373379127224,2.7459131590365544
4096,500,109113.34349099977,36783.058235269484,2.966402162460116
1024,600,120812.92371245711,45149.33083087896,2.6758519227006925
2048,900,139986.04919078771,49940.48044438356,2.8030577188115724
512,900,415630.3701167991,131232.0275884347,3.1671412669191135
512,900,125459.74334627214,44574.09087554049,2.814633812646456
1024,600,166391.95816092927,45750.68957447886,3.6369278738423167
512,100,47696.57876296156,17042.361865500796,2.7987070770698
256,600,469862.1477187724,92665.8158205032,5.0705013877923575
128,800,286915.4070019629,92812.227955092,3.0913535136856036
256,1000,560817.059534991,172214.76043654312,3.25649821254223
128,300,84052.40936657786,35572.315455000964,2.3628602268779577
8192,1000,366407.4677209919,95631.5478931527,3.83144972337342
8192,300,215702.32278754195,76397.32127257086,2.823427826977831
1024,300,79037.65662252865,30310.406077463795,2.6076079753116286
8192,800,834098.3870932652,257545.91031093788,3.2386396122005956
512,100,87020.83817413794,33387.0333173869,2.6064261938727054
2048,100,132161.65933579014,36469.62574008183,3.623883071290701
1024,600,149003.26299291666,51796.13485958143,2.8767255200964774
256,300,215184.5946600621,78913.21787179852,2.726851096221275
128,1000,345463.8320062433,117822.86237593276,2.9320611046096086
2048,900,397648.79147966695,92822.15497536311,4.2839857745730106
2048,200,182660.06585072496,63586.376463599685,2.872628949933789
512,100,76271.73257063495,25607.012433983386,2.978548659952763
1024,300,290345.1844071393,71090.67620702914,4.084152801720449
128,400,309413.29447376746,112397.13389618693,2.7528575128930783
2048,1000,260210.20363615776,61768.02774248738,4.212700536934436
1024,500,159032.9534745764,56633.02921470252,2.8081307971654432
4096,1000,1173131.072323033,411106.86878239847,2.853591514531417
128,600,201727.55766454694,69164.13647952555,2.916649696396683
1024,300,138693.71847440008,46727.21827016225,2.9681569673699837
2048,800,259045.53448281216,86046.72307365466,3.0105217866469265
2048,600,1440491.9380647985,507720.37876543467,2.8371757335553034
4096,400,129281.27718421324,42610.39720637375,3.034031261386014
1024,100,89688.42103144492,30390.284377228334,2.9512201964996785
8192,300,286473.66143459943,98554.33931371769,2.9067584789209318
256,700,150721.36006583093,51977.90262439922,2.8997199281965647
512,400,111415.72149474762,37204.030187196215,2.994721833471993
256,200,180370.09111946184,49442.09051923173,3.648108104354981
4096,300,78836.42063319529,30219.792389250615,2.608767777677981
1024,700,92771.42093976201,32515.966188398343,2.8531036230706484
1024,200,100190.13343157561,30190.486895646347,3.318599457434509
512,100,43306.77040912327,14424.377517858551,3.0023320143629055
2048,200,133000.14065774725,46837.16340284668,2.839628427405229
1024,900,176682.04776272993,62514.166146430616,2.826272166037969
8192,400,809845.0531970789,282212.5761674707,2.8696277968721713
256,500,222358.8015873149,75600.1656836679,2.941247543262351
4096,500,82710.47929078504,26145.461812893736,3.1634736415325446
1024,200,71238.65398169355,22791.60732309358,3.125652920033904
128,800,644961.4952553096,237180.54124166243,2.719285030208952
1024,400,86380.93332215844,32158.042781654378,2.6861377699092217
4096,600,344927.01261559274,125586.02149454286,2.7465398498238196
256,400,129307.55967414839,43489.2022727518,2.9733256283518026
8192,800,138814.47517080518,47686.12652509306,2.9110033732297214
256,900,1169267.624668374,343820.25913173653,3.4008107248280646
1024,500,164407.508200041,50101.82887405337,3.2814672017927875
4096,700,140784.11519088977,46042.371477202934,3.057707730380407
2048,300,91874.62135824685,33932.02103593418,2.7076082871972513
128,400,203218.4569757286,59849.299810246564,3.39550266452635
128,500,159034.64417366876,60922.8209824693,2.6104281057410557
512,200,82046.4333771006,29867.074651031475,2.747052877984724
128,300,246187.37683544093,61169.2481102475,4.024691890796642
512,700,493723.5716951231,147143.0555334004,3.3553983903987334
4096,700,346590.71396993345,121946.08077930051,2.8421636165347333
2048,400,157253.3759422399,47179.063768638705,3.333117772607662
8192,400,356486.4906051596,125547.26372835398,2.8394604551198164
8192,500,262653.3300244809,89663.19947731083,2.9293325640353154
256,900,156916.4769435528,52393.67892599474,2.9949505390754276
512,800,142788.00553401303,40920.26827468737,3.48942007358098
512,900,581089.5966339568,143345.24080608017,4.053776695802998
2048,700,339526.2400965084,115509.75544850226,2.939372858839438
256,600,244321.81673966738,90831.04944903134,2.6898491013996857
1024,200,91771.1405431167,29211.5994410747,3.1415993064069077
8192,100,47780.872186968605,15098.571716162805,3.1645955051377386
512,300,141100.15618054057,35603.342115856474,3.9631154772321087
512,600,204768.70915452077,58696.80951314345,3.4885832952925444
512,200,143410.7219843553,39421.25759548457,3.6379032717815174
8192,500,278441.43907154055,63681.41641111079,4.372412781681778
2048,100,25983.311257212677,9133.892705604358,2.8447138689586184
8192,300,85693.77115697028,25225.036160387826,3.397171390046989
8192,200,182619.00859627957,64611.7479158447,2.8264056380913356
8192,900,385510.7367020902,132141.347879209,2.9174118691031308
4096,1000,794438.8266954198,268387.839689966,2.9600403193122795
256,300,129799.60239615358,38815.76325441669,3.3439920154445035
2048,600,194759.80935516823,66795.65269776552,2.9157557638729896
512,500,212400.50557734576,76213.46890328245,2.7869156021081967
128,200,188199.33112813576,71292.92688163197,2.6398036854427946
2048,900,180820.79492603644,62181.83487243323,2.907935979968948
2048,200,69246.98899255272,23554.90866004437,2.9398113994818726
2048,400,256701.67828803667,85886.29064492848,2.9888551055172936
128,1000,390287.0635018054,126747.76651454996,3.0792421376277472
1024,400,105482.96318741317,31219.377219992457,3.3787657724274958
8192,700,521878.1417470997,121931.19666189529,4.280103501273943
512,100,162389.4062433095,57766.58148760503,2.8111306236487854
2048,700,445156.96610256634,113418.33678354556,3.924911779936704
4096,100,42923.482117566324,15943.352460597747,2.692249464072692
256,1000,669196.443013062,242442.0499548191,2.7602325716094707
128,600,503552.8784958709,128841.80891373742,3.9083033895698502
256,700,163172.1026709068,55882.88191519223,2.9198941979860047
512,800,205670.0823318987,53749.80587503467,3.8264339560606095
2048,900,143835.21444379326,37957.87120531904,3.789338281532438
8192,800,156241.48362784513,55623.98651009604,2.8088868387649004
128,300,95164.6831151759,32248.612504742956,2.950969847188916
512,500,149218.2925639452,51734.15737372828,2.8843282685748637
128,700,443918.48305316654,136238.67384537274,3.2583881692580343
128,700,458633.7358562409,118558.74846162989,3.868409052957169
512,700,512609.28650127753,180937.0538816137,2.8330807620901988
4096,400,116178.83914393773,41632.72519662305,2.7905653207962793
8192,100,30155.044811264448,10156.499619973973,2.969039131548919
1024,600,190661.5041470499,66338.20922801581,2.8740827701832226
128,900,309682.2212189334,107176.8948357356,2.889449462904921
512,100,83145.10019259133,30062.798710806925,2.7657138975122257
512,1000,472228.12714817986,166425.74716737992,2.8374703745403305
4096,100,121771.1412697556,39854.64458597343,3.055381437590642
4096,700,119322.94468205473,28471.45595964239,4.190967432476659
1024,900,325399.37891394994,102834.24968773137,3.1643093609577013
512,400,696290.2111239666,252853.25683391053,2.7537324210988214
2048,200,199049.22899954117,67302.25007053251,2.9575419661443463
512,400,177988.19250738164,57054.61346029367,3.119610873032203
512,700,140784.11519088977,46342.77510126069,3.037887025178601
256,500,305001.14673088765,87701.2718890411,3.477727747401115
2048,1000,2230458.3809009288,785859.2991378877,2.8382413790201526
128,600,173870.01566368376,69348.05711601679,2.5072081741642096
128,200,121209.11297634114,41788.26135544644,2.900554104066439
256,300,93961.83298325245,31594.964796852237,2.973949602014234
512,400,142175.95103936575,28381.29905738995,5.009494130338119
256,1000,1121998.21252429,409096.3277896934,2.7426259692584734
4096,400,171891.24052160085,38251.574536327134,4.49370366070441
1024,900,766005.8963375665,267180.9265761022,2.866993187552189
1024,300,326068.3872057209,113256.57606223662,2.879023881373035
128,700,161783.57142586278,81155.12225248374,1.993510291593596
8192,100,67164.2953177225,23646.547566206886,2.840342554433042
256,700,211552.14834212605,68004.56774434651,3.1108520406662423
128,1000,232115.42175254223,117926.23224716319,1.9683103354480822
128,600,238054.15203867166,73778.9525409219,3.226586226019319
2048,1000,124745.07971482737,44362.662216365665,2.811938542065407
8192,100,134978.84510780938,40705.78926599817,3.31596187033175
4096,900,195013.42982297807,60945.76904864849,3.199786184785252
256,200,120922.25416646844,44333.0689633356,2.727585908083055
2048,400,173965.78318771196,64516.024844288346,2.6964739939818734
512,800,281570.74648305186,90071.50799523454,3.126080075154832
4096,500,398122.50308716565,97545.36754486276,4.081408611270673
256,1000,205806.83755960135,63137.15361199734,3.259678743586785
256,300,241134.84802188945,59498.27550922224,4.052803983949308
1024,400,280772.88616084255,86952.69630614712,3.2290302438958793
512,700,413505.5993374394,100358.74869088575,4.1202745623211685
1024,600,294343.5109399472,87956.14561386313,3.3464803270501036
1024,800,126542.55169536656,45256.917957947284,2.796093004233074
2048,200,81633.20042672762,26776.78550997178,3.048655724426933
512,800,522739.8728368624,168672.19594525892,3.099146660819623
4096,900,550364.1532799931,142534.2565804688,3.861276344955578
2048,100,110798.83710849305,39957.50557921306,2.7729167650078117
256,800,352782.0653430216,126274.855960436,2.79376335581451
8192,100,85564.98155842567,30343.939115467227,2.819837636531857
256,200,104038.52110740794,38450.4516267042,2.705781511163115
128,700,594609.329052884,204408.08081748415,2.908932595398762
8192,600,548385.0571842793,196010.02761450358,2.797739808816302
256,100,65465.835575892124,23392.69103010603,2.79855940864771
256,600,285763.4471168403,87487.82051924868,3.2663226197750337
256,1000,186859.1489175283,56458.12841349437,3.3096943552394853
1024,600,329271.0195860379,102499.3162885427,3.212421619078093
128,700,317856.499257982,86466.88015020516,3.676049126623054
2048,700,287714.096607926,100116.16441795636,2.8738026299809283
256,900,120608.54012865311,51042.72530563347,2.3628938189815236
8192,300,141279.55500037706,48705.36261121294,2.900698145461537
4096,800,552799.5534242286,163520.79990504717,3.3806069548658444
4096,700,412509.95132795937,98464.41517584643,4.189431792097305
512,900,286885.7899263569,61821.0126495833,4.640587037169645
128,400,130273.23543504065,48051.09897312966,2.7111395622374816
128,500,147343.12093132225,61794.54678124966,2.3844032945643456
256,100,96645.93141509347,32004.864307907977,3.019726329263441
128,400,227446.28878197522,70435.20404407526,3.229156383782878
256,1000,133892.83563896202,62272.555582159584,2.1501098579824602
512,300,86053.86862584107,31686.38554754873,2.7157994557854592
128,700,180190.212047755,85335.45718841201,2.111551493184285
512,900,119189.41080228011,40077.85831593316,2.973946608192278
128,1000,278810.4489491711,108445.31548148034,2.570977342002244
2048,1000,365027.46911644214,124971.52194910712,2.9208852018709863
256,100,43049.67881338106,14899.521024616024,2.88933306931526
1024,700,460494.94450032536,161613.8911316378,2.8493524985747847
128,400,84682.64527219662,39177.38721993352,2.1615184493240007
4096,500,141407.6692499404,34769.26706110624,4.067030489927195
512,500,112447.95928226091,34730.07929192971,3.2377685733758357
256,1000,160593.0674512377,65034.84385428194,2.4693388641182095
2048,600,167217.2350670549,51822.018201801104,3.226760378491843
512,1000,223431.83130017674,82814.68622062249,2.6979735297788014
512,600,139801.78857052134,45251.094928080776,3.0894675320611236
128,500,138419.6701242951,61482.8756065851,2.2513532224811836
1024,700,118848.51650755323,44403.962041082654,2.6765295492684706
256,700,192637.4134056739,56940.6946678545,3.38312369614321
128,600,164197.63879971224,70119.83671935719,2.3416717220390226
256,500,120328.8055257421,38723.16598964631,3.107411350557319
2048,200,147322.72777016755,48973.41962369589,3.0082181089695674
128,500,179777.4238950098,62579.58215132287,2.8727808290616634
8192,500,87395.95954742655,32150.815208157874,2.718312396795802
4096,300,140070.1684783658,49920.300990833304,2.8058758801171177
128,1000,453403.41494867834,133190.75993541427,3.4041656881343636
256,200,101449.27776503863,35114.15410637471,2.8891277704628306
1024,1000,513922.07460986613,183355.3989897273,2.802873967396287
1024,100,43952.40902896492,15091.98529907834,2.9123013412721166
256,200,72735.33738515973,27253.11227675473,2.668881874720731
2048,200,93658.97821416717,30693.51786211094,3.051425341172209
8192,400,79123.73230447814,26894.98737754607,2.9419508993908843
4096,1000,502610.46257274755,179771.9952605869,2.7958217955148856
128,200,63118.96126449759,23316.950421347796,2.7069989910305394
1024,1000,329688.6477263735,113047.4175426054,2.9163748707671293
256,1000,196194.57057091326,72712.55801730376,2.6982212690718965
4096,1000,615427.0163958987,217185.90406273838,2.8336416170826655
1024,700,121324.4277405926,35648.69700468068,3.4033341449944907
512,600,157808.98658623308,50905.50173617524,3.100037937040673
1024,300,275757.949517203,88620.11330592679,3.1116858152195643
512,800,698783.1884142852,237195.95014153284,2.94601652345804
512,300,86565.1635840582,24331.991297328557,3.557668689186253
4096,300,217643.16241815515,69473.1041879998,3.132768644239579
4096,600,346549.2426377336,109130.00776295179,3.1755632547052977
4096,900,617647.2527754955,190277.6038713783,3.2460323243980187
8192,300,85253.23512130011,29201.35254647029,2.919496108463821
4096,300,385537.33342750964,134655.81098888023,2.86313179205721
4096,200,84882.36808749799,25235.892616365454,3.3635571912543267
256,1000,583861.6346128169,167787.85781647245,3.4797609446295503
256,600,130964.35483917495,38275.88614068562,3.4215891007149137
1024,100,72854.39838499913,26198.154357778985,2.7808981270226987
512,600,249745.78343501402,80005.07319936834,3.1216243351551087
2048,800,1193273.3620743023,416774.44951685163,2.8631154415958364
4096,400,161534.34543047354,40347.35142270925,4.003592298738969
2048,100,85565.39683320219,30406.108724410282,2.81408573549267
4096,1000,683569.4332196894,227371.27423411873,3.0064019103654864
4096,600,151281.76592950957,50497.31178282441,2.9958380077761855
8192,400,289753.01434097276,72543.1931908356,3.994213675964533
8192,100,39548.07915638618,14456.016849306623,2.7357521486482694
512,500,227809.53261947338,81782.28709863621,2.7855607944140304
2048,400,223208.81427822006,65135.09346714821,3.4268595068616663
2048,200,85501.24438563688,25663.59163351026,3.331616462989286
2048,600,155592.70501079597,43083.11187307334,3.6114546569705976
1024,500,112447.95928226091,34519.45985469113,3.2575237201163634
512,700,161241.65438247504,57489.394116412266,2.8047200159384396
1024,800,197165.16210006896,68260.638030941,2.888416630543337
256,300,391319.801262271,141527.8121441578,2.7649675023851805
128,200,92433.63734625469,30362.252514729607,3.0443603385951836
4096,400,328823.7755997966,115305.27186110805,2.8517670553336374
2048,600,92590.30943051876,33114.60734600061,2.7960563887435397
2048,1000,203259.3310423805,56313.6919039828,3.609412279147781
128,900,1123957.1192212817,426203.60563059355,2.637136580668576
256,800,333704.7523333067,109435.75398208958,3.0493210874018497
256,500,438904.5031833977,151882.27900741552,2.889767694109782
8192,400,89053.76576915494,31561.339058705962,2.8216092353847744
256,300,101656.5181442189,34579.90467074803,2.9397570384343075
4096,1000,437341.07048365084,123213.00141715335,3.5494717720817204
1024,300,160557.7290286878,57306.13157735241,2.801754796726513
8192,1000,122644.59751361434,43244.65042059604,2.8360640292100188
1024,700,120641.0999015226,41347.32660536675,2.9177484932209325
8192,600,116436.273982036,41413.23713987529,2.811571420721511
512,600,231625.03266614056,64691.72469657064,3.580442997192486
256,1000,154850.44661300554,58412.46821374808,2.6509827670072608
1024,300,132529.45760667603,47056.43352726768,2.816394011881064
1024,300,141492.86226831906,49213.90607712503,2.8750585667103947
8192,500,125838.38029262554,34671.209862081596,3.6294776211501505
8192,200,91768.03309616786,29064.38831792136,3.1574045905374475
256,800,146915.22626127157,48891.62351187926,3.004916092131311
128,200,162427.52208615615,43277.65468223584,3.753149824748421
1024,100,121773.9651631368,40065.96026992153,3.0393372414576922
256,900,402050.2126257857,145193.3384893515,2.76906789807903
512,500,168252.5742872209,55076.61730325877,3.054882135567642
512,500,263431.93164800253,90983.42765085713,2.895383680849056
4096,700,284546.99656836037,78144.18580391303,3.641307330047219
8192,900,116955.45260384078,44637.9858844058,2.62008803234778
8192,200,84873.29976239614,25217.89480581354,3.3655981364007475
256,600,194988.86498678592,68392.87026023149,2.851011578324801
256,700,195091.6090189137,55449.776596509095,3.518347971688599
512,700,404816.92575262743,126544.02279311125,3.199020521217891
4096,400,171573.34148831092,59330.98018405511,2.891800218975994
2048,300,166871.09144760412,58242.66924059665,2.865100340066328
256,200,91771.1405431167,29716.32329188617,3.0882400774046683
256,700,340464.84858784446,94989.86386528314,3.584222934256435
128,300,90200.47717147724,37256.63379765559,2.421058157357018
128,1000,278684.3833076342,124089.35917466675,2.2458362680023294
2048,500,323889.48332156916,112812.68568581076,2.871037785800245
2048,1000,317024.73057530867,109976.24542468748,2.8826655188225123
128,700,304923.40722320584,93504.47579775327,3.261056806336671
256,800,512323.6573209236,187531.75749764283,2.73193012296791
1024,100,69345.88710809813,21640.577724822106,3.2044378846946047
128,600,146419.76190023875,63972.02086718295,2.288809387532585
256,900,301560.72722311545,90396.47078751157,3.3359789889582347
256,700,124778.21224649169,46391.38428767831,2.6896850387720197
128,700,242581.2742377781,84246.87798421347,2.879409659349442
512,400,817278.5573965447,290247.646638021,2.815797360850971
1024,500,328109.90098470956,107421.78053941316,3.0544075823089316
128,800,190354.83106495027,90364.92656588534,2.106512319535412
4096,700,260452.80005964072,79047.1545819496,3.294904180132438
1024,400,84655.44717597666,31546.477499055043,2.683515051038978
4096,800,151501.87848842263,44756.555987930624,3.385020923622401
512,600,157757.33059561308,57562.07064372685,2.7406472496799514
1024,400,630187.8785040601,219529.418663486,2.870630653243188
1024,300,91887.77734215712,33997.42278586126,2.7027865588791373
4096,900,746841.4936549899,238926.75599025315,3.1258177451061897
512,1000,169221.41588580437,60331.696577991024,2.804850940451362
2048,500,100829.2430305926,32923.858442619094,3.062497769097188
2048,200,96680.24528701552,33630.160733022785,2.8748077077158114
1024,600,1444537.4889062871,510901.3253991859,2.827429519345281
8192,100,91314.48293791471,30543.015020910498,2.989701012666843
2048,900,215610.38392157736,57649.82549169011,3.7400006345666448
2048,100,86338.92386719954,29860.459479903715,2.891413105190367
1024,600,121609.25041992145,42587.3274721714,2.8555266939299435
8192,800,285949.220391443,55266.23284314115,5.1740313330752175
8192,100,80496.75100870726,30640.2877305179,2.627153886956879
8192,400,177991.0072352742,62013.34375891064,2.870204966325475
4096,500,156680.13808856712,52378.33293591273,2.9913158610884465
256,100,47273.34159069149,17360.015795293908,2.723116277550089
4096,500,426492.4481106885,146081.56027478544,2.9195501972215974
8192,700,141890.97519706842,35700.48821924015,3.974482766893893
128,700,154866.52370464356,69737.61936348946,2.220702758685259
1024,300,216630.95281112922,77601.31228624887,2.791588781540705
8192,500,111189.01529679346,40708.47177427006,2.731348302961127
128,400,123910.57194242958,42967.461238325974,2.883823441537296
4096,800,697260.5409289049,233794.29621574885,2.982367629214797
128,500,354332.1741484132,89847.23411066456,3.9437182196614238
128,500,559834.9148571724,208027.88025411445,2.691153292401535
4096,900,207166.22752615405,68836.85019009504,3.0095250865496936
2048,200,75567.73184202005,28207.122588649727,2.679030149371839
256,800,228770.9046265701,50006.01314023605,4.574867906085788
4096,600,481609.1740609022,121227.58495235175,3.9727688566112875
4096,400,204162.47902338457,68026.84177306795,3.0012047259882224
8192,200,56293.343419685385,20575.854416118607,2.7358933573901356
128,500,417592.1215955458,141323.76899859364,2.9548611996026044
512,100,62989.221528532464,22959.26432550392,2.7435209001257905
256,300,114000.34239446835,38788.32045596039,2.9390378612526527
1024,1000,277230.877563585,93140.70696961416,2.9764738381686073
8192,600,108643.69223705525,38556.62610136729,2.81776968636793
128,500,170073.1334571907,61680.22166788071,2.757336612260497
4096,300,200234.34874355822,71028.83980109282,2.8190570098609085
1024,300,136995.3938031568,33520.84293865713,4.086871981526755
512,500,120792.5340895324,29070.479098205094,4.155161450262804
128,100,165851.6384294266,59790.7005109521,2.773870133852118
1024,200,72554.89090380672,26545.34670614281,2.733243295218176
128,100,149115.1955113193,57421.40767217122,2.596857192401897
512,100,38998.921155312324,12862.884096284724,3.031895558055806
4096,700,119741.45985125078,43727.54473384273,2.7383531497156626
256,1000,635885.3362686463,224957.34510990366,2.8266929268656793
8192,100,47273.34159069149,16956.594236406323,2.7879030972619603
1024,400,243092.85820877645,90106.72309903121,2.6978326349922503
1024,500,550105.9982985934,178961.26426577708,3.0738830581886467
128,600,134258.97462472468,72089.82396634229,1.8623845535731685
256,1000,679180.81504248,243630.85813855185,2.787745445021717
8192,600,641628.2255666875,221901.70321370324,2.891497524688962
512,300,212848.15407798838,77385.1304671395,2.7505045580865346
512,300,279636.2321301434,101416.88662297247,2.757294583196183
2048,900,239463.7665139924,60913.59330752759,3.931204079605658
8192,700,318087.090771546,93518.26571533749,3.4013365018955652
128,900,236814.3013319688,115026.20169640075,2.0587857187270653
1024,600,610177.6879546675,215835.29784514845,2.8270523591208003
8192,800,142651.22091597674,40550.8570560135,3.517834918234416
2048,600,200966.99352856778,57077.39013814643,3.5209562497892817
8192,900,286633.5438529303,61103.09951785541,4.690982063343135
8192,500,205948.5284224865,69020.58878325314,2.9838709297196977
512,800,385900.55615361023,115219.61290483916,3.349261001877595
128,300,106778.4334882651,37673.06707845043,2.8343440491826586
8192,500,777777.7923845914,268694.1920322166,2.894657999497568
8192,1000,160593.0674512377,54333.158166662026,2.9557101569290904
128,100,60754.26696604136,20307.759048894506,2.9916775563352296
2048,600,131439.56571991,46853.05201268877,2.8053576036906507
8192,500,398061.78292959684,97376.84696003907,4.087848347492203
512,400,79123.73230447814,27195.062249116647,2.909488920439895
1024,300,95754.87820094594,21215.32220636414,4.513477441894403
2048,1000,432724.75126747176,151559.9185525759,2.8551397717818134
512,400,157283.95422160128,47822.13366640589,3.288936359861546
1024,800,244238.7105592654,77204.76980332876,3.163518409308628
8192,1000,465302.5911388869,160428.91747891906,2.9003660839388843
4096,500,299489.7976076902,82814.88909155023,3.616376244573728
2048,300,128898.30627429522,38091.94992281949,3.383872617061196
2048,300,146007.45211480447,37156.25575071965,3.929552350332732
128,100,71844.71572511886,22441.082017571185,3.2014818032778023
1024,400,148325.28045504977,44636.678522344155,3.3229461815981973
512,700,571185.6261812687,188339.94018443616,3.0327376424879517
512,200,133204.6311729937,46106.15915927805,2.8890853977410216
1024,500,263103.9139181829,93723.77302880904,2.807227082474682
8192,300,79091.72250928878,24344.939246722264,3.248795230406561
512,200,69250.19325140932,23791.31654725729,2.9107339694235046
4096,800,198951.33668343278,52460.231836759034,3.79242198743062
2048,200,36480.01167493353,13880.917415397425,2.628069210646555
256,700,461603.7024636695,164863.12097943894,2.7999209266530802
128,1000,194478.11399404425,115278.94675509605,1.6870219538629425
4096,700,302246.79355749453,105143.99758950417,2.8745986502958094
4096,100,56913.59638969494,19700.801685206585,2.888897482402028
2048,100,80002.91256872653,29172.62302054964,2.742396955953233
4096,500,178059.63362554123,38395.89718620483,4.637465111494149
2048,800,240558.31170016204,86380.91883344318,2.7848547451086807
128,400,145004.88779182968,47371.71703252915,3.061001307853332
2048,400,326440.69614049804,113205.31673424035,2.883616296104245
2048,600,610019.619260004,215000.72652305762,2.8372909669892805
512,500,135564.8171537699,51044.656722329884,2.655808185589502
2048,1000,321104.98734249215,93229.7513317016,3.444233013129409
1024,900,132904.19731017263,47911.069780799575,2.7739768266129214
256,700,282714.8961670769,69769.77271750802,4.052111468268155
512,600,114918.47676796746,31424.826505849913,3.656932735860124
256,700,295639.1169877963,106527.48919938161,2.7752378208639175
128,600,342067.07100590534,119692.67452086376,2.857878081304627
4096,100,40844.263395890805,14062.540367087327,2.904472615167368
