Row,P,n,File_Number,Regular,Fat,Jump,Density
1,256,1000,11,0.103925,0.694013,7,0.897745
2,2048,100,81,0.715367,0.100106,10,0.419858
3,4096,900,66,0.699821,0.486548,10,0.494553
4,128,700,95,0.252105,0.328997,9,0.241537
5,2048,800,48,0.380232,0.567173,4,0.771939
6,512,500,38,0.15137,0.33787,3,0.636078
7,512,600,73,0.230985,0.420942,7,0.713594
8,1024,500,66,0.649432,0.723637,6,0.240238
9,128,700,5,0.119244,0.5906,4,0.106685
10,1024,800,91,0.398424,0.585032,9,0.102732
11,2048,700,31,0.799942,0.889956,10,0.787336
12,128,100,58,0.314204,0.786132,9,0.395892
13,8192,300,36,0.562432,0.233763,10,0.153198
14,128,900,3,0.534845,0.213005,5,0.132059
15,512,800,26,0.767861,0.447614,5,0.851934
16,256,700,71,0.336017,0.524537,2,0.841195
17,128,500,53,0.749981,0.820907,9,0.340066
18,8192,800,8,0.360628,0.835771,9,0.354204
19,8192,700,27,0.424576,0.603897,7,0.617383
20,2048,300,34,0.577643,0.761176,7,0.372643
21,4096,300,76,0.699195,0.767005,6,0.690699
22,256,200,73,0.211051,0.283267,10,0.696614
23,128,1000,59,0.376573,0.759818,2,0.76305
24,256,800,29,0.613703,0.797571,8,0.60255
25,1024,400,93,0.771915,0.559915,7,0.477874
26,4096,500,66,0.649432,0.723637,6,0.240238
27,4096,600,90,0.79804,0.581244,7,0.389738
28,512,500,51,0.846688,0.52166,9,0.837665
29,256,800,20,0.352643,0.137693,5,0.148824
30,8192,800,22,0.262714,0.843831,7,0.855421
31,8192,100,33,0.728034,0.112467,2,0.434197
32,512,600,21,0.830316,0.216257,9,0.535044
33,4096,300,59,0.145154,0.216152,5,0.227988
34,512,100,30,0.311593,0.494797,1,0.411192
35,512,400,65,0.341813,0.131667,6,0.445843
36,512,600,87,0.701721,0.485789,10,0.896196
37,512,200,34,0.193941,0.777444,3,0.390147
38,256,100,19,0.894956,0.277955,6,0.168629
39,2048,200,22,0.81636,0.60347,9,0.214718
40,512,600,12,0.428009,0.498308,10,0.506425
41,2048,900,43,0.238553,0.709156,3,0.720007
42,8192,500,56,0.178558,0.3637,3,0.260735
43,4096,200,90,0.517281,0.702481,8,0.62128
44,512,900,13,0.562432,0.233763,7,0.153198
45,256,200,50,0.733229,0.521202,1,0.840543
46,512,300,76,0.699195,0.767005,6,0.690699
47,512,200,19,0.278484,0.749344,3,0.268131
48,512,800,67,0.467215,0.250236,2,0.546734
49,128,500,88,0.614454,0.398912,3,0.295666
50,8192,800,36,0.54861,0.334123,4,0.231242
51,1024,900,57,0.861978,0.65095,2,0.852374
52,256,900,9,0.16733,0.639422,10,0.553734
53,4096,500,26,0.485154,0.675732,9,0.478628
54,512,100,51,0.859956,0.135467,8,0.542046
55,128,400,66,0.277529,0.465338,10,0.361489
56,512,100,57,0.773757,0.558521,9,0.472199
57,8192,300,67,0.593592,0.272399,5,0.6807
58,4096,800,87,0.759213,0.430835,5,0.751711
59,1024,800,34,0.613512,0.287316,6,0.205666
60,128,200,70,0.413382,0.599422,3,0.517703
61,8192,700,43,0.506619,0.290083,7,0.498927
62,8192,200,82,0.668572,0.457403,7,0.2616
63,1024,200,52,0.366465,0.552069,5,0.56244
64,512,200,91,0.863484,0.245115,7,0.256471
65,1024,500,48,0.273445,0.855023,3,0.357455
66,256,500,66,0.649432,0.723637,6,0.240238
67,2048,100,89,0.430902,0.107302,3,0.825334
68,4096,300,79,0.404985,0.191272,6,0.600165
69,8192,700,81,0.865154,0.543164,2,0.152786
70,512,600,10,0.770175,0.560932,6,0.477471
71,256,300,11,0.144749,0.21835,8,0.625963
72,1024,900,72,0.816699,0.891594,7,0.412868
73,512,500,8,0.753593,0.823164,5,0.346657
74,2048,300,56,0.443562,0.629253,1,0.240215
75,512,700,74,0.324086,0.508721,3,0.80494
76,256,600,49,0.247127,0.32032,7,0.237052
77,1024,1000,56,0.66855,0.855126,8,0.465335
78,128,200,21,0.898587,0.167287,1,0.177836
79,8192,900,28,0.384945,0.566966,10,0.577573
80,512,1000,76,0.100781,0.684158,2,0.294628
81,8192,900,9,0.16733,0.639422,10,0.553734
82,2048,200,77,0.406022,0.478461,3,0.397584
83,8192,1000,84,0.637089,0.821346,9,0.316851
84,1024,600,11,0.845114,0.635967,2,0.127899
85,1024,500,68,0.561295,0.346421,1,0.244844
86,256,700,41,0.724393,0.109709,6,0.825871
87,512,500,23,0.751468,0.820332,7,0.432396
88,4096,500,43,0.741385,0.816935,1,0.424356
89,1024,400,75,0.345105,0.130823,1,0.425734
90,2048,400,60,0.626911,0.411008,5,0.21605
91,4096,200,14,0.519277,0.703969,4,0.221614
92,128,800,5,0.195699,0.78373,4,0.299127
93,4096,400,29,0.767607,0.842156,5,0.359853
94,256,400,94,0.788038,0.172852,3,0.585806
95,1024,100,82,0.706248,0.373687,6,0.690721
96,8192,400,26,0.439094,0.227314,4,0.2362
97,128,100,78,0.440845,0.226428,9,0.831527
98,2048,600,47,0.881356,0.15646,7,0.475287
99,2048,1000,38,0.631054,0.415076,3,0.831808
100,4096,800,30,0.71568,0.506146,8,0.308233
101,128,300,99,0.605718,0.676056,6,0.285135
102,256,300,1,0.798583,0.47718,7,0.485837
103,8192,200,73,0.211051,0.283267,10,0.696614
104,128,600,61,0.788197,0.176221,7,0.780394
105,8192,600,54,0.577908,0.247989,10,0.167351
106,8192,800,58,0.766024,0.833216,2,0.844884
107,1024,500,17,0.25781,0.330995,10,0.74025
108,128,700,69,0.218954,0.8015,6,0.699292
109,4096,300,74,0.520132,0.200871,9,0.204427
110,128,500,44,0.524843,0.312441,9,0.211628
111,2048,400,49,0.367808,0.551241,2,0.447351
112,4096,1000,69,0.339533,0.528849,9,0.419937
113,128,1000,37,0.69814,0.787848,3,0.798775
114,4096,200,96,0.206086,0.277858,4,0.596968
115,1024,200,74,0.585612,0.255356,2,0.266588
116,1024,1000,78,0.762017,0.149154,8,0.55725
117,1024,700,79,0.711499,0.498632,4,0.505429
118,8192,300,75,0.870783,0.549104,10,0.865733
119,512,800,17,0.567406,0.24067,1,0.65081
120,1024,900,14,0.188686,0.265268,1,0.276621
121,512,1000,61,0.379896,0.567787,9,0.575405
122,2048,100,90,0.561706,0.345543,3,0.548995
123,2048,800,90,0.793372,0.180407,6,0.499656
124,4096,100,56,0.381611,0.365799,10,0.375934
125,1024,1000,96,0.704403,0.884561,3,0.807186
126,1024,400,13,0.174513,0.248114,5,0.256869
127,128,1000,83,0.323485,0.107092,7,0.804113
128,4096,1000,14,0.709532,0.496691,10,0.700086
129,4096,200,38,0.479715,0.864142,7,0.473108
130,8192,900,5,0.247729,0.836127,5,0.441715
131,8192,800,2,0.863552,0.250801,2,0.6604
132,1024,1000,64,0.4402,0.620379,8,0.519293
133,1024,400,78,0.102245,0.689565,9,0.607296
134,8192,800,15,0.215799,0.686416,5,0.298573
135,8192,700,71,0.336017,0.524537,2,0.841195
136,128,700,20,0.702088,0.779851,3,0.388685
137,128,200,72,0.394906,0.175942,1,0.186823
138,2048,900,5,0.247729,0.836127,5,0.441715
139,2048,700,96,0.25451,0.838536,4,0.8474
140,256,700,51,0.31475,0.897052,7,0.415316
141,8192,500,70,0.57611,0.361377,2,0.279473
142,1024,1000,11,0.103925,0.694013,7,0.897745
143,8192,500,32,0.249996,0.435999,6,0.749528
144,4096,300,46,0.741354,0.414512,7,0.735342
145,4096,900,58,0.775592,0.449467,8,0.362687
146,128,600,38,0.193398,0.268482,9,0.585857
147,512,100,27,0.193416,0.782401,10,0.387746
148,8192,800,14,0.47263,0.659025,1,0.559553
149,256,200,90,0.517281,0.702481,8,0.62128
150,4096,1000,77,0.816226,0.204655,9,0.121792
151,4096,200,55,0.781683,0.567207,7,0.774825
152,2048,100,66,0.841653,0.118329,10,0.436519
153,8192,300,51,0.697882,0.371851,7,0.779373
154,2048,200,44,0.227299,0.301321,3,0.308966
155,256,700,82,0.290622,0.870233,9,0.792526
156,8192,200,93,0.704732,0.778132,3,0.294163
157,4096,1000,65,0.771457,0.558805,7,0.455316
158,256,300,74,0.520132,0.200871,9,0.204427
159,1024,600,51,0.521,0.712088,6,0.601461
160,4096,900,14,0.188686,0.265268,1,0.276621
161,4096,400,84,0.823799,0.897809,6,0.510039
162,512,1000,11,0.103925,0.694013,7,0.897745
163,1024,900,48,0.501161,0.686315,3,0.181487
164,2048,600,7,0.319557,0.394072,2,0.311008
165,2048,1000,41,0.513846,0.58403,6,0.591197
166,512,700,35,0.797893,0.185489,4,0.384491
167,512,100,64,0.835771,0.109518,6,0.426156
168,128,200,86,0.435028,0.623038,3,0.230753
169,2048,900,77,0.571137,0.35821,7,0.677157
170,256,900,3,0.534845,0.213005,5,0.132059
171,2048,300,43,0.340829,0.525727,8,0.841364
172,1024,500,77,0.704449,0.783432,6,0.298018
173,2048,400,72,0.883618,0.15996,9,0.172318
174,4096,400,58,0.686599,0.875606,6,0.881213
175,8192,900,98,0.545468,0.62051,3,0.6274
176,2048,700,58,0.220126,0.806248,6,0.301839
177,256,100,100,0.384945,0.643933,8,0.250803
178,1024,300,60,0.159302,0.750772,6,0.152271
179,512,100,9,0.402947,0.593761,5,0.506631
180,4096,800,88,0.806927,0.191161,7,0.201831
181,4096,200,67,0.782643,0.855943,10,0.467253
182,256,400,72,0.883618,0.15996,9,0.172318
183,256,600,68,0.696447,0.37295,6,0.689092
184,1024,500,2,0.169233,0.756732,8,0.67342
185,4096,1000,22,0.644907,0.226642,4,0.236528
186,4096,700,66,0.291652,0.767727,6,0.373913
187,512,500,45,0.624476,0.809804,2,0.330095
188,2048,800,97,0.877666,0.546156,6,0.465663
189,8192,500,93,0.441353,0.229046,6,0.124186
190,256,300,58,0.498927,0.568496,8,0.582033
191,256,300,46,0.741354,0.414512,7,0.735342
192,8192,200,12,0.845326,0.118076,10,0.125299
193,128,500,3,0.893572,0.680991,4,0.576443
194,128,500,38,0.15137,0.33787,3,0.636078
195,128,700,83,0.591571,0.26118,6,0.272775
196,256,400,91,0.654566,0.838252,3,0.336082
197,4096,800,62,0.727254,0.803596,4,0.719382
198,512,800,94,0.317036,0.386954,7,0.797791
199,512,800,55,0.706365,0.382068,4,0.389507
200,128,800,35,0.551232,0.338544,8,0.654431
201,128,400,80,0.119984,0.303838,5,0.31317
202,256,600,15,0.832195,0.109359,8,0.114569
203,256,600,87,0.701721,0.485789,10,0.896196
204,512,200,41,0.721395,0.106057,9,0.823169
205,128,1000,58,0.364897,0.550257,7,0.86565
206,2048,700,42,0.233968,0.821963,3,0.338724
207,512,400,39,0.365001,0.438371,2,0.357296
208,1024,1000,51,0.555869,0.745138,1,0.352455
209,256,100,46,0.325311,0.799592,4,0.318062
210,2048,900,99,0.531782,0.205223,8,0.525002
211,4096,900,55,0.633656,0.413141,4,0.333687
212,512,900,20,0.577605,0.764293,1,0.259277
213,1024,100,28,0.887865,0.559718,7,0.171747
214,2048,1000,80,0.654831,0.440754,8,0.358147
215,512,900,76,0.749151,0.132192,4,0.849332
216,128,700,34,0.540316,0.726719,1,0.216357
217,256,900,70,0.311977,0.384731,2,0.7021
218,512,900,56,0.267938,0.451841,10,0.257167
219,8192,700,92,0.130883,0.201247,8,0.211027
220,4096,700,33,0.421324,0.608456,3,0.220844
221,128,300,93,0.667712,0.743423,4,0.748051
222,8192,1000,71,0.623511,0.410596,4,0.72606
223,128,500,37,0.168277,0.240408,9,0.157412
224,1024,600,83,0.838923,0.223213,3,0.233695
225,512,800,27,0.825223,0.895451,9,0.105794
226,1024,300,94,0.40044,0.473125,1,0.480569
227,256,400,20,0.742696,0.134324,4,0.54066
228,8192,400,90,0.85929,0.240624,8,0.845339
229,8192,200,27,0.585032,0.769977,1,0.690259
230,1024,500,75,0.114038,0.697068,3,0.307851
231,256,100,94,0.771953,0.560014,10,0.568692
232,2048,800,74,0.690544,0.869602,5,0.881814
233,2048,800,42,0.470686,0.549977,8,0.558031
234,128,400,47,0.412762,0.595044,4,0.800959
235,1024,300,55,0.610289,0.392224,5,0.311971
236,2048,500,18,0.329123,0.117396,7,0.83432
237,4096,200,80,0.274224,0.347897,5,0.755677
238,2048,1000,84,0.637089,0.821346,9,0.316851
239,4096,500,88,0.614454,0.398912,3,0.295666
240,256,900,32,0.614524,0.28622,7,0.203586
241,8192,600,24,0.455551,0.526882,4,0.445138
242,4096,900,21,0.247249,0.828856,1,0.839932
243,2048,200,91,0.863484,0.245115,7,0.256471
244,128,800,1,0.687643,0.760544,5,0.677523
245,8192,500,72,0.848655,0.634481,6,0.125755
246,8192,200,32,0.540817,0.725476,8,0.624229
247,128,900,45,0.571137,0.35821,1,0.16391
248,512,400,10,0.84137,0.627967,7,0.520604
249,2048,200,61,0.117421,0.190289,3,0.202452
250,2048,500,1,0.510036,0.585838,5,0.105006
251,1024,600,50,0.187247,0.775146,10,0.180526
252,4096,500,50,0.424756,0.498041,9,0.415643
253,1024,900,1,0.288884,0.872015,5,0.680493
254,256,1000,25,0.292527,0.877152,2,0.394894
255,512,300,16,0.208938,0.284366,3,0.204719
256,128,400,38,0.502704,0.684461,5,0.297657
257,1024,400,74,0.638215,0.312534,3,0.319525
258,512,800,89,0.504339,0.288368,9,0.587157
259,128,200,63,0.669296,0.859692,6,0.776013
260,512,600,45,0.711165,0.785108,2,0.79029
261,2048,800,11,0.281828,0.349132,5,0.264872
262,8192,200,59,0.473515,0.148398,10,0.552116
263,128,400,58,0.686599,0.875606,6,0.881213
264,2048,500,57,0.154267,0.738489,9,0.655512
265,8192,300,57,0.859311,0.642949,9,0.450612
266,512,300,94,0.40044,0.473125,1,0.480569
267,2048,500,19,0.466853,0.250803,5,0.452494
268,256,200,26,0.545822,0.326438,7,0.226136
269,256,500,43,0.741385,0.816935,1,0.424356
270,2048,300,30,0.212417,0.28392,5,0.603037
271,256,600,79,0.46302,0.137109,4,0.457065
272,1024,100,5,0.290983,0.879843,10,0.681295
273,128,800,47,0.79298,0.579037,7,0.779851
274,1024,600,67,0.179374,0.766858,9,0.265315
275,8192,900,60,0.702974,0.776161,2,0.696497
276,8192,400,44,0.663527,0.338571,3,0.654225
277,128,600,56,0.630578,0.819642,4,0.713067
278,512,500,33,0.139362,0.214747,6,0.534051
279,2048,600,81,0.51516,0.189915,9,0.106488
280,256,800,49,0.358938,0.433562,9,0.750002
281,8192,700,59,0.731359,0.519587,3,0.130272
282,256,1000,5,0.414414,0.488141,3,0.898637
283,8192,1000,8,0.184113,0.770815,1,0.664573
284,512,900,27,0.441391,0.628377,3,0.545166
285,1024,400,11,0.721554,0.396461,1,0.80426
286,128,700,46,0.234646,0.817988,4,0.82686
287,128,500,89,0.315378,0.387523,5,0.705202
288,2048,500,26,0.485154,0.675732,9,0.478628
289,128,600,10,0.770175,0.560932,6,0.477471
290,8192,100,3,0.357544,0.832457,10,0.747686
291,256,1000,94,0.287502,0.873681,8,0.277458
292,8192,100,8,0.781152,0.566447,6,0.173287
293,4096,900,27,0.441391,0.628377,3,0.545166
294,4096,1000,83,0.323485,0.107092,7,0.804113
295,1024,100,39,0.320973,0.788072,9,0.797571
296,2048,500,46,0.224312,0.700054,5,0.706809
297,2048,600,84,0.593272,0.267809,3,0.671771
298,256,1000,68,0.386105,0.573113,2,0.180284
299,8192,700,9,0.354336,0.543151,9,0.856373
300,128,700,64,0.106685,0.292936,4,0.5906
301,4096,1000,9,0.285327,0.477088,7,0.36925
302,8192,300,5,0.643717,0.826225,9,0.434336
303,2048,100,48,0.317805,0.504419,8,0.705416
304,8192,600,80,0.15132,0.736347,8,0.542629
305,128,400,14,0.846485,0.521,10,0.530801
306,128,800,7,0.12627,0.71762,9,0.237437
307,8192,400,39,0.365001,0.438371,2,0.357296
308,128,900,1,0.288884,0.872015,5,0.680493
309,128,200,5,0.835685,0.624077,3,0.230858
310,128,700,63,0.486548,0.673938,8,0.282738
311,512,900,46,0.886118,0.675925,1,0.28472
312,512,100,86,0.811544,0.883369,10,0.892846
313,1024,600,59,0.85025,0.236055,5,0.129897
314,256,800,1,0.687643,0.760544,5,0.677523
315,256,900,48,0.501161,0.686315,3,0.181487
316,8192,300,13,0.329273,0.115301,10,0.411958
317,4096,1000,73,0.862265,0.536174,10,0.849026
318,2048,500,23,0.751468,0.820332,7,0.432396
319,256,500,21,0.130515,0.316781,4,0.124124
320,1024,700,3,0.289703,0.476441,7,0.68405
321,8192,300,76,0.699195,0.767005,6,0.690699
322,128,500,67,0.626395,0.698293,6,0.310032
323,1024,1000,83,0.323485,0.107092,7,0.804113
324,256,300,26,0.195646,0.785816,9,0.189693
325,1024,300,3,0.310685,0.380166,10,0.790909
326,512,400,76,0.69167,0.476083,4,0.685297
327,512,600,60,0.339339,0.415691,3,0.731665
328,8192,900,63,0.771083,0.159473,7,0.453309
329,256,1000,72,0.108443,0.700499,1,0.594186
330,128,500,22,0.310358,0.382105,10,0.301422
331,8192,200,24,0.597824,0.781051,4,0.186926
332,512,100,3,0.357544,0.832457,10,0.747686
333,4096,200,5,0.835685,0.624077,3,0.230858
334,1024,200,59,0.473515,0.148398,10,0.552116
335,4096,800,83,0.138762,0.724484,4,0.735738
336,4096,500,58,0.595894,0.385992,3,0.185463
337,256,800,71,0.779838,0.561626,4,0.171245
338,256,700,28,0.69421,0.486432,8,0.779732
339,128,500,78,0.393818,0.178809,2,0.876269
340,8192,800,81,0.757722,0.424368,2,0.43937
341,2048,1000,6,0.185489,0.368466,2,0.685564
342,8192,200,15,0.51348,0.298072,9,0.502263
343,256,100,21,0.440174,0.509034,4,0.831016
344,256,600,3,0.435597,0.620141,10,0.822575
345,128,300,45,0.726844,0.509826,8,0.827958
346,8192,700,73,0.859294,0.531349,2,0.84956
347,8192,300,55,0.610289,0.392224,5,0.311971
348,8192,100,93,0.181805,0.767861,7,0.666244
349,512,1000,31,0.152809,0.338554,1,0.232802
350,8192,200,64,0.187872,0.775944,8,0.177849
351,512,200,5,0.835685,0.624077,3,0.230858
352,512,900,100,0.328213,0.511444,7,0.830303
353,4096,1000,80,0.654831,0.440754,8,0.358147
354,8192,200,28,0.218072,0.404715,1,0.698704
355,4096,900,71,0.669518,0.348262,5,0.261341
356,512,500,3,0.893572,0.680991,4,0.576443
357,4096,900,2,0.375934,0.559668,1,0.365799
358,128,500,33,0.139362,0.214747,6,0.534051
359,8192,100,38,0.808801,0.594419,6,0.511188
360,128,1000,71,0.623511,0.410596,4,0.72606
361,1024,600,2,0.349269,0.133522,5,0.335635
362,4096,1000,88,0.691873,0.483077,1,0.398808
363,8192,300,72,0.294777,0.767809,3,0.287916
364,2048,300,73,0.49775,0.177951,2,0.182853
365,1024,1000,33,0.455546,0.125588,5,0.13657
366,4096,500,62,0.896208,0.289844,2,0.582387
367,256,400,46,0.254891,0.444032,7,0.76113
368,8192,700,65,0.405624,0.481173,7,0.886618
369,2048,400,14,0.846485,0.521,10,0.530801
370,2048,200,40,0.562862,0.233808,4,0.554741
371,256,400,25,0.298845,0.485023,7,0.381129
372,256,900,75,0.75913,0.145384,9,0.864756
373,512,200,8,0.535044,0.321186,3,0.216257
374,512,400,21,0.181631,0.650976,2,0.665989
375,512,800,40,0.573096,0.754962,7,0.252247
376,8192,400,82,0.221063,0.699397,7,0.612895
377,2048,400,35,0.874308,0.541166,7,0.15259
378,8192,400,18,0.573206,0.247304,8,0.56265
379,2048,900,100,0.328213,0.511444,7,0.830303
380,128,900,8,0.244102,0.431046,1,0.637677
381,2048,400,62,0.177927,0.360037,2,0.280024
382,512,300,78,0.587157,0.368967,10,0.288368
383,256,200,10,0.206931,0.791687,9,0.801859
384,1024,700,19,0.259334,0.843152,2,0.339548
385,128,500,27,0.338474,0.126758,1,0.134237
386,8192,400,42,0.889739,0.280718,1,0.8861
387,128,400,31,0.100327,0.287557,10,0.580134
388,128,500,74,0.878335,0.266554,6,0.564381
389,2048,200,66,0.187894,0.373109,7,0.177916
390,2048,700,61,0.876738,0.552602,1,0.160544
391,256,300,60,0.159302,0.750772,6,0.152271
392,2048,400,29,0.767607,0.842156,5,0.359853
393,8192,200,13,0.620032,0.689456,5,0.609543
394,8192,300,33,0.682766,0.757194,5,0.360677
395,128,700,18,0.72673,0.804074,9,0.716726
396,128,300,10,0.71083,0.896536,5,0.700023
397,4096,200,42,0.250309,0.836753,5,0.353959
398,1024,200,32,0.540817,0.725476,8,0.624229
399,128,300,65,0.516712,0.308233,2,0.201538
400,512,600,20,0.406358,0.100845,6,0.50734
401,1024,100,79,0.667272,0.856775,9,0.349313
402,4096,400,88,0.243032,0.43153,4,0.350859
403,1024,1000,70,0.164446,0.235605,8,0.15458
404,128,600,72,0.893702,0.163381,3,0.485935
405,2048,400,16,0.864933,0.247481,9,0.167222
406,4096,1000,7,0.767643,0.84129,8,0.359083
407,512,1000,71,0.623511,0.410596,4,0.72606
408,256,200,18,0.315463,0.104179,3,0.511105
409,8192,1000,99,0.829621,0.102617,10,0.420052
410,512,100,58,0.314204,0.786132,9,0.395892
411,8192,700,72,0.787529,0.578788,9,0.874276
412,2048,800,37,0.645998,0.321576,9,0.327257
413,256,900,43,0.238553,0.709156,3,0.720007
414,512,100,60,0.752689,0.142047,6,0.343511
415,8192,400,98,0.427393,0.495033,6,0.414675
416,512,900,66,0.699821,0.486548,10,0.494553
417,2048,300,27,0.685249,0.875965,4,0.389709
418,8192,1000,95,0.20016,0.784092,3,0.188686
419,512,1000,37,0.69814,0.787848,3,0.798775
420,2048,100,22,0.245562,0.434026,8,0.329415
421,256,900,28,0.384945,0.566966,10,0.577573
422,512,500,77,0.704449,0.783432,6,0.298018
423,2048,700,12,0.129546,0.203784,5,0.611409
424,512,300,75,0.870783,0.549104,10,0.865733
425,8192,800,55,0.706365,0.382068,4,0.389507
426,128,700,61,0.876738,0.552602,1,0.160544
427,8192,200,44,0.227299,0.301321,3,0.308966
428,8192,700,64,0.106685,0.292936,4,0.5906
429,8192,500,41,0.732716,0.515441,7,0.832397
430,8192,400,60,0.626911,0.411008,5,0.21605
431,128,700,68,0.595311,0.666751,2,0.185863
432,2048,800,65,0.671581,0.853324,4,0.466191
433,4096,1000,52,0.172688,0.244064,4,0.65468
434,1024,600,12,0.428009,0.498308,10,0.506425
435,1024,100,55,0.765429,0.154267,10,0.159715
436,128,300,14,0.567314,0.237865,9,0.649725
437,1024,1000,94,0.287502,0.873681,8,0.277458
438,512,500,46,0.224312,0.700054,5,0.706809
439,4096,900,80,0.361275,0.150245,1,0.353814
440,2048,500,91,0.191272,0.782096,4,0.673761
441,128,600,94,0.558802,0.347565,8,0.243003
442,128,1000,39,0.783103,0.456124,8,0.463909
443,1024,800,2,0.863552,0.250801,2,0.6604
444,512,900,36,0.685833,0.870047,5,0.674225
445,2048,900,95,0.621059,0.803702,3,0.815976
446,128,500,62,0.896208,0.289844,2,0.582387
447,4096,600,22,0.884844,0.275299,6,0.679642
448,2048,800,47,0.79298,0.579037,7,0.779851
449,256,400,23,0.558325,0.227873,8,0.546487
450,4096,500,20,0.21829,0.805557,1,0.319626
451,128,900,37,0.282709,0.753637,6,0.362798
452,512,500,86,0.114875,0.186875,5,0.193192
453,1024,900,34,0.565013,0.23578,6,0.646938
454,256,400,19,0.721333,0.103815,5,0.712454
455,4096,200,25,0.624589,0.695184,10,0.213224
456,1024,100,30,0.311593,0.494797,1,0.411192
457,8192,100,27,0.193416,0.782401,10,0.387746
458,256,900,58,0.775592,0.449467,8,0.362687
459,2048,200,90,0.517281,0.702481,8,0.62128
460,256,700,95,0.252105,0.328997,9,0.241537
461,1024,500,82,0.126666,0.31674,3,0.611021
462,2048,200,21,0.898587,0.167287,1,0.177836
463,4096,800,39,0.596393,0.664573,8,0.184113
464,4096,700,51,0.31475,0.897052,7,0.415316
465,2048,900,25,0.130203,0.718417,6,0.637127
466,2048,300,89,0.315128,0.389738,2,0.79804
467,512,400,74,0.638215,0.312534,3,0.319525
468,256,700,65,0.405624,0.481173,7,0.886618
469,4096,900,62,0.620396,0.407122,5,0.32199
470,1024,300,71,0.238723,0.424888,10,0.629234
471,2048,900,70,0.311977,0.384731,2,0.7021
472,4096,900,26,0.811064,0.196841,4,0.892136
473,1024,700,86,0.347428,0.537967,4,0.458028
474,4096,200,64,0.187872,0.775944,8,0.177849
475,8192,900,49,0.286913,0.874717,4,0.279122
476,512,600,24,0.455551,0.526882,4,0.445138
477,8192,500,92,0.159316,0.230831,1,0.639956
478,2048,500,71,0.332844,0.120103,5,0.435214
479,2048,1000,30,0.219986,0.403987,6,0.320488
480,8192,200,77,0.406022,0.478461,3,0.397584
481,1024,800,63,0.320973,0.502982,9,0.512794
482,4096,500,77,0.704449,0.783432,6,0.298018
483,8192,1000,93,0.551596,0.62799,5,0.234472
484,512,900,25,0.130203,0.718417,6,0.637127
485,128,400,37,0.456657,0.641692,2,0.160884
486,8192,500,71,0.332844,0.120103,5,0.435214
487,128,900,23,0.577344,0.656447,2,0.66143
488,512,400,63,0.395998,0.46808,5,0.475591
489,4096,800,25,0.497924,0.478178,4,0.887683
490,1024,100,23,0.628745,0.701665,9,0.221016
491,128,400,53,0.728064,0.109673,4,0.428464
492,2048,1000,36,0.85406,0.635041,1,0.246723
493,8192,200,31,0.431053,0.216527,2,0.629231
494,8192,500,89,0.315378,0.387523,5,0.705202
495,128,200,34,0.193941,0.777444,3,0.390147
496,256,400,67,0.291693,0.365731,10,0.679232
497,256,500,9,0.436075,0.222441,7,0.118283
498,256,500,83,0.701064,0.7729,9,0.690864
499,2048,400,63,0.395998,0.46808,5,0.475591
500,8192,800,87,0.759213,0.430835,5,0.751711
501,1024,200,73,0.211051,0.283267,10,0.696614
502,8192,300,39,0.438464,0.614501,9,0.222976
503,2048,400,76,0.69167,0.476083,4,0.685297
504,1024,700,50,0.657244,0.841911,10,0.338067
505,128,1000,75,0.88112,0.664991,8,0.162529
506,256,800,18,0.242341,0.718993,5,0.635681
507,4096,100,42,0.737928,0.126375,6,0.841859
508,2048,600,86,0.213757,0.398377,10,0.804771
509,512,600,26,0.676028,0.748471,10,0.266939
510,128,400,57,0.412091,0.886378,5,0.890714
511,1024,400,59,0.236858,0.420992,5,0.227299
512,1024,500,5,0.221612,0.806118,8,0.214443
513,4096,800,18,0.242341,0.718993,5,0.635681
514,8192,1000,98,0.586175,0.771915,8,0.688986
515,128,400,65,0.341813,0.131667,6,0.445843
516,4096,200,87,0.388013,0.175769,3,0.583574
517,1024,800,69,0.413382,0.599422,7,0.404299
518,4096,800,80,0.169012,0.351834,3,0.647958
519,1024,300,50,0.617602,0.810229,6,0.724774
520,1024,100,65,0.301893,0.885461,5,0.37858
521,512,600,93,0.552851,0.227684,7,0.545254
522,2048,300,48,0.544219,0.333192,9,0.338994
523,256,1000,85,0.302288,0.775549,6,0.694271
524,2048,300,32,0.664481,0.445765,1,0.856813
525,256,200,72,0.394906,0.175942,1,0.186823
526,512,200,22,0.81636,0.60347,9,0.214718
527,128,500,49,0.23937,0.822102,6,0.317207
528,256,1000,37,0.69814,0.787848,3,0.798775
529,512,200,33,0.863662,0.251338,4,0.259443
530,256,700,9,0.354336,0.543151,9,0.856373
531,256,700,6,0.235176,0.328374,1,0.734242
532,128,1000,55,0.232449,0.816296,5,0.623344
533,128,600,58,0.266624,0.734271,5,0.347343
534,2048,900,88,0.219121,0.403748,7,0.415761
535,4096,100,90,0.561706,0.345543,3,0.548995
536,8192,200,90,0.517281,0.702481,8,0.62128
537,256,300,55,0.610289,0.392224,5,0.311971
538,2048,300,29,0.538634,0.210264,7,0.620141
539,256,1000,47,0.740345,0.129621,3,0.140063
540,256,300,39,0.438464,0.614501,9,0.222976
541,8192,200,61,0.117421,0.190289,3,0.202452
542,8192,200,9,0.480313,0.665352,3,0.869626
543,256,1000,10,0.810505,0.600372,8,0.204224
544,256,500,94,0.247729,0.836127,1,0.441715
545,128,200,7,0.430377,0.215206,4,0.510727
546,256,300,61,0.337016,0.810872,5,0.327902
547,256,200,95,0.52051,0.306274,2,0.604319
548,1024,900,10,0.229799,0.308635,5,0.31307
549,512,900,37,0.282709,0.753637,6,0.362798
550,512,200,95,0.52051,0.306274,2,0.604319
551,256,400,40,0.296476,0.880423,4,0.283192
552,8192,800,9,0.2279,0.416398,5,0.707317
553,256,400,89,0.719049,0.10662,1,0.112072
554,128,400,35,0.874308,0.541166,7,0.15259
555,256,500,58,0.595894,0.385992,3,0.185463
556,512,700,10,0.859164,0.131488,8,0.139068
557,4096,300,54,0.884169,0.157676,4,0.479624
558,8192,100,39,0.320973,0.788072,9,0.797571
559,4096,500,63,0.551057,0.738975,2,0.254267
560,256,200,58,0.481383,0.151726,9,0.473397
561,512,500,83,0.701064,0.7729,9,0.690864
562,256,1000,28,0.854078,0.522846,10,0.131979
563,2048,500,68,0.561295,0.346421,1,0.244844
564,4096,100,81,0.715367,0.100106,10,0.419858
565,4096,300,78,0.587157,0.368967,10,0.288368
566,1024,200,13,0.620032,0.689456,5,0.609543
567,256,100,2,0.678402,0.865125,9,0.673741
568,256,600,24,0.455551,0.526882,4,0.445138
569,128,600,1,0.219124,0.288236,2,0.207595
570,128,700,67,0.844309,0.52051,6,0.528157
571,256,400,30,0.421213,0.609999,4,0.526406
572,2048,500,50,0.424756,0.498041,9,0.415643
573,1024,700,67,0.844309,0.52051,6,0.528157
574,512,1000,83,0.323485,0.107092,7,0.804113
575,2048,500,16,0.506788,0.293756,7,0.700399
576,128,400,50,0.797786,0.585814,10,0.103218
577,4096,100,93,0.181805,0.767861,7,0.666244
578,256,700,7,0.509865,0.699071,9,0.617082
579,256,700,11,0.214871,0.285147,7,0.2941
580,128,600,49,0.247127,0.32032,7,0.237052
581,8192,400,67,0.291693,0.365731,10,0.679232
582,2048,900,79,0.76226,0.149598,9,0.557476
583,128,1000,40,0.315476,0.100461,1,0.820216
584,256,800,37,0.645998,0.321576,9,0.327257
585,2048,100,13,0.190289,0.264416,2,0.673897
586,128,600,24,0.455551,0.526882,4,0.445138
587,4096,200,18,0.315463,0.104179,3,0.511105
588,4096,600,43,0.251338,0.835449,3,0.728882
589,128,300,100,0.496382,0.283601,10,0.292431
590,8192,600,51,0.521,0.712088,6,0.601461
591,8192,700,94,0.506272,0.292607,9,0.898594
592,512,1000,88,0.691873,0.483077,1,0.398808
593,4096,800,45,0.104677,0.57834,10,0.186213
594,8192,600,64,0.455661,0.63873,7,0.85025
595,8192,600,78,0.615494,0.688549,4,0.607101
596,4096,800,15,0.215799,0.686416,5,0.298573
597,256,700,72,0.787529,0.578788,9,0.874276
598,2048,900,49,0.286913,0.874717,4,0.279122
599,1024,500,53,0.749981,0.820907,9,0.340066
600,512,1000,82,0.124828,0.19416,7,0.111875
601,4096,700,48,0.187232,0.266155,5,0.271433
602,256,700,67,0.844309,0.52051,6,0.528157
603,256,900,5,0.247729,0.836127,5,0.441715
604,128,600,33,0.522543,0.709602,6,0.319319
605,128,500,18,0.329123,0.117396,7,0.83432
606,512,500,61,0.804055,0.589639,6,0.796128
607,4096,300,70,0.856698,0.528883,9,0.537809
608,256,300,83,0.892064,0.678425,6,0.172376
609,128,700,91,0.38059,0.566983,9,0.458342
610,256,700,21,0.428438,0.616867,8,0.622204
611,4096,100,17,0.170212,0.840894,4,0.252585
612,1024,200,92,0.868384,0.140051,6,0.149342
613,1024,600,15,0.832195,0.109359,8,0.114569
614,4096,900,17,0.21829,0.290861,4,0.60958
615,512,100,20,0.231717,0.422185,3,0.313515
616,1024,1000,5,0.414414,0.488141,3,0.898637
617,512,400,79,0.11915,0.303532,7,0.621586
618,256,500,40,0.845439,0.628503,2,0.547294
619,512,800,70,0.248769,0.837333,9,0.846715
620,2048,200,69,0.187851,0.774917,3,0.786703
621,8192,600,71,0.536637,0.725748,5,0.216946
622,128,700,58,0.220126,0.806248,6,0.301839
623,256,300,69,0.706347,0.896434,8,0.413686
624,256,500,8,0.753593,0.823164,5,0.346657
625,4096,100,66,0.841653,0.118329,10,0.436519
626,128,1000,93,0.551596,0.62799,5,0.234472
627,128,800,75,0.894299,0.277038,3,0.289431
628,1024,200,61,0.117421,0.190289,3,0.202452
629,4096,600,26,0.676028,0.748471,10,0.266939
630,1024,700,31,0.799942,0.889956,10,0.787336
631,512,600,17,0.239343,0.825871,2,0.437737
632,512,1000,68,0.386105,0.573113,2,0.180284
633,4096,1000,17,0.326678,0.512511,5,0.810191
634,512,600,38,0.193398,0.268482,9,0.585857
635,128,100,90,0.561706,0.345543,3,0.548995
636,2048,600,61,0.788197,0.176221,7,0.780394
637,1024,400,82,0.221063,0.699397,7,0.612895
638,1024,900,30,0.351953,0.539327,8,0.550308
639,2048,300,8,0.160691,0.344423,5,0.239881
640,512,900,3,0.534845,0.213005,5,0.132059
641,512,400,20,0.742696,0.134324,4,0.54066
642,2048,200,89,0.156911,0.743642,3,0.352534
643,8192,800,52,0.738338,0.528818,9,0.13892
644,512,1000,84,0.637089,0.821346,9,0.316851
645,1024,400,79,0.11915,0.303532,7,0.621586
646,2048,500,22,0.310358,0.382105,10,0.301422
647,8192,200,76,0.507914,0.695975,4,0.705143
648,1024,900,13,0.562432,0.233763,7,0.153198
649,1024,600,82,0.752977,0.825003,2,0.834522
650,8192,400,4,0.790262,0.573359,6,0.187374
651,8192,600,37,0.554109,0.341923,4,0.353926
652,8192,1000,27,0.47234,0.543767,10,0.153913
653,256,700,100,0.33287,0.516277,5,0.417115
654,8192,600,61,0.788197,0.176221,7,0.780394
655,8192,1000,9,0.285327,0.477088,7,0.36925
656,256,1000,99,0.829621,0.102617,10,0.420052
657,1024,200,39,0.512774,0.300358,4,0.192106
658,128,800,59,0.856318,0.243448,9,0.145177
659,512,400,17,0.526645,0.71748,4,0.722884
660,8192,800,85,0.278836,0.464023,7,0.873138
661,512,900,32,0.614524,0.28622,7,0.203586
662,4096,400,61,0.563286,0.636868,4,0.15709
663,512,600,57,0.491999,0.678323,7,0.17954
664,1024,600,90,0.79804,0.581244,7,0.389738
665,512,1000,81,0.746037,0.525286,7,0.427857
666,256,400,80,0.119984,0.303838,5,0.31317
667,2048,900,41,0.348029,0.135132,1,0.542824
668,1024,600,44,0.433241,0.10662,8,0.112072
669,1024,900,70,0.311977,0.384731,2,0.7021
670,2048,700,89,0.185438,0.368942,4,0.174118
671,128,700,17,0.703201,0.776928,2,0.383891
672,4096,100,35,0.783688,0.567784,1,0.578675
673,1024,300,12,0.425909,0.212711,7,0.817067
674,2048,400,67,0.291693,0.365731,10,0.679232
675,4096,200,15,0.51348,0.298072,9,0.502263
676,8192,900,66,0.699821,0.486548,10,0.494553
677,4096,200,39,0.512774,0.300358,4,0.192106
678,128,900,16,0.806697,0.498858,3,0.106552
679,512,500,99,0.64024,0.423088,3,0.43298
680,1024,300,1,0.798583,0.47718,7,0.485837
681,8192,500,95,0.123235,0.596205,8,0.513801
682,128,400,36,0.832521,0.215986,9,0.627519
683,4096,400,93,0.771915,0.559915,7,0.477874
684,128,100,79,0.667272,0.856775,9,0.349313
685,2048,900,71,0.669518,0.348262,5,0.261341
686,8192,800,18,0.242341,0.718993,5,0.635681
687,256,500,41,0.732716,0.515441,7,0.832397
688,2048,800,29,0.613703,0.797571,8,0.60255
689,8192,500,17,0.25781,0.330995,10,0.74025
690,1024,700,84,0.505136,0.180965,9,0.100781
691,2048,400,18,0.573206,0.247304,8,0.56265
692,4096,300,52,0.706945,0.492375,5,0.29374
693,256,700,45,0.680827,0.750348,4,0.758497
694,8192,400,13,0.174513,0.248114,5,0.256869
695,128,1000,31,0.152809,0.338554,1,0.232802
696,128,1000,27,0.47234,0.543767,10,0.153913
697,4096,300,99,0.605718,0.676056,6,0.285135
698,256,100,76,0.355921,0.142308,7,0.152067
699,256,700,64,0.106685,0.292936,4,0.5906
700,4096,700,60,0.223345,0.405908,9,0.305031
701,1024,100,93,0.181805,0.767861,7,0.666244
702,4096,300,36,0.562432,0.233763,10,0.153198
703,512,200,2,0.726907,0.397017,4,0.808249
704,8192,500,16,0.506788,0.293756,7,0.700399
705,256,800,70,0.248769,0.837333,9,0.846715
706,1024,400,54,0.865558,0.541259,1,0.147677
707,4096,200,73,0.211051,0.283267,10,0.696614
708,512,700,6,0.235176,0.328374,1,0.734242
709,4096,100,43,0.520604,0.310591,2,0.627967
710,2048,1000,55,0.232449,0.816296,5,0.623344
711,4096,300,100,0.496382,0.283601,10,0.292431
712,256,500,35,0.643073,0.42677,7,0.837056
713,512,300,28,0.147814,0.733715,8,0.630627
714,2048,200,36,0.151849,0.734242,10,0.346359
715,2048,900,14,0.188686,0.265268,1,0.276621
716,8192,500,42,0.716624,0.899644,8,0.30274
717,1024,800,17,0.567406,0.24067,1,0.65081
718,4096,500,87,0.622097,0.716807,9,0.330048
719,1024,700,61,0.876738,0.552602,1,0.160544
720,512,500,66,0.649432,0.723637,6,0.240238
721,512,700,85,0.132342,0.719509,9,0.524289
722,1024,900,85,0.408808,0.590449,10,0.794545
723,2048,800,78,0.205045,0.677157,9,0.687703
724,512,200,35,0.577474,0.763293,2,0.257101
725,2048,800,84,0.180941,0.651464,1,0.169829
726,2048,100,75,0.308084,0.781668,4,0.699604
727,4096,200,31,0.431053,0.216527,2,0.629231
728,256,900,81,0.665697,0.854448,6,0.862138
729,256,1000,56,0.66855,0.855126,8,0.465335
730,128,200,90,0.517281,0.702481,8,0.62128
731,4096,1000,71,0.623511,0.410596,4,0.72606
732,4096,700,7,0.509865,0.699071,9,0.617082
733,1024,1000,40,0.315476,0.100461,1,0.820216
734,8192,800,73,0.149598,0.334433,7,0.63097
735,256,300,89,0.315128,0.389738,2,0.79804
736,512,1000,62,0.448955,0.234341,6,0.84151
737,8192,800,44,0.14545,0.335717,3,0.139088
738,8192,500,28,0.168629,0.758104,7,0.277955
739,256,600,44,0.433241,0.10662,8,0.112072
740,1024,400,30,0.421213,0.609999,4,0.526406
741,1024,900,98,0.545468,0.62051,3,0.6274
742,2048,800,7,0.12627,0.71762,9,0.237437
743,512,500,81,0.305883,0.488114,2,0.694484
744,1024,500,81,0.305883,0.488114,2,0.694484
745,8192,700,47,0.107047,0.291602,10,0.210205
746,256,800,13,0.618295,0.690351,3,0.208318
747,2048,100,100,0.384945,0.643933,8,0.250803
748,512,500,89,0.315378,0.387523,5,0.705202
749,4096,200,66,0.187894,0.373109,7,0.177916
750,256,1000,30,0.219986,0.403987,6,0.320488
751,128,400,96,0.332471,0.520078,7,0.13063
752,2048,700,100,0.33287,0.516277,5,0.417115
753,128,900,87,0.312662,0.805435,6,0.700684
754,4096,900,89,0.342987,0.414791,7,0.82179
755,256,300,8,0.160691,0.344423,5,0.239881
756,8192,100,36,0.543522,0.619783,7,0.22646
757,1024,100,22,0.245562,0.434026,8,0.329415
758,128,300,41,0.22436,0.811824,5,0.72869
759,8192,200,36,0.151849,0.734242,10,0.346359
760,128,1000,22,0.644907,0.226642,4,0.236528
761,8192,900,89,0.342987,0.414791,7,0.82179
762,2048,1000,92,0.164864,0.2334,9,0.646587
763,1024,200,40,0.562862,0.233808,4,0.554741
764,256,700,75,0.632103,0.816226,9,0.223605
765,2048,600,71,0.536637,0.725748,5,0.216946
766,2048,700,24,0.518748,0.307714,5,0.206394
767,8192,900,27,0.441391,0.628377,3,0.545166
768,4096,800,17,0.567406,0.24067,1,0.65081
769,128,600,64,0.455661,0.63873,7,0.85025
770,4096,100,45,0.24067,0.828616,1,0.834725
771,512,200,67,0.782643,0.855943,10,0.467253
772,8192,300,91,0.586294,0.374605,1,0.292828
773,2048,500,3,0.893572,0.680991,4,0.576443
774,8192,500,83,0.701064,0.7729,9,0.690864
775,1024,600,48,0.813037,0.200645,10,0.209885
776,1024,800,31,0.462404,0.646109,5,0.657447
777,2048,200,47,0.501553,0.172431,4,0.487664
778,8192,1000,45,0.439799,0.512216,3,0.832091
779,512,900,77,0.571137,0.35821,7,0.677157
780,512,900,5,0.247729,0.836127,5,0.441715
781,128,800,90,0.793372,0.180407,6,0.499656
782,512,100,82,0.706248,0.373687,6,0.690721
783,1024,200,18,0.315463,0.104179,3,0.511105
784,256,100,66,0.841653,0.118329,10,0.436519
785,2048,600,78,0.615494,0.688549,4,0.607101
786,128,600,52,0.646124,0.832729,8,0.235041
787,256,900,99,0.531782,0.205223,8,0.525002
788,2048,900,22,0.29161,0.764035,8,0.77449
789,4096,600,97,0.415303,0.199572,3,0.803866
790,2048,800,49,0.358938,0.433562,9,0.750002
791,128,200,96,0.206086,0.277858,4,0.596968
792,4096,500,76,0.838358,0.508544,3,0.428641
793,256,200,78,0.677256,0.869703,3,0.760438
794,4096,800,95,0.273198,0.857665,3,0.472471
795,4096,500,12,0.420358,0.201568,5,0.801459
796,4096,800,11,0.281828,0.349132,5,0.264872
797,512,800,73,0.149598,0.334433,7,0.63097
798,2048,800,68,0.649601,0.436486,1,0.238069
799,512,800,54,0.486231,0.272221,10,0.587231
800,256,500,74,0.878335,0.266554,6,0.564381
801,1024,800,44,0.14545,0.335717,3,0.139088
802,4096,900,95,0.621059,0.803702,3,0.815976
803,2048,200,72,0.394906,0.175942,1,0.186823
804,8192,300,77,0.872923,0.550083,3,0.867779
805,8192,300,80,0.769427,0.554981,8,0.561526
806,512,200,60,0.577037,0.764265,6,0.375111
807,4096,700,69,0.218954,0.8015,6,0.699292
808,128,500,83,0.701064,0.7729,9,0.690864
809,128,100,64,0.835771,0.109518,6,0.426156
810,2048,400,40,0.296476,0.880423,4,0.283192
811,8192,700,5,0.119244,0.5906,4,0.106685
812,2048,700,41,0.724393,0.109709,6,0.825871
813,512,200,68,0.506539,0.298945,5,0.303717
814,2048,700,9,0.354336,0.543151,9,0.856373
815,256,700,22,0.808437,0.593362,3,0.397698
816,128,900,74,0.235582,0.822984,8,0.629009
817,1024,100,38,0.808801,0.594419,6,0.511188
818,4096,900,34,0.565013,0.23578,6,0.646938
819,128,600,32,0.668715,0.852971,9,0.464368
820,4096,500,46,0.224312,0.700054,5,0.706809
821,1024,800,13,0.618295,0.690351,3,0.208318
822,8192,500,73,0.780326,0.455546,10,0.46337
823,1024,100,63,0.596593,0.696495,10,0.704555
824,128,800,77,0.498311,0.683618,6,0.887
825,1024,800,85,0.278836,0.464023,7,0.873138
826,4096,400,4,0.790262,0.573359,6,0.187374
827,4096,100,28,0.887865,0.559718,7,0.171747
828,512,800,32,0.549223,0.33361,7,0.145314
829,8192,400,64,0.22423,0.717578,6,0.612076
830,8192,600,87,0.701721,0.485789,10,0.896196
831,128,800,63,0.320973,0.502982,9,0.512794
832,8192,500,66,0.649432,0.723637,6,0.240238
833,128,900,93,0.892933,0.282927,6,0.573662
834,2048,700,51,0.31475,0.897052,7,0.415316
835,512,100,21,0.440174,0.509034,4,0.831016
836,4096,500,3,0.893572,0.680991,4,0.576443
837,128,600,35,0.266436,0.45438,5,0.347516
838,256,400,18,0.573206,0.247304,8,0.56265
839,128,900,13,0.562432,0.233763,7,0.153198
840,256,900,16,0.806697,0.498858,3,0.106552
841,512,1000,12,0.633325,0.817584,6,0.621873
842,128,500,30,0.895826,0.165106,8,0.574083
843,256,600,65,0.268953,0.852398,2,0.862955
844,256,800,27,0.825223,0.895451,9,0.105794
845,4096,600,29,0.551235,0.337184,7,0.657247
846,128,500,40,0.845439,0.628503,2,0.547294
847,4096,100,73,0.677161,0.750159,7,0.360249
848,8192,600,38,0.193398,0.268482,9,0.585857
849,1024,700,71,0.336017,0.524537,2,0.841195
850,512,600,28,0.368764,0.554551,5,0.450902
851,1024,700,55,0.631519,0.818545,10,0.31378
852,512,400,16,0.864933,0.247481,9,0.167222
853,128,600,66,0.544776,0.730364,10,0.138387
854,128,300,30,0.212417,0.28392,5,0.603037
855,512,500,71,0.332844,0.120103,5,0.435214
856,1024,1000,12,0.633325,0.817584,6,0.621873
857,1024,400,89,0.719049,0.10662,1,0.112072
858,1024,1000,10,0.810505,0.600372,8,0.204224
859,512,1000,38,0.631054,0.415076,3,0.831808
860,4096,400,94,0.788038,0.172852,3,0.585806
861,512,400,62,0.177927,0.360037,2,0.280024
862,256,900,47,0.106552,0.287814,7,0.292457
863,8192,900,53,0.606424,0.796376,5,0.80395
864,4096,100,86,0.811544,0.883369,10,0.892846
865,256,200,65,0.447471,0.23379,7,0.839394
866,2048,600,25,0.393236,0.183842,8,0.877164
867,512,600,74,0.270103,0.458231,1,0.376238
868,2048,1000,18,0.317504,0.107292,10,0.112828
869,8192,200,92,0.868384,0.140051,6,0.149342
870,2048,1000,39,0.783103,0.456124,8,0.463909
871,1024,1000,13,0.246331,0.433182,3,0.839706
872,128,400,5,0.745532,0.813646,3,0.429026
873,4096,700,86,0.347428,0.537967,4,0.458028
874,128,100,57,0.773757,0.558521,9,0.472199
875,128,400,9,0.852896,0.239633,10,0.446404
876,512,1000,45,0.439799,0.512216,3,0.832091
877,128,900,86,0.452942,0.64051,5,0.133334
878,1024,300,99,0.605718,0.676056,6,0.285135
879,256,200,3,0.400516,0.583348,8,0.482574
880,1024,100,16,0.769874,0.842625,7,0.853006
881,1024,400,77,0.162056,0.345639,2,0.350654
882,128,900,60,0.702974,0.776161,2,0.696497
883,256,700,93,0.294214,0.877947,7,0.680157
884,8192,400,99,0.249375,0.321768,9,0.240662
885,128,600,4,0.174755,0.76331,3,0.680456
886,8192,400,57,0.412091,0.886378,5,0.890714
887,8192,700,31,0.799942,0.889956,10,0.787336
888,4096,500,85,0.709438,0.894597,4,0.299215
889,256,500,15,0.86339,0.538638,3,0.855492
890,1024,200,70,0.413382,0.599422,3,0.517703
891,256,900,66,0.699821,0.486548,10,0.494553
892,256,900,31,0.649432,0.434137,3,0.755334
893,4096,900,44,0.656522,0.840796,1,0.336529
894,8192,800,83,0.138762,0.724484,4,0.735738
895,256,600,84,0.593272,0.267809,3,0.671771
896,1024,1000,17,0.326678,0.512511,5,0.810191
897,2048,1000,45,0.439799,0.512216,3,0.832091
898,8192,300,48,0.544219,0.333192,9,0.338994
899,256,200,5,0.835685,0.624077,3,0.230858
900,128,400,82,0.221063,0.699397,7,0.612895
901,4096,600,72,0.893702,0.163381,3,0.485935
902,256,200,86,0.435028,0.623038,3,0.230753
903,512,500,19,0.466853,0.250803,5,0.452494
904,4096,1000,12,0.633325,0.817584,6,0.621873
905,1024,300,58,0.498927,0.568496,8,0.582033
906,2048,100,83,0.521,0.712088,1,0.718635
907,8192,800,51,0.244037,0.430184,6,0.3454
908,512,100,71,0.204231,0.789949,3,0.688751
909,1024,300,29,0.538634,0.210264,7,0.620141
910,1024,400,69,0.610291,0.800385,7,0.602919
911,4096,800,35,0.551232,0.338544,8,0.654431
912,4096,400,5,0.745532,0.813646,3,0.429026
913,1024,400,17,0.526645,0.71748,4,0.722884
914,1024,200,8,0.535044,0.321186,3,0.216257
915,256,300,27,0.685249,0.875965,4,0.389709
916,8192,900,34,0.565013,0.23578,6,0.646938
917,2048,700,82,0.290622,0.870233,9,0.792526
918,256,700,37,0.238398,0.710617,2,0.229046
919,4096,300,30,0.212417,0.28392,5,0.603037
920,512,200,78,0.677256,0.869703,3,0.760438
921,4096,200,4,0.120377,0.703617,7,0.222827
922,4096,600,40,0.500707,0.287119,9,0.206444
923,8192,500,31,0.889956,0.276996,5,0.692284
924,2048,100,55,0.765429,0.154267,10,0.159715
925,1024,300,77,0.872923,0.550083,3,0.867779
926,256,400,83,0.847283,0.515993,2,0.528096
927,8192,400,50,0.797786,0.585814,10,0.103218
928,128,500,75,0.114038,0.697068,3,0.307851
929,128,600,13,0.435353,0.508469,7,0.428919
930,4096,300,7,0.874363,0.145322,10,0.863875
931,256,200,4,0.120377,0.703617,7,0.222827
932,1024,400,63,0.395998,0.46808,5,0.475591
933,256,900,33,0.180942,0.766666,9,0.377338
934,4096,700,54,0.861102,0.647958,5,0.169012
935,1024,600,61,0.788197,0.176221,7,0.780394
936,256,1000,96,0.704403,0.884561,3,0.807186
937,1024,200,15,0.51348,0.298072,9,0.502263
938,8192,300,82,0.589617,0.772973,6,0.384648
939,8192,700,13,0.883944,0.555687,9,0.876131
940,256,400,41,0.89676,0.283157,3,0.179753
941,2048,800,56,0.156482,0.652184,8,0.550899
942,8192,900,65,0.140483,0.729833,2,0.229093
943,2048,100,73,0.677161,0.750159,7,0.360249
944,1024,300,23,0.803866,0.594795,2,0.485253
945,512,900,1,0.288884,0.872015,5,0.680493
946,128,900,75,0.75913,0.145384,9,0.864756
947,2048,300,69,0.706347,0.896434,8,0.413686
948,1024,300,47,0.802172,0.87478,8,0.39159
949,128,1000,16,0.839542,0.22699,5,0.14338
950,2048,500,75,0.114038,0.697068,3,0.307851
951,1024,800,81,0.757722,0.424368,2,0.43937
952,1024,800,99,0.72421,0.400261,9,0.406578
953,1024,800,86,0.164481,0.2362,4,0.151974
954,256,900,42,0.222171,0.413495,1,0.215538
955,256,300,43,0.340829,0.525727,8,0.841364
956,512,800,72,0.201173,0.676209,4,0.59538
957,4096,1000,5,0.414414,0.488141,3,0.898637
958,8192,700,63,0.486548,0.673938,8,0.282738
959,2048,600,97,0.415303,0.199572,3,0.803866
960,4096,900,65,0.140483,0.729833,2,0.229093
961,256,300,38,0.559553,0.625976,8,0.145167
962,4096,800,50,0.423295,0.210007,10,0.131057
963,8192,600,72,0.893702,0.163381,3,0.485935
964,1024,300,79,0.404985,0.191272,6,0.600165
965,512,900,12,0.661919,0.84669,1,0.76329
966,512,300,50,0.617602,0.810229,6,0.724774
967,1024,200,26,0.545822,0.326438,7,0.226136
968,512,600,56,0.630578,0.819642,4,0.713067
969,4096,800,91,0.398424,0.585032,9,0.102732
970,1024,800,89,0.504339,0.288368,9,0.587157
971,2048,900,7,0.465145,0.538634,2,0.149092
972,128,300,95,0.164428,0.352982,7,0.761738
973,128,400,49,0.367808,0.551241,2,0.447351
974,128,100,86,0.811544,0.883369,10,0.892846
975,128,800,11,0.281828,0.349132,5,0.264872
976,8192,1000,4,0.441427,0.51262,10,0.525647
977,2048,400,48,0.214464,0.687948,4,0.696003
978,256,700,83,0.591571,0.26118,6,0.272775
979,2048,700,29,0.646249,0.835757,9,0.327748
980,128,700,41,0.724393,0.109709,6,0.825871
981,256,300,14,0.567314,0.237865,9,0.649725
982,1024,700,75,0.632103,0.816226,9,0.223605
983,128,800,29,0.613703,0.797571,8,0.60255
984,2048,500,73,0.780326,0.455546,10,0.46337
985,2048,1000,85,0.302288,0.775549,6,0.694271
986,128,700,82,0.290622,0.870233,9,0.792526
987,256,900,46,0.886118,0.675925,1,0.28472
988,4096,1000,53,0.346197,0.132926,1,0.337149
989,512,400,81,0.588977,0.777169,2,0.784197
990,256,500,6,0.634181,0.730126,9,0.225913
991,8192,300,16,0.208938,0.284366,3,0.204719
992,2048,1000,89,0.754304,0.136942,5,0.437838
993,4096,300,62,0.539848,0.212161,6,0.130316
994,8192,500,58,0.595894,0.385992,3,0.185463
995,2048,900,20,0.577605,0.764293,1,0.259277
996,256,700,33,0.421324,0.608456,3,0.220844
997,4096,100,94,0.771953,0.560014,10,0.568692
998,256,400,71,0.183132,0.681605,4,0.577976
999,512,900,26,0.811064,0.196841,4,0.892136
1000,128,300,87,0.61886,0.802094,8,0.722891
