Time,Waiting Queue,Processors Queue,Number of available processors
0,"[0, 1, 2, 3, 4, 5, 6, 7, 8, 9, 10, 11, 12, 13, 14]",[],1500
2308,"[3, 5, 7, 9, 11, 13, 30]","[0, 2, 4, 6, 8, 10, 12, 1]",248
5919,"[3, 7, 9, 11, 13, 30]","[0, 2, 4, 6, 8, 12, 1, 5]",221
8715,"[3, 9, 11, 13, 30]","[0, 2, 4, 6, 12, 1, 5, 7]",246
10002,"[3, 13, 30]","[0, 2, 4, 12, 1, 5, 7, 9, 11]",307
11800,"[13, 30]","[0, 2, 4, 12, 5, 7, 9, 11, 3]",143
12381,"[13, 30]","[0, 4, 12, 5, 7, 9, 11, 3]",251
16812,[30],"[4, 12, 5, 7, 9, 11, 3, 13]",307
17501,"[30, 33]","[4, 12, 5, 7, 9, 11, 3]",465
17686,[15],"[12, 5, 7, 9, 11, 3, 30, 33]",143
18028,[15],"[12, 5, 7, 9, 11, 30, 33]",423
18628,"[16, 18, 28, 29, 35, 36]","[12, 5, 7, 9, 30, 33, 15]",247
19029,"[18, 29, 35, 36, 19]","[12, 7, 9, 30, 33, 15, 16, 28]",286
21897,"[29, 35, 36]","[12, 7, 9, 30, 33, 15, 28, 18, 19]",145
23803,"[35, 36, 23, 39, 42, 43]","[7, 9, 30, 33, 15, 28, 18, 19, 29]",129
24450,"[35, 36, 23, 39, 42, 43]","[7, 9, 30, 33, 28, 18, 19, 29]",422
25670,"[36, 39, 42, 43]","[7, 9, 33, 28, 18, 19, 29, 35, 23]",329
27439,"[36, 42, 43, 17, 26, 31, 37]","[7, 33, 28, 18, 19, 29, 35, 23, 39]",241
29174,"[36, 43, 26, 31, 37]","[7, 33, 28, 18, 19, 29, 23, 39, 42, 17]",263
30417,"[36, 26, 37]","[7, 33, 28, 18, 19, 29, 23, 42, 17, 43, 31]",218
32471,"[36, 26, 20, 21, 22, 24, 25, 27, 32, 34, 38, 40, 41, 44]","[33, 28, 18, 19, 29, 23, 42, 17, 43, 31, 37]",166
35177,"[36, 26, 20, 22, 25, 27, 32, 34, 38, 40, 41, 44]","[33, 18, 19, 29, 23, 42, 17, 43, 31, 37, 21, 24]",93
35517,"[36, 26, 20, 22, 25, 27, 34, 38, 40, 41, 44]","[33, 18, 19, 29, 23, 42, 17, 43, 31, 37, 21, 32]",72
36629,"[36, 26, 20, 22, 25, 27, 34, 38, 40, 41, 44]","[33, 18, 19, 29, 23, 17, 43, 31, 37, 21, 32]",206
37585,"[36, 26, 20, 22, 25, 27, 34, 40, 41, 44]","[33, 18, 19, 23, 17, 43, 31, 37, 21, 32, 38]",200
37877,"[36, 26, 20, 22, 25, 27, 34, 41, 44]","[33, 18, 19, 17, 43, 31, 37, 21, 32, 38, 40]",216
37976,"[36, 26, 20, 22, 25, 34, 41, 44]","[18, 19, 17, 43, 31, 37, 21, 32, 38, 40, 27]",106
40818,"[36, 26, 20, 22, 25, 34, 41, 44]","[18, 19, 17, 43, 31, 37, 21, 38, 40, 27]",165
41269,"[36, 26, 20, 22, 25, 34, 44, 57]","[19, 17, 43, 31, 37, 21, 38, 40, 27, 41]",150
44077,"[36, 26, 20, 22, 25, 34, 57]","[19, 17, 43, 31, 37, 38, 40, 27, 41, 44]",115
46049,"[36, 26, 20, 22, 25, 34, 57, 55]","[19, 17, 31, 37, 38, 40, 27, 41, 44]",270
46369,"[36, 20, 22, 25, 34, 57, 55]","[19, 17, 31, 37, 38, 27, 41, 44, 26]",162
46444,"[36, 20, 22, 25, 34, 55, 60]","[19, 31, 37, 38, 27, 41, 44, 26, 57]",127
47073,"[36, 20, 22, 25, 34, 55, 60]","[19, 37, 38, 27, 41, 44, 26, 57]",233
49633,"[36, 20, 22, 25, 34, 60]","[19, 38, 27, 41, 44, 26, 57, 55]",262
50642,"[36, 22, 25, 34, 60]","[19, 27, 41, 44, 26, 57, 55, 20]",162
53488,"[36, 22, 25, 34, 60, 69]","[19, 27, 41, 44, 57, 55, 20]",396
54656,"[36, 25, 34, 60, 69]","[19, 27, 44, 57, 55, 20, 22]",311
55635,"[36, 25, 34, 69, 58]","[19, 44, 57, 55, 20, 22, 60]",344
58395,"[36, 34, 69, 58, 73]","[19, 44, 57, 55, 20, 22, 25]",192
59062,"[36, 34, 69, 73]","[19, 44, 57, 55, 22, 25, 58]",325
63560,"[36, 34, 73]","[19, 44, 57, 55, 22, 58, 69]",380
63641,"[36, 34]","[19, 57, 55, 22, 58, 69, 73]",279
64041,"[36, 34]","[19, 55, 22, 58, 69, 73]",417
65314,"[34, 49, 52]","[19, 55, 58, 69, 73, 36]",242
67027,"[34, 45, 47, 50, 51, 56]","[55, 58, 69, 73, 36, 49, 52]",117
69091,"[34, 47, 50, 51, 56]","[58, 69, 73, 36, 49, 52, 45]",170
69558,"[34, 50, 51, 56]","[58, 73, 36, 49, 52, 45, 47]",348
70938,"[34, 51]","[58, 73, 36, 49, 45, 47, 50, 56]",76
72575,"[34, 51, 75]","[58, 73, 36, 49, 45, 47, 50]",192
73144,"[34, 75, 46, 54, 61, 68]","[58, 73, 49, 45, 47, 50, 51]",425
75424,"[75, 46, 54, 61, 68, 118]","[58, 49, 45, 47, 50, 51, 34]",235
79733,"[75, 54, 61, 68, 118, 48, 53, 59, 62, 63, 64, 65, 66, 67]","[58, 49, 45, 47, 50, 51, 46]",515
80775,"[54, 61, 68, 48, 53, 59, 62, 63, 64, 65, 66, 67]","[49, 45, 47, 50, 51, 46, 75, 118]",139
81122,"[54, 61, 68, 48, 62, 63, 64, 65, 66, 67]","[49, 45, 47, 51, 46, 75, 118, 53, 59]",227
84711,"[61, 68, 48, 62, 63, 64, 65, 66, 67]","[49, 45, 47, 51, 46, 75, 118, 53, 54]",99
85550,"[61, 68, 48, 62, 63, 64, 65, 66, 67]","[49, 45, 47, 51, 75, 118, 53, 54]",237
88620,"[61, 68, 62, 63, 64, 65, 66, 67]","[49, 45, 47, 51, 118, 53, 54, 48]",347
89618,"[68, 62, 63, 64, 65, 66, 67]","[49, 45, 47, 51, 118, 54, 48, 61]",103
90813,"[68, 62, 63, 64, 65, 66, 67]","[49, 45, 51, 118, 54, 48, 61]",205
91119,"[68, 63, 64, 65, 66, 67]","[49, 51, 118, 54, 48, 61, 62]",173
91540,"[68, 63, 65, 66, 67]","[49, 118, 54, 48, 61, 62, 64]",249
93086,"[63, 65, 66, 67]","[49, 118, 54, 61, 62, 64, 68]",231
93885,"[63, 66, 67, 74]","[118, 54, 61, 62, 64, 68, 65]",151
98370,"[63, 67, 74, 71]","[118, 54, 61, 62, 64, 68, 65]",151
99769,"[63, 67, 71, 85]","[118, 54, 61, 62, 64, 65, 74]",263
101012,"[63, 67]","[118, 54, 62, 64, 65, 74, 71, 85]",359
105261,"[67, 72, 77, 84]","[118, 54, 64, 65, 74, 71, 85, 63]",146
105280,"[67, 72]","[118, 54, 64, 65, 71, 85, 63, 77, 84]",138
105400,"[67, 72, 80]","[118, 54, 65, 71, 85, 63, 77, 84]",243
105964,"[67, 80]","[54, 65, 71, 85, 63, 77, 84, 72]",210
106029,"[67, 80]","[54, 71, 85, 63, 77, 84, 72]",439
106272,[80],"[54, 71, 63, 77, 84, 72, 67]",245
108435,"[80, 78, 79, 81]","[71, 63, 77, 84, 72, 67]",398
109251,"[78, 79, 81]","[71, 63, 84, 72, 67, 80]",103
109409,"[78, 79, 94]","[71, 63, 84, 67, 80, 81]",192
110339,"[79, 94]","[71, 84, 67, 80, 81, 78]",365
113110,[],"[71, 84, 67, 80, 81, 78, 94]",259
114236,[93],"[84, 67, 80, 81, 78, 94]",338
114362,"[70, 76, 82, 83]","[84, 80, 81, 78, 94, 93]",474
118789,"[76, 82]","[84, 80, 81, 78, 94, 93, 83]",321
119371,"[82, 104]","[84, 81, 78, 94, 93, 83, 76]",471
120799,[104],"[84, 81, 78, 94, 83, 76, 82]",327
122265,"[90, 92, 105, 109, 111]","[84, 81, 78, 94, 83, 82, 104]",392
125100,"[92, 105, 109, 111]","[84, 81, 78, 94, 83, 82, 104]",392
126141,"[105, 109, 111, 95, 102, 114]","[84, 78, 94, 83, 82, 104, 92]",158
126841,"[105, 109, 111, 95, 114, 88, 97, 100]","[84, 78, 94, 83, 104, 92, 102]",376
127444,"[105, 109, 95, 114, 88, 97, 100]","[84, 78, 94, 83, 92, 102, 111]",178
129138,"[105, 109, 95, 88, 100, 101, 103]","[84, 94, 83, 92, 102, 111, 114, 97]",201
130546,"[105, 109, 95, 100, 101, 87, 108, 116, 119]","[94, 83, 92, 102, 111, 114, 97, 88, 103]",110
132440,"[105, 109, 95, 100, 101, 87, 116, 119]","[94, 83, 92, 102, 114, 97, 88, 103, 108]",339
133596,"[105, 109, 100, 101, 87, 116, 119]","[83, 92, 102, 114, 97, 88, 103, 108, 95]",139
134318,"[105, 109, 100, 101, 87, 116, 119]","[83, 92, 102, 114, 97, 88, 103, 95]",234
134520,"[105, 109, 100, 101, 87, 119]","[83, 102, 114, 97, 88, 103, 95, 116]",336
134959,"[105, 109, 101, 87, 119]","[83, 102, 114, 97, 103, 95, 116, 100]",60
135666,"[105, 109, 101, 87, 119]","[83, 102, 114, 103, 95, 116, 100]",155
137398,"[105, 109, 101, 87, 119]","[83, 102, 114, 95, 116, 100]",292
139502,"[105, 109, 101, 87]","[83, 102, 114, 95, 100, 119]",337
140328,"[105, 109, 87, 86, 89, 91, 96, 98, 99, 106, 107, 110, 112, 113, 115, 117]","[102, 114, 95, 100, 119, 101]",193
140707,"[105, 109, 87, 89, 91, 96, 98, 99, 106, 107, 110, 112, 113, 115, 117]","[102, 95, 100, 119, 101, 86]",161
141768,"[105, 109, 87, 91, 96, 98, 99, 106, 107, 110, 112, 113, 115, 117]","[102, 95, 119, 101, 86, 89]",350
143735,"[105, 109, 91, 96, 98, 99, 106, 107, 110, 112, 113, 115, 117]","[102, 119, 101, 86, 89, 87]",358
144113,"[105, 109, 96, 99, 106, 107, 110, 112, 113, 115, 117]","[102, 101, 86, 89, 87, 91, 98]",249
146375,"[105, 109, 96, 106, 110, 112, 113, 115, 117]","[101, 86, 89, 87, 91, 98, 99, 107]",148
147935,"[105, 109, 96, 106, 110, 112, 115, 117]","[101, 86, 89, 87, 91, 98, 107, 113]",132
149183,"[105, 109, 96, 106, 110, 112, 115]","[86, 89, 87, 91, 98, 107, 113, 117]",297
149336,"[105, 109, 106, 110, 112, 115]","[86, 89, 87, 98, 107, 113, 117, 96]",195
151422,"[105, 109, 106, 110, 115]","[89, 87, 98, 107, 113, 117, 96, 112]",103
153036,"[105, 109, 106, 110, 115]","[89, 98, 107, 113, 117, 96, 112]",401
154989,"[109, 106, 110, 115, 134]","[89, 107, 113, 117, 96, 112, 105]",162
155004,"[109, 106, 110, 115, 134]","[89, 107, 113, 117, 112, 105]",412
156035,"[109, 110, 115, 134, 122]","[107, 113, 117, 112, 105, 106]",306
157307,"[109, 115, 134, 122]","[107, 117, 112, 105, 106, 110]",186
163706,"[109, 115, 134, 122, 123]","[107, 117, 112, 106, 110]",567
165321,"[115, 134, 122, 123, 131, 133]","[107, 117, 106, 110, 109]",317
165882,"[134, 122, 123, 131, 133, 132, 144]","[117, 106, 110, 109, 115]",208
170299,"[134, 122, 123, 133, 132]","[117, 106, 110, 109, 115, 131]",106
171109,"[134, 122, 123, 133, 132, 128, 138]","[117, 106, 110, 115, 131]",540
171537,"[122, 133, 132, 128, 138, 124, 130, 135, 139, 143]","[117, 110, 115, 131, 134, 123]",304
171947,"[133, 132, 128, 138, 124, 135, 139, 143, 120, 127, 129, 136, 142, 145, 146, 148, 149]","[117, 115, 131, 134, 123, 122, 130]",286
172625,"[132, 128, 124, 135, 139, 143, 120, 127, 129, 136, 142, 145, 146, 148, 149]","[117, 115, 131, 134, 123, 122, 133, 138]",75
174286,"[132, 128, 124, 135, 143, 120, 127, 129, 136, 142, 145, 146, 148, 149, 126, 137, 140, 141]","[117, 131, 134, 123, 122, 133, 138, 139]",245
175082,"[128, 124, 135, 143, 120, 127, 129, 136, 142, 145, 146, 148, 149, 126, 137, 140, 141]","[117, 134, 123, 122, 133, 138, 139, 132]",144
177043,"[128, 124, 135, 120, 127, 129, 136, 142, 145, 146, 148, 149, 126, 137, 140, 141, 121, 125, 147, 150, 151]","[134, 123, 122, 133, 138, 139, 132, 143]",195
181462,"[128, 124, 135, 127, 129, 136, 142, 145, 146, 148, 149, 126, 137, 140, 141, 121, 125, 147, 150, 151]","[134, 123, 122, 133, 138, 139, 132, 120]",102
183089,"[128, 124, 135, 127, 129, 136, 145, 146, 148, 149, 126, 137, 140, 141, 121, 125, 147, 150, 151]","[123, 122, 133, 138, 139, 132, 120, 142]",270
183141,"[128, 124, 135, 127, 129, 145, 146, 148, 149, 126, 137, 140, 141, 121, 125, 147, 150, 151]","[123, 122, 133, 138, 139, 120, 142, 136]",287
183461,"[128, 124, 135, 127, 129, 146, 148, 149, 137, 140, 141, 121, 125, 147, 150, 151]","[123, 122, 133, 138, 120, 142, 136, 145, 126]",65
185062,"[128, 124, 135, 127, 129, 146, 148, 149, 137, 140, 141, 121, 125, 147, 150, 151]","[122, 133, 138, 120, 142, 136, 145, 126]",298
187313,"[128, 124, 135, 127, 129, 148, 149, 137, 140, 141, 121, 125, 147, 150, 151]","[133, 138, 120, 142, 136, 145, 126, 146]",279
188103,"[128, 124, 135, 127, 129, 149, 140, 141, 121, 125, 147, 150, 151]","[133, 138, 120, 136, 145, 126, 146, 148, 137]",94
189157,"[128, 124, 135, 127, 129, 149, 140, 141, 121, 125, 147, 150, 151]","[133, 120, 136, 145, 126, 146, 148, 137]",191
190097,"[128, 124, 135, 127, 129, 140, 141, 121, 125, 147, 150, 151]","[133, 120, 136, 145, 126, 148, 137, 149]",311
190589,"[128, 124, 135, 129, 140, 141, 121, 125, 147, 150, 151]","[120, 136, 145, 126, 148, 137, 149, 127]",176
192875,"[128, 124, 135, 129, 141, 121, 125, 147, 150, 151]","[136, 145, 126, 148, 137, 149, 127, 140]",245
195800,"[128, 124, 135, 129, 121, 125, 147, 150, 151]","[136, 145, 126, 148, 137, 149, 127, 141]",191
198266,"[128, 124, 135, 129, 121, 147, 150, 151]","[145, 126, 148, 137, 149, 127, 141, 125]",235
198848,"[128, 124, 135, 129, 121, 150, 151]","[145, 126, 148, 137, 149, 141, 125, 147]",400
199874,"[124, 135, 129, 121, 150, 151]","[145, 126, 148, 137, 149, 125, 147, 128]",206
201227,"[124, 135, 129, 121, 150]","[145, 126, 148, 137, 125, 147, 128, 151]",168
203416,"[124, 135, 129, 121, 150]","[126, 148, 137, 125, 147, 128, 151]",353
203842,"[124, 135, 121, 150, 152]","[148, 137, 125, 147, 128, 151, 129]",129
207564,"[124, 135, 121, 150]","[148, 137, 125, 147, 151, 129, 152]",396
210068,"[124, 135, 121]","[148, 137, 125, 147, 151, 129, 150]",132
211481,"[124, 135, 121]","[137, 125, 147, 151, 129, 150]",247
212102,"[124, 135, 121]","[125, 147, 151, 129, 150]",398
215055,"[124, 135, 121, 162, 163]","[125, 147, 151, 150]",718
215194,"[135, 121, 163, 166]","[125, 151, 150, 124, 162]",338
215931,"[135, 121, 163, 153, 155, 159]","[125, 151, 124, 162, 166]",414
216519,"[121, 163, 153, 155, 159]","[125, 124, 162, 166, 135]",156
217009,"[121, 163, 155, 159]","[124, 162, 166, 135, 153]",155
223658,"[121, 163, 155]","[124, 162, 135, 153, 159]",311
223874,"[121, 163, 154, 164]","[162, 135, 153, 159, 155]",568
225035,"[163, 156, 157]","[162, 153, 159, 155, 121, 154, 164]",451
226523,"[156, 157, 188]","[162, 153, 159, 121, 154, 164, 163]",276
227858,"[157, 188]","[162, 153, 159, 121, 164, 163, 156]",151
229942,[157],"[162, 153, 121, 164, 163, 156, 188]",130
231964,"[157, 158, 160, 161, 165]","[162, 153, 164, 163, 156, 188]",534
233947,"[161, 165]","[162, 153, 164, 163, 188, 157, 160, 158]",221
235755,[165],"[162, 153, 164, 188, 157, 160, 158, 161]",455
235896,[173],"[162, 153, 188, 157, 160, 158, 161, 165]",205
239185,"[173, 170, 193]","[162, 153, 188, 157, 158, 161, 165]",367
239493,[193],"[162, 153, 188, 157, 161, 165, 173, 170]",192
241406,"[193, 167, 174, 186]","[162, 188, 157, 161, 165, 173, 170]",335
243199,"[167, 174, 186, 168, 177, 178, 181, 183, 187]","[162, 188, 157, 161, 173, 170, 193]",396
244497,"[174, 168, 177, 178, 181, 183, 187, 169, 172, 179, 180, 182, 189, 191]","[162, 188, 161, 173, 170, 193, 167, 186]",266
246059,"[168, 178, 181, 183, 187, 169, 172, 179, 180, 182, 189, 191, 171, 184, 185, 190]","[162, 188, 173, 170, 193, 167, 186, 174, 177]",120
248921,"[168, 178, 181, 183, 169, 172, 179, 180, 182, 189, 191, 171, 184, 185, 190]","[162, 188, 173, 170, 167, 186, 174, 177, 187]",261
251385,"[168, 181, 183, 169, 172, 179, 180, 182, 189, 171, 184, 185, 190]","[162, 188, 173, 170, 167, 186, 174, 187, 178, 191]",189
251752,"[168, 181, 169, 172, 179, 180, 182, 189, 171, 184, 185, 190]","[162, 188, 173, 170, 167, 186, 174, 187, 178, 183]",60
253242,"[168, 181, 169, 172, 179, 180, 182, 189, 171, 184, 185, 190]","[162, 188, 173, 170, 167, 186, 174, 187, 183]",271
253774,"[181, 169, 172, 179, 180, 182, 189, 171, 184, 185, 190]","[162, 188, 173, 170, 167, 186, 174, 187, 168]",159
254026,"[181, 169, 172, 179, 180, 189, 171, 184, 185, 190]","[162, 188, 170, 167, 186, 174, 187, 168, 182]",280
254034,"[181, 172, 179, 180, 189, 171, 184, 190]","[162, 188, 170, 186, 174, 187, 168, 182, 169, 185]",215
254205,"[181, 179, 180, 189, 171, 184, 190]","[162, 170, 186, 174, 187, 168, 182, 169, 185, 172]",141
257453,"[181, 179, 180, 189, 184, 190, 203]","[162, 170, 186, 187, 168, 182, 169, 185, 172, 171]",97
259788,"[181, 179, 180, 189, 190, 203, 175, 176, 192]","[170, 186, 187, 168, 182, 169, 185, 172, 171, 184]",92
260791,"[181, 179, 180, 189, 190, 203, 175, 176, 192]","[170, 186, 187, 168, 182, 169, 172, 171, 184]",159
262348,"[181, 179, 180, 189, 190, 175, 176, 192]","[170, 186, 187, 182, 169, 172, 171, 184, 203]",308
264489,"[181, 180, 189, 190, 175, 176, 192, 194]","[170, 187, 182, 169, 172, 171, 184, 203, 179]",120
265623,"[181, 180, 189, 190, 175, 176, 192, 194]","[170, 182, 169, 172, 171, 184, 203, 179]",223
269526,"[181, 180, 190, 175, 176, 192, 194]","[170, 182, 169, 171, 184, 203, 179, 189]",268
269786,"[181, 180, 175, 176, 192, 194]","[170, 182, 171, 184, 203, 179, 189, 190]",202
270116,"[181, 180, 175, 192, 194, 207]","[170, 182, 171, 184, 203, 189, 190, 176]",304
272326,"[181, 180, 175, 194, 207]","[182, 171, 184, 203, 189, 190, 176, 192]",231
277448,"[181, 180, 175, 194, 207]","[182, 184, 203, 189, 190, 176, 192]",372
279692,"[180, 175, 194, 207]","[182, 203, 189, 190, 176, 192, 181]",130
279991,"[180, 175, 194, 207]","[182, 203, 189, 176, 192, 181]",396
280117,"[175, 194, 207, 204]","[182, 203, 189, 192, 181, 180]",251
282781,"[175, 194, 207, 204, 217]","[203, 189, 192, 181, 180]",396
284667,"[194, 207, 204, 217]","[189, 192, 181, 180, 175]",132
285588,"[194, 207, 204, 217, 214]","[192, 181, 180, 175]",300
286580,"[194, 204, 217, 214, 195, 198, 202, 212, 216]","[192, 181, 175, 207]",374
288386,"[204, 217, 214, 195, 198, 202, 212, 216, 196, 200, 205, 211, 215, 223]","[192, 175, 207, 194]",398
288486,"[217, 195, 198, 202, 212, 216, 196, 200, 205, 211, 215, 223, 197, 199, 220, 222]","[192, 207, 194, 204, 214]",414
294732,"[195, 198, 212, 216, 196, 200, 205, 211, 215, 223, 197, 199, 220, 222]","[192, 207, 204, 214, 217, 202]",315
294946,"[198, 216, 196, 200, 205, 211, 215, 223, 197, 199, 220, 222, 201, 206, 208, 209, 210, 213, 218, 219, 221]","[207, 204, 214, 217, 202, 195, 212]",164
298194,"[198, 216, 196, 200, 205, 215, 223, 199, 220, 222, 201, 206, 208, 209, 210, 213, 218, 219, 221]","[207, 204, 214, 217, 202, 212, 211, 197]",150
301129,"[198, 216, 196, 200, 205, 215, 199, 220, 222, 201, 206, 208, 209, 210, 213, 218, 219, 221]","[204, 214, 217, 202, 212, 211, 197, 223]",271
301154,"[216, 196, 200, 205, 215, 199, 220, 222, 201, 206, 209, 210, 213, 218, 219, 221]","[204, 214, 217, 202, 212, 197, 223, 198, 208]",67
302627,"[216, 196, 200, 205, 215, 199, 220, 222, 201, 206, 209, 213, 218, 219, 221]","[204, 214, 217, 202, 212, 197, 198, 208, 210]",147
303963,"[216, 196, 200, 205, 215, 220, 222, 201, 206, 209, 213, 218, 219, 221]","[214, 217, 202, 212, 197, 198, 208, 210, 199]",278
304758,"[196, 200, 205, 215, 220, 222, 201, 206, 209, 213, 218, 219, 221]","[214, 217, 202, 212, 197, 198, 210, 199, 216]",155
305847,"[196, 200, 205, 215, 220, 222, 201, 206, 209, 213, 218, 221]","[214, 217, 202, 197, 198, 210, 199, 216, 219]",195
307042,"[200, 205, 215, 220, 222, 201, 206, 209, 213, 218, 221]","[214, 202, 197, 198, 210, 199, 216, 219, 196]",252
307992,"[205, 215, 220, 222, 201, 206, 209, 213, 218, 221]","[202, 197, 198, 210, 199, 216, 219, 196, 200]",156
309684,"[205, 215, 220, 222, 201, 206, 209, 213, 218, 221]","[202, 197, 210, 199, 216, 219, 196, 200]",372
309906,"[215, 220, 222, 201, 206, 209, 213, 218, 221, 228]","[202, 197, 199, 216, 219, 196, 200, 205]",170
310129,"[215, 220, 201, 206, 209, 213, 218, 221, 228, 235]","[202, 197, 199, 216, 219, 200, 205, 222]",176
311241,"[220, 201, 206, 209, 213, 218, 221, 228, 235, 229]","[197, 199, 216, 219, 200, 205, 222, 215]",187
312907,"[201, 206, 209, 213, 218, 221, 228, 235, 229]","[197, 199, 216, 219, 200, 205, 215, 220]",163
313373,"[201, 209, 213, 218, 221, 228, 235, 229]","[197, 199, 219, 200, 205, 215, 220, 206]",177
314362,"[201, 213, 218, 221, 228, 235, 229, 224]","[199, 219, 200, 205, 215, 220, 206, 209]",100
317284,"[201, 213, 218, 221, 228, 235, 229, 224]","[219, 200, 205, 215, 220, 206, 209]",231
317689,"[201, 213, 218, 228, 235, 229, 224]","[219, 200, 215, 220, 206, 209, 221]",311
323017,"[213, 218, 228, 235, 229, 224]","[219, 200, 215, 220, 206, 221, 201]",183
323296,"[213, 218, 228, 229, 224, 241]","[219, 200, 215, 220, 206, 221, 235]",338
323475,"[218, 228, 229, 224, 241]","[219, 200, 215, 220, 221, 235, 213]",225
323806,"[218, 228, 224, 241, 230]","[219, 200, 215, 220, 235, 213, 229]",179
325775,"[218, 228, 224, 241, 240]","[219, 215, 220, 235, 213, 229, 230]",208
326210,"[218, 228, 224, 241, 232]","[219, 215, 235, 213, 229, 230, 240]",286
328462,"[218, 228, 241, 232]","[215, 235, 213, 229, 230, 240, 224]",153
329514,"[218, 228, 241, 232]","[215, 235, 213, 229, 230, 224]",260
332631,"[218, 228, 241]","[215, 235, 213, 229, 230, 232]",260
334135,"[218, 228, 241, 227, 238, 246]","[235, 213, 229, 230, 232]",433
334552,"[228, 241, 227, 246]","[235, 213, 229, 232, 218, 238]",205
336077,"[228, 241, 246, 225, 236, 243, 244, 245]","[235, 229, 232, 218, 238, 227]",331
339648,"[241, 246, 225, 236, 243, 244, 245]","[235, 229, 218, 238, 227, 228]",289
341059,"[246, 225, 236, 243, 244, 245, 226, 231, 233, 234, 237, 239, 242]","[235, 229, 238, 227, 228, 241]",347
342550,"[225, 236, 243, 244, 245, 226, 231, 233, 234, 237, 239, 242, 266, 275]","[235, 238, 227, 228, 241, 246]",228
343598,"[225, 243, 245, 226, 231, 233, 234, 237, 239, 242, 266, 275]","[235, 227, 228, 241, 246, 236, 244]",99
344181,"[225, 243, 245, 231, 233, 237, 239, 242, 266, 275]","[235, 227, 228, 246, 236, 244, 226, 234]",266
344544,"[243, 245, 231, 233, 237, 239, 242, 266, 275, 269]","[235, 227, 246, 236, 244, 226, 234, 225]",330
344725,"[245, 233, 237, 239, 242, 266, 275, 269]","[227, 246, 236, 244, 226, 234, 225, 243, 231]",239
345305,"[233, 237, 239, 242, 266, 275, 269, 256]","[227, 246, 244, 226, 234, 225, 243, 231, 245]",139
346755,"[233, 239, 242, 266, 275, 269, 256]","[227, 246, 244, 226, 234, 225, 243, 245, 237]",75
351164,"[233, 239, 242, 266, 275, 269, 256]","[227, 246, 244, 226, 225, 243, 245, 237]",123
351301,"[233, 239, 242, 266, 269, 256]","[227, 244, 226, 225, 243, 245, 237, 275]",351
351334,"[239, 242, 269, 256, 259]","[244, 226, 225, 243, 245, 237, 275, 233, 266]",149
351491,"[239, 242, 269, 256, 259, 251]","[244, 226, 243, 245, 237, 275, 233, 266]",380
351783,"[242, 269, 256, 259, 251]","[244, 226, 243, 237, 275, 233, 266, 239]",319
353740,"[269, 256, 259, 251]","[244, 243, 237, 275, 233, 266, 239, 242]",62
353771,"[269, 256, 259, 251, 249, 252]","[244, 243, 275, 233, 266, 239, 242]",169
356060,"[269, 256, 251, 249, 252, 278]","[243, 275, 233, 266, 239, 242, 259]",142
356482,"[269, 256, 251, 252, 278, 288]","[243, 275, 233, 239, 242, 259, 249]",156
356985,"[269, 256, 251, 252, 278, 248, 255, 263, 265, 271, 274, 276]","[243, 275, 239, 242, 259, 249, 288]",278
358493,"[269, 256, 251, 278, 248, 255, 263, 265, 271, 274, 276]","[243, 275, 239, 242, 259, 249, 252]",109
359729,"[269, 256, 251, 278, 248, 255, 263, 265, 271, 274, 276, 257, 261]","[243, 275, 239, 259, 249, 252]",414
359906,"[256, 251, 278, 248, 255, 263, 265, 271, 274, 276, 257, 261, 247, 250, 260, 262, 268, 270, 272]","[243, 275, 259, 249, 252, 269]",311
361949,"[256, 251, 278, 255, 263, 265, 271, 274, 276, 257, 261, 247, 250, 260, 262, 268, 272]","[243, 275, 249, 252, 269, 248, 270]",169
362457,"[256, 251, 278, 255, 265, 271, 274, 276, 257, 261, 247, 250, 260, 262, 268, 272, 253, 254, 258, 264, 267, 273, 277]","[275, 249, 252, 269, 248, 270, 263]",218
365121,"[256, 251, 278, 255, 271, 274, 276, 257, 261, 247, 250, 260, 262, 268, 272, 253, 258, 264, 267, 273, 277]","[275, 249, 252, 269, 248, 263, 265, 254]",80
365970,"[256, 251, 278, 255, 271, 274, 276, 257, 261, 247, 250, 260, 262, 272, 253, 258, 264, 267, 273, 277]","[275, 249, 252, 248, 263, 265, 254, 268]",332
370095,"[256, 251, 278, 271, 274, 276, 257, 261, 247, 250, 260, 262, 272, 253, 258, 264, 267, 273, 277]","[275, 252, 248, 263, 265, 254, 268, 255]",140
370564,"[256, 251, 278, 271, 276, 257, 261, 247, 250, 260, 262, 272, 253, 258, 264, 267, 273, 277]","[275, 252, 263, 265, 254, 268, 255, 274]",238
371463,"[256, 251, 278, 276, 257, 261, 247, 250, 260, 262, 272, 253, 264, 267, 273, 277]","[275, 263, 265, 254, 268, 255, 274, 271, 258]",298
372284,"[256, 251, 278, 276, 257, 247, 260, 262, 272, 253, 264, 273, 277]","[275, 263, 265, 268, 255, 274, 271, 258, 261, 250, 267]",68
374835,"[256, 251, 278, 276, 257, 247, 260, 262, 272, 253, 264, 273, 277]","[275, 263, 265, 268, 255, 274, 271, 261, 250, 267]",94
374865,"[256, 251, 278, 276, 257, 247, 260, 272, 253, 264, 273, 277]","[275, 263, 265, 268, 255, 274, 271, 261, 250, 262]",59
376858,"[256, 251, 278, 276, 257, 247, 260, 272, 253, 264, 273, 277]","[263, 265, 268, 255, 274, 271, 261, 250, 262]",174
377024,"[256, 251, 278, 276, 257, 247, 260, 272, 253, 264]","[263, 265, 268, 274, 271, 261, 250, 262, 273, 277]",314
379005,"[256, 251, 278, 276, 257, 260, 272, 253, 264, 304]","[263, 268, 274, 271, 261, 250, 262, 273, 277, 247]",273
381782,"[256, 251, 278, 276, 257, 272, 253, 264, 304]","[263, 268, 271, 261, 250, 262, 273, 277, 247, 260]",223
381809,"[256, 251, 278, 276, 257, 272, 253, 304]","[263, 268, 271, 261, 250, 262, 273, 277, 247, 264]",198
382021,"[256, 251, 278, 276, 257, 272, 253]","[263, 271, 261, 250, 262, 273, 277, 247, 264, 304]",86
387827,"[256, 251, 278, 276, 257, 272, 253]","[263, 271, 261, 250, 262, 273, 277, 264, 304]",276
388391,"[256, 251, 278, 276, 257, 272]","[263, 271, 261, 262, 273, 277, 264, 304, 253]",200
389087,"[256, 251, 278, 276, 257, 272]","[263, 271, 262, 273, 277, 264, 304, 253]",288
389194,"[256, 251, 278, 276, 257, 272]","[271, 262, 273, 277, 264, 304, 253]",432
390278,"[251, 278, 276, 257, 272]","[262, 273, 277, 264, 304, 253, 256]",252
390970,"[251, 278, 276, 257, 272]","[262, 273, 264, 304, 253, 256]",323
392220,"[251, 278, 276, 257]","[262, 273, 264, 253, 256, 272]",204
392379,"[251, 278, 276, 257, 293]","[262, 273, 253, 256, 272]",417
393756,"[251, 276, 257, 293]","[273, 253, 256, 272, 278]",99
394851,"[251, 276, 257, 293, 283]","[253, 256, 272, 278]",199
395897,"[251, 276, 257, 283]","[253, 272, 278, 293]",393
397253,"[251, 257, 283]","[272, 278, 293, 276]",254
399722,"[251, 257, 281, 287, 295]","[278, 293, 276, 283]",398
401237,"[251, 257, 295, 280, 284, 297]","[293, 276, 283, 281, 287]",508
404915,"[257, 295, 280, 284]","[293, 276, 283, 281, 251, 297]",86
406264,"[257, 295, 280, 284, 282, 294]","[293, 283, 281, 251, 297]",451
409346,"[295, 280, 284, 282, 294, 285, 286, 296, 299, 302, 303]","[293, 283, 281, 297, 257]",457
411030,"[280, 284, 294, 285, 286, 296, 299, 302, 303]","[293, 283, 281, 257, 295, 282]",124
414882,"[280, 284, 294, 286, 296, 299, 302, 303]","[283, 281, 257, 295, 282, 285]",168
415162,"[280, 284, 294, 286, 296, 299, 302, 279, 289, 290, 291, 292, 298, 300, 301]","[283, 281, 295, 282, 285, 303]",479
415710,"[284, 294, 286, 296, 299, 302, 279, 291, 292, 298, 300, 301]","[283, 281, 295, 282, 285, 303, 280, 289]",17
415953,"[284, 294, 286, 296, 299, 302, 279, 291, 292, 298, 300, 301]","[283, 295, 282, 285, 303, 280, 289]",238
416333,"[284, 294, 286, 296, 299, 279, 291, 292, 298, 300, 301]","[295, 282, 285, 303, 280, 289, 302]",198
419601,"[284, 294, 286, 296, 299, 292, 298, 300, 301]","[295, 282, 285, 303, 280, 289, 302, 279]",57
424425,"[284, 294, 286, 296, 299, 292, 298, 300, 301]","[295, 282, 285, 303, 280, 302, 279]",115
424901,"[284, 294, 286, 296, 299, 292, 298, 300]","[295, 285, 303, 280, 302, 279, 301]",243
425292,"[284, 294, 286, 296, 299, 298, 300]","[295, 285, 303, 302, 279, 301, 292]",475
426425,"[294, 286, 296, 299, 298, 300]","[295, 285, 303, 279, 301, 292, 284]",239
427367,"[294, 286, 296, 299, 300]","[285, 303, 279, 301, 292, 284, 298]",271
432884,"[294, 296, 299, 300]","[285, 279, 301, 292, 284, 298, 286]",142
433121,"[294, 296, 299, 300]","[285, 279, 301, 284, 298, 286]",314
434208,"[294, 296, 300, 314, 319]","[285, 279, 301, 298, 286, 299]",460
434536,"[296, 300, 314, 319]","[279, 301, 298, 286, 299, 294]",197
437020,"[296, 300, 314, 319]","[279, 301, 286, 299, 294]",362
438050,"[300, 314, 319]","[279, 286, 299, 294, 296]",111
439890,"[300, 314, 319, 312]","[286, 299, 294, 296]",252
442074,"[300, 314, 312, 321]","[299, 294, 296, 319]",301
442219,"[300, 312, 321, 311, 316, 323]","[299, 296, 319, 314]",412
446155,"[312, 321, 316, 323, 305, 307, 308]","[296, 319, 314, 300, 311]",298
446842,"[321, 323, 305, 307, 308]","[296, 319, 300, 311, 312, 316]",278
447314,"[323, 305, 307, 308, 309, 315, 317, 320, 322, 324]","[296, 319, 311, 312, 316, 321]",441
448007,"[305, 308, 309, 315, 317, 320, 322, 324, 306, 310, 313, 318, 325]","[319, 311, 312, 316, 321, 323, 307]",416
454163,"[308, 309, 315, 317, 322, 324, 306, 310, 313, 318, 325]","[319, 311, 312, 316, 321, 323, 307, 320]",299
457091,"[308, 315, 317, 322, 324, 306, 310, 313, 318, 325]","[319, 311, 316, 321, 323, 307, 320, 309]",283
457443,"[308, 317, 322, 324, 306, 310, 313, 318, 325]","[311, 316, 321, 323, 307, 320, 309, 315]",244
457907,"[308, 317, 324, 310, 313, 318, 325]","[311, 316, 321, 323, 307, 309, 315, 322, 306]",121
462237,"[308, 317, 324, 310, 313, 325, 341]","[311, 316, 321, 323, 307, 315, 322, 306, 318]",260
464773,"[308, 317, 310, 313, 325, 341]","[316, 321, 323, 307, 315, 322, 306, 318, 324]",191
465608,"[308, 317, 313, 325, 341]","[316, 321, 307, 315, 322, 306, 318, 324, 310]",226
468373,"[308, 317, 325, 341]","[316, 321, 315, 322, 306, 318, 324, 310, 313]",174
468572,"[308, 317, 325, 341]","[316, 315, 322, 306, 318, 324, 310, 313]",322
470210,"[308, 325, 341]","[316, 322, 306, 318, 324, 310, 313, 317]",255
473025,"[308, 325, 341, 335, 339]","[316, 322, 306, 324, 310, 313, 317]",343
474296,"[308, 341, 335, 339]","[316, 306, 324, 310, 313, 317, 325]",174
474384,"[308, 341, 339, 330, 349]","[316, 324, 310, 313, 317, 325, 335]",163
474643,"[308, 341, 330, 349, 348]","[316, 310, 313, 317, 325, 335, 339]",203
479541,"[308, 341, 349, 348, 352]","[316, 310, 313, 325, 335, 339, 330]",388
479756,"[308, 341, 348, 350]","[316, 310, 325, 335, 339, 330, 349, 352]",234
481851,"[308, 341, 350]","[316, 310, 325, 339, 330, 349, 352, 348]",247
482443,"[308, 341]","[316, 310, 325, 330, 349, 352, 348, 350]",142
482536,"[308, 341, 334, 343, 344, 351]","[316, 325, 330, 349, 352, 348, 350]",307
484351,"[308, 341, 343, 344]","[316, 325, 330, 349, 348, 350, 334, 351]",207
487052,"[308, 341, 344]","[316, 325, 349, 348, 350, 334, 351, 343]",170
488682,"[308, 341, 344, 333, 338, 345]","[316, 349, 348, 350, 334, 351, 343]",443
490200,"[341, 344, 333, 338, 345]","[316, 349, 348, 350, 334, 351, 308]",193
495014,"[341, 344, 338, 345]","[316, 348, 350, 334, 351, 308, 333]",282
495765,"[341, 338, 345]","[316, 348, 334, 351, 308, 333, 344]",246
497043,"[341, 338, 328, 331, 332, 342, 347]","[348, 334, 351, 308, 333, 344, 345]",209
498748,"[341, 338, 328, 332, 347, 326, 327, 329, 336, 337, 340, 346, 353]","[348, 334, 351, 333, 344, 345, 331, 342]",438
499922,"[341, 328, 332, 347, 326, 327, 329, 336, 337, 340, 346, 353]","[348, 334, 351, 333, 344, 331, 342, 338]",145
500720,"[341, 328, 332, 347, 326, 327, 336, 337, 340, 346, 353]","[348, 334, 333, 344, 331, 342, 338, 329]",228
501263,"[341, 328, 347, 326, 327, 336, 337, 340, 346, 353]","[348, 333, 344, 331, 342, 338, 329, 332]",127
506211,"[341, 328, 347, 326, 327, 336, 337, 346, 353]","[348, 333, 331, 342, 338, 329, 332, 340]",305
507891,"[341, 328, 326, 327, 336, 337, 353, 362]","[348, 333, 331, 342, 329, 332, 340, 347, 346]",417
509000,"[341, 326, 327, 336, 337, 353]","[333, 331, 342, 329, 332, 340, 347, 346, 328, 362]",185
509100,"[341, 326, 327, 337, 353]","[333, 342, 329, 332, 340, 347, 346, 328, 362, 336]",144
509273,"[341, 326, 327, 337, 353]","[342, 329, 332, 340, 347, 346, 328, 362, 336]",235
510199,"[341, 326, 337, 353]","[342, 329, 332, 340, 347, 346, 328, 336, 327]",84
511770,"[341, 326, 337, 353]","[329, 332, 340, 347, 346, 328, 336, 327]",179
514181,"[341, 326, 337, 353]","[329, 332, 340, 347, 346, 336, 327]",487
515026,"[326, 337, 353]","[332, 340, 347, 346, 336, 327, 341]",131
519481,"[326, 337, 353, 356]","[340, 347, 346, 336, 327, 341]",331
520604,"[337, 353, 356]","[347, 346, 336, 327, 341, 326]",167
521865,"[337, 353, 359]","[346, 336, 327, 341, 326, 356]",253
522890,"[337, 359]","[346, 336, 327, 326, 356, 353]",457
524889,[359],"[346, 336, 327, 356, 353, 337]",379
524899,"[355, 358, 361]","[336, 327, 356, 353, 337, 359]",325
526142,"[358, 361]","[336, 356, 353, 337, 359, 355]",288
528677,[358],"[336, 356, 353, 359, 355, 361]",395
534504,"[357, 363, 364, 365, 366]","[356, 353, 359, 355, 361, 358]",235
535214,"[363, 365]","[356, 353, 359, 355, 361, 358, 357, 364]",101
535239,[363],"[356, 353, 359, 355, 361, 358, 364, 365]",15
537094,[363],"[356, 353, 355, 361, 358, 364, 365]",151
539520,"[363, 354, 360]","[356, 355, 361, 358, 364, 365]",390
539705,"[354, 360]","[355, 361, 358, 364, 365, 363]",221
539985,"[360, 369]","[361, 358, 364, 365, 363, 354]",341
542644,"[369, 376]","[361, 364, 365, 363, 354, 360]",293
543162,"[371, 388]","[364, 365, 363, 354, 360, 369, 376]",238
546316,[],"[364, 365, 363, 354, 360, 376, 371, 388]",195
547330,"[367, 379, 380, 382]","[365, 363, 354, 360, 376, 371, 388]",316
548200,"[379, 380]","[365, 363, 354, 360, 376, 371, 367, 382]",190
548351,"[379, 380, 378, 387]","[363, 354, 360, 376, 371, 367, 382]",289
549724,"[380, 378, 387]","[363, 354, 360, 376, 367, 382, 379]",161
551891,"[380, 378, 387, 370, 375, 390]","[354, 360, 376, 367, 382, 379]",458
552353,"[378, 387, 370, 375, 390, 368, 372, 374, 385, 392, 394]","[354, 376, 367, 382, 379, 380]",371
554904,"[387, 370, 375, 390, 372, 374, 385, 392, 394]","[354, 376, 382, 379, 380, 378, 368]",239
556110,"[387, 370, 390, 372, 374, 385, 392]","[354, 376, 379, 380, 378, 368, 375, 394]",98
557338,"[387, 370, 390, 372, 374, 385, 392]","[354, 376, 379, 380, 378, 368, 375]",138
557477,"[387, 370, 390, 372, 374, 392]","[354, 379, 380, 378, 368, 375, 385]",109
560499,"[387, 370, 390, 372, 374, 392]","[354, 379, 380, 368, 375, 385]",330
560749,"[370, 390, 372, 374, 392]","[354, 380, 368, 375, 385, 387]",291
560805,"[370, 372, 374, 392, 415]","[354, 368, 375, 385, 387, 390]",529
563518,"[372, 392, 415, 409]","[354, 368, 385, 387, 390, 370, 374]",207
566739,"[372, 415, 409]","[354, 368, 385, 387, 390, 370, 374]",207
567891,"[372, 409, 401]","[354, 368, 387, 390, 370, 374, 415]",189
568313,"[372, 401]","[354, 368, 390, 370, 374, 415, 409]",265
568713,[372],"[354, 368, 370, 374, 415, 409, 401]",323
569127,[372],"[354, 368, 370, 415, 409, 401]",469
569142,[412],"[354, 368, 415, 409, 401, 372]",475
571001,"[373, 377, 381, 383, 384, 386, 389, 391, 393]","[368, 415, 409, 401, 372, 412]",487
571423,"[377, 383, 386, 389, 391, 393]","[368, 415, 401, 372, 412, 373, 381, 384]",233
572795,"[383, 386, 389, 391, 393]","[368, 415, 401, 372, 412, 381, 384, 377]",186
575002,"[383, 386, 391, 393]","[368, 415, 401, 372, 412, 384, 377, 389]",187
578652,"[383, 386, 393, 414]","[368, 415, 401, 412, 384, 377, 389, 391]",358
582856,"[386, 393, 414]","[368, 415, 401, 412, 377, 389, 391, 383]",341
583051,[414],"[368, 415, 401, 412, 377, 389, 391, 386, 393]",276
583112,"[400, 424]","[415, 401, 412, 377, 389, 391, 386, 393, 414]",141
584531,"[400, 424]","[401, 412, 377, 389, 391, 386, 393, 414]",275
587664,"[400, 395, 403, 413, 416]","[401, 412, 377, 389, 391, 393, 414, 424]",215
588906,"[400, 395, 413, 416]","[412, 377, 389, 391, 393, 414, 424, 403]",193
589513,"[400, 395, 416, 405, 417, 419, 420]","[412, 377, 391, 393, 414, 424, 403, 413]",138
589609,"[400, 395, 416, 405, 419, 420, 396, 408, 411]","[412, 377, 391, 414, 424, 403, 413, 417]",173
594973,"[400, 395, 405, 419, 420, 396, 408, 411]","[377, 391, 414, 424, 403, 413, 417, 416]",116
595715,"[400, 395, 405, 419, 420, 408, 411, 441]","[377, 391, 424, 403, 413, 417, 416, 396]",289
596031,"[400, 405, 419, 420, 408, 411, 441]","[377, 391, 424, 403, 413, 417, 396, 395]",226
596920,"[400, 419, 420, 408, 411, 441]","[377, 391, 424, 403, 413, 417, 395, 405]",152
597070,"[400, 419, 420, 408, 411]","[377, 391, 403, 413, 417, 395, 405, 441]",294
597115,"[400, 420, 408, 411, 404, 407, 418]","[377, 403, 413, 417, 395, 405, 441, 419]",307
597629,"[400, 408, 411, 404, 407, 418, 464]","[377, 403, 413, 395, 405, 441, 419, 420]",133
600016,"[400, 408, 411, 407, 418, 464]","[377, 403, 413, 405, 441, 419, 420, 404]",298
600088,"[400, 408, 407, 418, 464, 397, 398, 399, 402, 406, 410, 421, 422, 423, 425, 426, 427]","[403, 413, 405, 441, 419, 420, 404, 411]",169
601963,"[400, 408, 407, 464, 397, 398, 399, 402, 406, 410, 421, 422, 423, 425, 426, 427, 460]","[403, 405, 441, 419, 420, 404, 411, 418]",161
604329,"[400, 408, 407, 397, 398, 399, 402, 406, 410, 421, 422, 423, 425, 426, 427, 460]","[405, 441, 419, 420, 404, 411, 418, 464]",180
606867,"[400, 408, 407, 397, 399, 402, 406, 410, 421, 422, 423, 425, 426, 427, 460]","[405, 441, 419, 420, 411, 418, 464, 398]",118
608189,"[400, 408, 407, 397, 399, 402, 406, 410, 422, 423, 425, 426, 427, 460]","[405, 441, 419, 411, 418, 464, 398, 421]",332
609045,"[408, 407, 397, 399, 402, 406, 410, 422, 423, 425, 426, 427, 460]","[405, 441, 419, 411, 418, 464, 398, 400]",55
611615,"[408, 407, 397, 399, 402, 406, 410, 422, 423, 425, 426, 427, 460]","[405, 441, 419, 418, 464, 398, 400]",325
613305,"[408, 397, 399, 402, 406, 410, 422, 423, 425, 426, 427]","[405, 441, 419, 464, 398, 400, 407, 460]",219
615902,"[408, 399, 402, 406, 410, 422, 423, 425, 426, 427]","[405, 441, 419, 464, 398, 400, 407, 397]",115
616874,"[408, 399, 402, 406, 410, 422, 423, 425, 426, 427]","[405, 441, 464, 398, 400, 407, 397]",282
617045,"[408, 402, 406, 410, 422, 423, 425, 426, 427]","[405, 441, 464, 398, 407, 397, 399]",452
620857,"[402, 406, 410, 422, 423, 425, 426, 427]","[405, 464, 398, 407, 397, 399, 408]",214
621802,"[402, 406, 422, 423, 425, 426, 427, 444]","[405, 464, 398, 397, 399, 408, 410]",262
622859,"[406, 422, 423, 425, 426, 427, 444, 450]","[405, 464, 398, 397, 399, 410, 402]",371
623591,"[422, 423, 425, 426, 427, 444, 450, 446, 452, 457]","[464, 398, 397, 399, 410, 402, 406]",210
629058,"[423, 425, 426, 427, 444, 450, 446, 452, 457, 437]","[464, 398, 397, 399, 410, 402, 406]",210
629457,"[423, 425, 427, 444, 450, 446, 452, 457, 437]","[464, 398, 397, 410, 402, 406, 426]",218
630193,"[423, 425, 444, 450, 446, 452, 457, 437]","[464, 398, 397, 410, 406, 426, 427]",279
630710,"[423, 425, 450, 446, 452, 457, 437, 431, 435]","[464, 398, 397, 406, 426, 427, 444]",156
630822,"[423, 425, 446, 452, 457, 437, 431, 435]","[398, 397, 406, 426, 427, 444, 450]",191
632755,"[423, 425, 452, 457, 437, 431, 435]","[398, 397, 426, 427, 444, 450, 446]",376
632882,"[423, 452, 457, 437, 431, 455, 458]","[398, 426, 427, 444, 450, 446, 425, 435]",194
633086,"[423, 457, 437, 431, 455, 453]","[426, 427, 444, 450, 446, 425, 435, 452, 458]",146
633278,"[423, 457, 431, 455, 453]","[426, 427, 444, 446, 425, 435, 452, 458, 437]",115
634767,"[423, 457, 431, 455]","[426, 427, 444, 446, 425, 435, 452, 458, 437]",115
635816,"[423, 457, 431, 455]","[426, 427, 444, 446, 425, 435, 452, 458]",242
642939,"[423, 431, 455, 432, 440, 442, 445, 459, 463]","[426, 427, 444, 446, 435, 452, 458, 457]",309
643392,"[423, 455, 432, 440, 442, 445, 459, 463, 449, 461]","[426, 444, 446, 435, 452, 458, 457, 431]",183
643448,"[423, 432, 440, 442, 445, 459, 463, 449, 461]","[426, 446, 435, 452, 458, 457, 431, 455]",328
644056,"[423, 440, 445, 459, 463, 461]","[426, 446, 435, 452, 458, 431, 455, 432, 442, 449]",227
647712,"[423, 440, 459, 463, 461]","[426, 446, 452, 458, 431, 455, 432, 442, 449, 445]",186
648782,"[423, 440, 459, 463, 461, 430, 436, 447, 451, 462]","[446, 452, 458, 431, 455, 432, 442, 449, 445]",336
650090,"[423, 459, 463, 461, 430, 436, 447, 451, 462, 467, 483]","[446, 452, 458, 431, 455, 432, 442, 449, 440]",140
652318,"[423, 459, 463, 461, 430, 436, 451, 462, 467, 483]","[446, 452, 458, 431, 455, 432, 442, 449, 440]",140
654000,"[423, 459, 463, 461, 430, 436, 462, 467, 483]","[446, 452, 431, 455, 432, 442, 449, 440, 451]",157
654670,"[423, 459, 463, 461, 430, 436, 462, 467, 483]","[446, 452, 431, 455, 432, 442, 449, 440]",204
654933,"[423, 459, 463, 430, 436, 462, 467, 483]","[446, 452, 431, 455, 442, 449, 440, 461]",97
655018,"[423, 459, 463, 430, 436, 462, 467, 483]","[446, 452, 455, 442, 449, 440, 461]",398
656651,"[459, 463, 430, 436, 462, 467, 483]","[452, 455, 442, 449, 440, 461, 423]",124
657139,"[459, 463, 430, 436, 462, 467, 483]","[455, 442, 449, 440, 461, 423]",239
659598,"[459, 463, 436, 462, 467, 483]","[455, 442, 440, 461, 423, 430]",223
659830,"[459, 463, 436, 462, 467, 483]","[455, 442, 461, 423, 430]",537
660516,"[463, 436, 462, 467, 483]","[442, 461, 423, 430, 459]",282
661764,"[463, 436, 467, 483, 428, 429, 433, 434, 438, 439, 443, 448, 454, 456]","[442, 461, 430, 459, 462]",426
662188,"[436, 467, 483, 429, 433, 434, 438, 439, 443, 448, 454, 456]","[461, 430, 459, 462, 463, 428]",121
665170,"[436, 467, 483, 429, 434, 438, 439, 443, 448, 454, 456, 485]","[461, 459, 462, 463, 428, 433]",174
666136,"[436, 467, 483, 429, 434, 439, 443, 448, 454, 456, 485]","[461, 459, 462, 463, 428, 438]",182
668125,"[436, 467, 483, 429, 434, 439, 448, 454, 456, 485]","[461, 462, 463, 428, 438, 443]",427
669942,"[467, 483, 429, 434, 439, 448, 454, 456, 485]","[462, 463, 428, 438, 443, 436]",344
670642,"[483, 429, 434, 439, 448, 454, 456, 485]","[463, 428, 438, 443, 436, 467]",333
670689,"[483, 434, 439, 448, 454, 456, 485]","[463, 438, 443, 436, 467, 429]",197
673138,"[483, 434, 439, 454, 456, 485]","[438, 443, 436, 467, 429, 448]",318
673150,"[483, 439, 454, 456, 485]","[438, 443, 436, 467, 429, 434]",249
674288,"[483, 439, 454, 485, 477]","[438, 443, 436, 467, 434, 456]",330
677990,"[483, 439, 485, 477, 469, 472]","[438, 443, 467, 434, 456, 454]",342
678911,"[483, 439, 477, 469, 472]","[438, 443, 434, 456, 454, 485]",270
681232,"[483, 439, 469, 470, 474, 475]","[438, 443, 434, 456, 485, 477, 472]",311
686422,"[483, 439, 470, 474, 475]","[438, 443, 434, 456, 477, 472, 469]",444
686522,"[439, 470, 474, 475, 465]","[438, 443, 456, 477, 472, 469, 483]",337
687062,"[439, 470, 474, 465]","[443, 456, 477, 472, 469, 483, 475]",284
687376,"[439, 470, 474]","[443, 456, 477, 469, 483, 475, 465]",197
687888,"[439, 470, 474]","[443, 456, 469, 483, 475, 465]",258
688199,"[439, 470, 474]","[443, 469, 483, 475, 465]",413
692339,"[470, 474]","[443, 469, 483, 475, 439]",275
694077,"[470, 474]","[443, 469, 483, 439]",432
697479,[474],"[443, 469, 439, 470]",408
697671,"[476, 479]","[469, 439, 470, 474]",190
698802,"[476, 479, 466, 468, 471, 473, 478, 480, 481, 482, 484]","[469, 470, 474]",584
701523,"[479, 468, 473, 478, 480, 481, 482, 484]","[470, 474, 476, 466, 471]",310
702799,"[468, 473, 478, 480, 481, 482, 484]","[470, 476, 466, 471, 479]",424
704077,"[473, 480, 481, 482, 484]","[476, 466, 471, 479, 468, 478]",397
705142,"[480, 482, 484]","[476, 466, 479, 468, 478, 473, 481]",168
709572,"[480, 482, 484, 517]","[476, 466, 479, 478, 473, 481]",382
711121,"[482, 484, 517, 489]","[466, 479, 478, 473, 481, 480]",337
711155,"[484, 489, 503]","[479, 478, 473, 481, 480, 482, 517]",191
712014,"[489, 503]","[479, 478, 481, 480, 482, 517, 484]",138
715661,[503],"[478, 481, 480, 482, 517, 484, 489]",272
715771,[507],"[478, 481, 482, 517, 484, 489, 503]",427
721108,[],"[478, 482, 517, 484, 489, 503, 507]",372
724046,[],"[478, 482, 517, 484, 489, 503]",585
724428,"[488, 492, 494, 497, 509, 512, 516]","[482, 517, 484, 489, 503]",765
725464,"[492, 497, 512]","[482, 517, 484, 489, 503, 488, 494, 509]",50
727615,"[492, 497, 512]","[482, 517, 484, 489, 503, 488, 509]",116
729964,"[492, 497, 490, 491, 493, 495, 496, 499, 500, 508, 514]","[482, 517, 489, 503, 488, 509, 512]",210
732797,"[497, 490, 491, 493, 495, 496, 499, 500, 508, 514]","[482, 517, 503, 488, 509, 512, 492]",170
733657,"[497, 490, 493, 495, 496, 499, 500, 508, 514]","[482, 517, 503, 488, 512, 492, 491]",424
734186,"[497, 493, 495, 496, 500, 508, 514]","[482, 517, 503, 488, 492, 491, 490, 499]",106
734418,"[497, 493, 495, 496, 500, 508, 514, 486, 487, 498, 501, 502, 504, 505, 506, 510, 511, 513, 515]","[517, 503, 488, 492, 491, 490, 499]",286
735640,"[497, 495, 496, 508, 514, 486, 487, 498, 501, 502, 504, 505, 510, 511, 513, 515]","[503, 488, 492, 491, 490, 499, 493, 500, 506]",136
736235,"[497, 495, 496, 514, 486, 487, 498, 501, 502, 504, 505, 510, 511, 513, 515]","[503, 492, 491, 490, 499, 493, 500, 506, 508]",260
736929,"[497, 495, 514, 486, 487, 498, 501, 502, 504, 505, 510, 511, 513, 515]","[503, 492, 491, 490, 499, 493, 500, 508, 496]",31
740081,"[497, 495, 514, 486, 487, 498, 501, 502, 504, 505, 510, 511, 513, 515]","[503, 492, 491, 499, 493, 500, 508, 496]",247
740924,"[497, 495, 514, 487, 498, 501, 502, 504, 505, 510, 511, 513, 515]","[503, 491, 499, 493, 500, 508, 496, 486]",151
741148,"[497, 495, 514, 498, 501, 502, 504, 505, 510, 511, 513, 515]","[491, 499, 493, 500, 508, 496, 486, 487]",205
742046,"[497, 495, 514, 498, 501, 502, 505, 510, 511, 513, 515]","[491, 493, 500, 508, 496, 486, 487, 504]",236
743244,"[497, 495, 514, 498, 501, 502, 510, 511, 515]","[493, 500, 508, 496, 486, 487, 504, 505, 513]",231
745746,"[497, 495, 514, 498, 501, 502, 511, 515]","[493, 500, 508, 496, 486, 487, 504, 513, 510]",168
746298,"[497, 495, 514, 498, 501, 502, 511, 515]","[493, 500, 508, 496, 487, 504, 513, 510]",401
753202,"[497, 495, 498, 501, 502, 511, 515]","[493, 500, 508, 487, 504, 513, 510, 514]",334
754961,"[497, 495, 501, 502, 511, 515]","[493, 500, 508, 487, 504, 513, 514, 498]",185
757596,"[497, 495, 501, 502, 511, 515]","[493, 500, 508, 487, 504, 513, 498]",493
758797,"[495, 501, 502, 511, 515]","[493, 500, 487, 504, 513, 498, 497]",169
758898,"[495, 501, 502, 511, 515]","[493, 500, 487, 504, 498, 497]",250
759706,"[495, 501, 502, 515]","[500, 487, 504, 498, 497, 511]",186
762390,"[495, 501, 502, 515]","[500, 504, 498, 497, 511]",289
764158,"[495, 501, 515]","[504, 498, 497, 511, 502]",125
765336,"[495, 501, 515]","[504, 498, 511, 502]",568
765834,"[501, 515, 520]","[504, 511, 502, 495]",427
767775,"[515, 520, 519]","[511, 502, 495, 501]",285
770382,"[515, 519]","[502, 495, 501, 520]",348
770980,"[515, 521, 523, 527, 531]","[495, 501, 520, 519]",328
771393,"[515, 531]","[495, 501, 519, 521, 527, 523]",182
773763,"[515, 531, 525, 535, 538]","[501, 519, 521, 527, 523]",611
776872,"[531, 525, 538]","[501, 519, 521, 527, 515, 535]",173
777894,"[531, 525]","[501, 519, 521, 515, 535, 538]",139
778897,"[531, 525, 522, 524, 526, 528, 529, 533, 534, 537]","[519, 521, 515, 535, 538]",432
781415,"[525, 522, 526, 528, 533, 534]","[519, 515, 535, 538, 531, 524, 529, 537]",56
781598,"[525, 522, 526, 528, 533, 534]","[515, 535, 538, 531, 524, 529, 537]",359
781886,"[522, 528, 533, 534]","[515, 535, 538, 531, 529, 537, 525, 526]",105
782779,"[522, 528, 534, 557]","[515, 535, 538, 531, 537, 525, 526, 533]",35
783216,"[522, 528, 534, 557, 518, 530, 532, 536]","[535, 538, 531, 537, 525, 526, 533]",478
785862,"[528, 534, 518, 530, 536]","[535, 538, 531, 537, 525, 526, 533, 522, 532]",133
787619,"[528, 534, 518, 530]","[535, 538, 531, 525, 526, 533, 522, 532, 536]",116
788078,"[528, 534, 518, 530]","[535, 538, 525, 526, 533, 522, 532, 536]",345
789149,"[528, 518, 530]","[535, 538, 525, 526, 522, 532, 536, 534]",217
791715,"[528, 518, 530]","[535, 538, 525, 522, 532, 536, 534]",293
791916,"[528, 518]","[535, 538, 525, 522, 536, 534, 530]",95
792174,"[528, 518, 558]","[535, 525, 522, 536, 534, 530]",235
796171,"[528, 518, 543, 561]","[535, 525, 536, 534, 530, 558]",464
796720,"[518, 543, 561, 549, 551, 553, 559]","[535, 536, 534, 530, 558, 528]",292
796901,"[518, 549, 551, 559]","[535, 536, 534, 530, 558, 528, 543, 561]",22
799628,"[518, 549, 551, 559]","[535, 536, 534, 530, 528, 543, 561]",80
801194,"[518, 549, 551, 559, 554]","[535, 534, 530, 528, 543, 561]",178
802011,"[518, 549, 551, 554, 539, 548]","[534, 530, 528, 543, 561, 559]",215
802577,"[518, 549, 551, 554, 548]","[534, 530, 528, 561, 559, 539]",158
803298,"[518, 549, 551, 554, 548, 540, 541, 552, 568]","[534, 528, 561, 559, 539]",414
805474,"[549, 551, 554, 548, 540, 541, 552, 545, 555, 560, 564]","[528, 561, 559, 539, 518, 568]",233
805687,"[549, 551, 554, 540, 541, 552, 545, 555, 560, 564, 544, 550, 562, 563]","[561, 559, 539, 518, 568, 548]",494
807478,"[551, 554, 541, 552, 545, 560, 564, 550, 562, 563]","[561, 559, 518, 568, 548, 549, 540, 555, 544]",139
807553,"[551, 554, 541, 552, 545, 560, 550, 562, 563]","[561, 518, 568, 548, 549, 540, 555, 544, 564]",153
811151,"[551, 554, 541, 552, 545, 560, 550, 562]","[561, 518, 568, 548, 549, 540, 555, 564, 563]",126
813624,"[551, 554, 541, 552, 545, 560, 550, 562]","[561, 518, 568, 548, 549, 540, 555, 563]",203
813693,"[551, 554, 541, 552, 545, 550, 562, 542, 546, 547, 556, 565, 566, 567, 569]","[561, 568, 548, 549, 540, 555, 563, 560]",310
814887,"[554, 541, 552, 545, 550, 562, 542, 546, 547, 556, 565, 566, 567, 569]","[561, 568, 548, 540, 555, 563, 560, 551]",276
818943,"[554, 541, 545, 550, 562, 542, 546, 547, 556, 565, 566, 567, 569]","[568, 548, 540, 555, 563, 560, 551, 552]",221
820633,"[554, 541, 545, 562, 542, 546, 547, 556, 565, 566, 567, 569]","[568, 548, 540, 555, 560, 551, 552, 550]",100
823261,"[554, 541, 545, 562, 546, 547, 556, 565, 566, 567, 569]","[548, 540, 555, 560, 551, 552, 550, 542]",106
823435,"[554, 541, 545, 562, 546, 547, 556, 565, 566, 567]","[548, 540, 560, 551, 552, 550, 542, 569]",94
823779,"[554, 541, 545, 562, 546, 547, 556, 565, 566, 567]","[548, 540, 551, 552, 550, 542, 569]",290
824483,"[554, 541, 545, 546, 547, 556, 565, 566, 567]","[540, 551, 552, 550, 542, 569, 562]",302
825629,"[554, 541, 546, 547, 556, 565, 566, 567]","[540, 552, 550, 542, 569, 562, 545]",275
826179,"[554, 541, 546, 556, 565, 566, 567]","[540, 552, 542, 569, 562, 545, 547]",316
826815,"[554, 541, 546, 565, 566, 567]","[552, 542, 569, 562, 545, 547, 556]",267
829542,"[554, 541, 546, 565, 567]","[542, 569, 562, 545, 547, 556, 566]",361
831669,"[554, 541, 546, 565, 588, 594]","[542, 569, 562, 547, 556, 566, 567]",503
836178,"[541, 546, 565, 588, 577]","[542, 569, 562, 556, 566, 567, 554, 594]",185
836765,"[541, 546, 565, 577, 583]","[542, 562, 556, 566, 567, 554, 594, 588]",177
838659,"[541, 546, 565, 583, 589]","[542, 562, 556, 566, 567, 594, 588, 577]",468
839044,"[546, 565, 583, 589, 570]","[542, 556, 566, 567, 594, 588, 577, 541]",195
839782,"[546, 565, 589, 570]","[542, 556, 566, 567, 594, 577, 541, 583]",190
841464,"[546, 565, 589, 570, 575, 595]","[556, 566, 567, 594, 577, 541, 583]",287
842921,"[546, 565, 589, 570, 595]","[556, 566, 567, 577, 541, 583, 575]",102
843199,"[546, 565, 589, 570, 595]","[556, 566, 567, 541, 583, 575]",219
845780,"[546, 565, 589, 570, 595, 579]","[556, 566, 541, 583, 575]",378
846396,"[546, 565, 570, 595, 579]","[556, 566, 541, 583, 589]",274
847100,"[546, 565, 570, 595, 579]","[566, 541, 583, 589]",453
848169,"[565, 570, 595, 579, 573, 574, 581, 587]","[566, 583, 589, 546]",475
849827,"[570, 595, 579, 573, 574, 581, 587]","[566, 589, 546, 565]",139
850997,"[570, 595, 579, 574, 581, 587]","[566, 546, 565, 573]",445
852732,"[595, 579, 581, 587, 580, 586, 593]","[546, 565, 573, 570, 574]",178
853391,"[595, 579, 587, 580, 586, 593, 571, 585, 596]","[565, 573, 570, 574, 581]",423
856992,"[579, 587, 580, 586, 593, 571, 585, 596, 572, 576, 578, 582, 584, 590, 591, 592]","[573, 570, 574, 581, 595]",483
857808,"[587, 580, 586, 571, 585, 596, 572, 576, 578, 582, 584, 590, 591, 592]","[570, 574, 581, 595, 579, 593]",69
861953,"[587, 580, 586, 571, 585, 596, 572, 576, 578, 582, 584, 590, 591, 592]","[570, 581, 595, 579, 593]",189
862799,"[587, 580, 586, 585, 596, 576, 578, 582, 584, 590, 591, 592]","[581, 595, 579, 593, 571, 572]",312
863272,"[580, 586, 585, 596, 576, 578, 582, 584, 590, 591, 592]","[581, 595, 579, 571, 572, 587]",242
864072,"[580, 585, 596, 576, 578, 582, 584, 590, 591, 592]","[581, 579, 571, 572, 587, 586]",394
867425,"[585, 596, 576, 578, 582, 584, 590, 591, 592]","[581, 571, 572, 587, 586, 580]",361
869609,"[596, 578, 584, 590, 591, 592]","[571, 572, 587, 586, 580, 585, 576, 582]",178
872343,"[596, 578, 584, 591, 592]","[571, 587, 586, 580, 585, 576, 582, 590]",138
873907,"[596, 578, 584, 592]","[571, 586, 580, 585, 576, 582, 590, 591]",221
875061,"[578, 584, 592]","[571, 586, 580, 585, 582, 590, 591, 596]",127
876272,"[578, 584, 611]","[571, 586, 585, 582, 590, 591, 596, 592]",363
878440,"[584, 611, 615, 620]","[571, 586, 585, 582, 591, 596, 592, 578]",222
880010,"[611, 615, 620, 610]","[571, 586, 585, 582, 596, 592, 578, 584]",148
880298,"[611, 615, 620, 610]","[586, 585, 582, 596, 592, 578, 584]",251
881276,"[615, 620, 610, 614]","[585, 582, 596, 592, 578, 584, 611]",281
881855,"[620, 610, 605, 613]","[585, 596, 592, 578, 584, 611, 615, 614]",188
884387,"[610, 605, 613, 602, 603, 607]","[585, 592, 578, 584, 611, 615, 614, 620]",225
888906,"[605, 613, 602, 603, 607, 604, 612, 618, 621]","[585, 592, 578, 611, 615, 614, 620, 610]",243
891970,"[613, 603, 607, 604, 612, 618, 621, 597, 600, 601]","[585, 592, 611, 615, 614, 620, 610, 605, 602]",323
893373,"[603, 604, 612, 618, 621, 597, 600, 601, 625]","[592, 611, 615, 614, 620, 610, 605, 602, 613, 607]",190
896923,"[604, 612, 618, 621, 597, 600, 601, 625]","[592, 611, 615, 614, 620, 605, 602, 613, 607, 603]",197
896975,"[612, 621, 597, 600, 601, 625, 598, 599, 606, 608, 609, 616, 617, 619, 622, 623, 624]","[611, 615, 614, 620, 605, 602, 613, 607, 603, 604, 618]",141
897047,"[621, 597, 600, 601, 625, 598, 599, 606, 608, 616, 617, 619, 622, 623, 624]","[611, 615, 614, 620, 605, 602, 613, 607, 604, 618, 612, 609]",207
897691,"[621, 600, 601, 625, 598, 599, 606, 608, 616, 617, 619, 622, 623, 624]","[615, 614, 620, 605, 602, 613, 607, 604, 618, 612, 609, 597]",222
898456,"[621, 600, 601, 598, 599, 608, 616, 617, 619, 622, 623, 624]","[615, 614, 620, 605, 602, 613, 607, 604, 612, 609, 597, 625, 606]",144
899709,"[621, 600, 601, 598, 599, 608, 617, 619, 622, 623, 624]","[615, 614, 620, 605, 602, 613, 607, 612, 609, 597, 625, 606, 616]",160
900451,"[621, 600, 601, 599, 608, 617, 619, 622, 623, 624]","[615, 614, 620, 605, 602, 613, 607, 612, 597, 625, 606, 616, 598]",27
901622,"[621, 600, 601, 599, 608, 617, 619, 622, 623, 624]","[615, 614, 620, 605, 602, 613, 607, 597, 625, 606, 616, 598]",114
902020,"[621, 600, 601, 599, 608, 619, 622, 623, 624]","[615, 614, 620, 602, 613, 607, 597, 625, 606, 616, 598, 617]",130
904425,"[621, 600, 601, 599, 608, 622, 623, 624]","[615, 620, 602, 613, 607, 597, 625, 606, 616, 598, 617, 619]",85
905057,"[621, 600, 601, 599, 608, 622, 623, 624]","[615, 620, 602, 607, 597, 625, 606, 616, 598, 617, 619]",182
905553,"[621, 600, 601, 599, 608, 622, 624, 626]","[620, 602, 607, 597, 625, 606, 616, 598, 617, 619, 623]",162
906112,"[621, 600, 601, 599, 608, 622, 624]","[620, 602, 597, 625, 606, 616, 598, 617, 619, 623, 626]",227
906121,"[621, 600, 601, 599, 608, 624]","[602, 597, 625, 606, 616, 598, 617, 619, 623, 626, 622]",175
906340,"[621, 600, 601, 599, 608]","[602, 597, 625, 606, 616, 598, 617, 623, 626, 622, 624]",120
906445,"[621, 600, 601, 599, 608, 631]","[602, 597, 625, 616, 598, 617, 623, 626, 622, 624]",194
911531,"[621, 600, 601, 599, 608, 642]","[602, 597, 625, 616, 598, 623, 626, 622, 624, 631]",163
913211,"[621, 600, 601, 599, 608]","[602, 597, 625, 616, 598, 623, 626, 622, 624, 631]",163
913947,"[621, 600, 601, 599, 608]","[602, 597, 625, 616, 598, 623, 626, 624, 631]",378
914210,"[600, 601, 599, 608, 627]","[602, 597, 625, 616, 623, 626, 624, 631, 621]",235
915410,"[600, 601, 599, 608, 627, 633]","[597, 625, 616, 623, 626, 624, 631, 621]",296
916136,"[600, 601, 608, 627, 633, 650]","[597, 616, 623, 626, 624, 631, 621, 599]",130
916827,"[600, 601, 608, 627, 650]","[616, 623, 626, 624, 631, 621, 599, 633]",197
917278,"[600, 601, 608, 627]","[616, 623, 626, 631, 621, 599, 633, 650]",222
918731,"[600, 601, 608, 627]","[616, 623, 631, 621, 599, 633, 650]",317
920115,"[601, 608, 627, 641]","[623, 631, 621, 599, 633, 650, 600]",79
924404,"[601, 608, 627, 641]","[623, 621, 599, 633, 650, 600]",208
925346,"[601, 608, 627, 630, 638, 647]","[623, 599, 633, 650, 600, 641]",362
925543,"[608, 627, 630, 638, 647, 629, 632, 637, 653]","[623, 599, 633, 650, 641, 601]",307
926827,"[627, 630, 638, 647, 629, 632, 637, 653, 636]","[599, 633, 650, 641, 601, 608]",207
928438,"[627, 638, 647, 629, 632, 637, 653, 636]","[599, 650, 641, 601, 608, 630]",174
929364,"[627, 647, 629, 632, 637, 653, 636, 639, 652]","[650, 641, 601, 608, 630, 638]",281
930400,"[647, 629, 632, 637, 653, 636, 639, 652]","[650, 641, 601, 608, 638, 627]",197
931921,"[629, 632, 637, 653, 636, 639, 652, 628, 635, 640, 643, 644, 646, 648, 655]","[650, 641, 601, 638, 627, 647]",291
932094,"[632, 637, 653, 636, 639, 652, 628, 635, 640, 643, 644, 646, 648, 655, 634, 645, 649, 651, 654]","[650, 641, 638, 627, 647, 629]",454
935236,"[637, 636, 639, 652, 628, 635, 640, 643, 644, 646, 648, 655, 634, 645, 649, 651, 654]","[650, 641, 638, 627, 647, 632, 653]",272
938894,"[636, 639, 652, 628, 635, 640, 643, 644, 646, 648, 655, 634, 645, 649, 651, 654]","[650, 641, 638, 627, 632, 653, 637]",249
940490,"[639, 628, 635, 640, 643, 644, 646, 648, 655, 634, 645, 649, 651, 654]","[641, 638, 627, 632, 653, 637, 636, 652]",150
942123,"[639, 635, 640, 643, 644, 646, 648, 655, 634, 645, 649, 651, 654]","[638, 627, 632, 653, 637, 636, 652, 628]",149
942148,"[639, 640, 643, 644, 646, 648, 655, 634, 645, 649, 651, 654]","[638, 627, 632, 653, 637, 636, 628, 635]",150
942976,"[639, 640, 643, 644, 648, 655, 634, 645, 649, 651, 654]","[638, 632, 653, 637, 636, 628, 635, 646]",256
943284,"[640, 643, 644, 648, 655, 634, 645, 649, 651, 654]","[632, 653, 637, 636, 628, 635, 646, 639]",145
943469,"[640, 643, 644, 648, 634, 645, 649, 651, 654]","[632, 653, 637, 628, 635, 646, 639, 655]",143
945245,"[640, 643, 644, 648, 645, 649, 651, 654, 660]","[632, 653, 637, 628, 635, 646, 639, 655]",143
948403,"[640, 643, 644, 648, 645, 649, 651, 660]","[653, 637, 628, 635, 646, 639, 655, 654]",205
950778,"[640, 643, 648, 645, 649, 651, 660]","[653, 637, 628, 635, 646, 655, 654, 644]",287
952223,"[643, 648, 645, 649, 651, 660]","[653, 637, 635, 646, 655, 654, 644, 640]",177
954491,"[643, 648, 645, 649, 651]","[653, 637, 646, 655, 654, 644, 640, 660]",202
954691,"[643, 648, 645, 649]","[637, 646, 655, 654, 644, 640, 660, 651]",202
954948,"[643, 648, 645, 649, 659]","[646, 655, 654, 644, 640, 660, 651]",400
955424,"[648, 645, 649, 659, 680]","[646, 655, 654, 640, 660, 651, 643]",188
959171,"[648, 645, 649, 659, 680, 670]","[646, 655, 654, 660, 651, 643]",444
961653,"[645, 649, 659, 680, 670]","[646, 655, 654, 660, 643, 648]",391
964466,"[649, 659, 680, 670, 672]","[646, 655, 654, 660, 648, 645]",445
964824,"[659, 680, 670, 672, 656, 662, 663]","[655, 654, 660, 648, 645, 649]",212
967242,"[659, 680, 670, 656, 662, 663, 674, 679]","[655, 660, 648, 645, 649, 672]",190
968399,"[659, 680, 670, 656, 662, 674, 679, 657, 671, 676, 677]","[660, 648, 645, 649, 672, 663]",145
970177,"[659, 680, 670, 656, 662, 679, 657, 671, 676, 677, 658, 665, 667, 678]","[660, 648, 645, 672, 663, 674]",409
971859,"[680, 670, 656, 662, 679, 671, 676, 677, 658, 665, 667, 678, 694]","[648, 645, 672, 663, 674, 659, 657]",109
973042,"[680, 670, 656, 662, 679, 676, 677, 658, 665, 667, 678, 694]","[648, 645, 663, 674, 659, 657, 671]",157
973149,"[680, 670, 656, 662, 679, 677, 658, 665, 678, 694, 661, 669, 673, 681, 682]","[648, 663, 674, 659, 657, 671, 676, 667]",365
974295,"[670, 656, 662, 679, 658, 665, 678, 694, 661, 669, 673, 681, 682]","[648, 663, 674, 659, 671, 676, 667, 680, 677]",182
975825,"[670, 656, 662, 679, 665, 678, 694, 661, 669, 673, 681, 682, 664, 666, 668, 675]","[663, 674, 659, 671, 676, 667, 680, 677, 658]",308
977063,"[656, 662, 679, 665, 678, 694, 661, 669, 673, 681, 682, 666, 668, 675]","[663, 674, 659, 671, 676, 667, 680, 677, 670, 664]",139
978706,"[656, 662, 679, 678, 694, 661, 669, 673, 681, 682, 666, 668, 675]","[663, 674, 659, 671, 667, 680, 677, 670, 664, 665]",77
979907,"[656, 662, 679, 678, 694, 661, 669, 673, 681, 682, 666, 668, 675]","[663, 674, 659, 671, 680, 677, 670, 664, 665]",138
983811,"[656, 662, 679, 678, 694, 669, 673, 681, 682, 666, 668, 675]","[663, 674, 659, 671, 680, 677, 670, 664, 661]",138
983829,"[656, 662, 679, 678, 694, 673, 681, 682, 666, 668, 675]","[674, 659, 671, 680, 677, 670, 664, 661, 669]",204
984075,"[656, 679, 678, 694, 673, 681, 682, 666, 668, 675]","[674, 671, 680, 677, 670, 664, 661, 669, 662]",232
985416,"[656, 679, 678, 694, 673, 682, 668, 675]","[674, 671, 680, 677, 664, 661, 669, 662, 681, 666]",246
986177,"[656, 679, 678, 694, 673, 668, 675]","[674, 671, 680, 677, 664, 661, 662, 681, 666, 682]",159
987135,"[656, 679, 678, 694, 673, 668, 683, 690]","[674, 671, 680, 677, 664, 662, 681, 666, 682, 675]",152
990037,"[656, 679, 678, 694, 673, 668, 683]","[674, 671, 680, 677, 664, 662, 681, 666, 675, 690]",270
990682,"[656, 678, 694, 673, 668, 683]","[671, 680, 677, 664, 662, 681, 666, 675, 690, 679]",119
991007,"[656, 678, 694, 673, 668, 683]","[671, 680, 677, 664, 662, 681, 675, 690, 679]",234
991421,"[656, 678, 694, 673, 668]","[671, 677, 664, 662, 681, 675, 690, 679, 683]",256
993637,"[656, 678, 694, 673]","[677, 664, 662, 681, 675, 690, 679, 683, 668]",127
995504,"[656, 678, 694, 673, 685]","[677, 664, 662, 681, 675, 690, 679, 683]",362
998400,"[656, 678, 694, 685]","[664, 662, 681, 675, 690, 679, 683, 673]",194
999378,"[656, 678, 694]","[664, 662, 681, 675, 679, 683, 673, 685]",157
1001462,"[656, 678, 694, 699]","[664, 681, 675, 679, 683, 673, 685]",356
1004442,"[656, 678, 694, 699, 686]","[664, 681, 675, 683, 673, 685]",606
1004498,"[678, 694, 699]","[664, 681, 683, 673, 685, 656, 686]",183
1008085,"[678, 694, 699]","[664, 681, 683, 673, 685, 656]",360
1008718,"[678, 694, 699, 684, 692, 695, 696]","[664, 681, 683, 685, 656]",664
1012086,"[694, 699, 692, 695]","[664, 681, 685, 656, 678, 684, 696]",240
1013531,"[694, 699, 695]","[664, 681, 685, 656, 678, 696, 692]",216
1013964,"[694, 699, 695]","[664, 681, 656, 678, 696, 692]",327
1014768,"[694, 699]","[664, 681, 656, 678, 696, 695]",171
1015002,"[694, 699]","[664, 681, 678, 696, 695]",547
1018457,[699],"[664, 681, 696, 695, 694]",590
1020498,"[687, 688, 689, 691, 693, 698]","[664, 696, 695, 694, 699]",306
1021505,"[691, 698]","[664, 696, 695, 699, 687, 689, 693, 688]",426
1022162,[698],"[664, 696, 695, 699, 689, 693, 688, 691]",412
1024356,[],"[664, 695, 699, 689, 693, 688, 691, 698]",165
1024909,[],"[664, 695, 699, 689, 688, 691, 698]",204
1025853,[],"[664, 695, 699, 689, 691, 698]",279
1028482,[],"[664, 695, 689, 691, 698]",660
1029637,[],"[664, 689, 691, 698]",891
1030461,[],"[664, 689, 691]",1285
1032142,[],"[664, 691]",1341
1038088,[697],[691],1398
1042137,[],[697],1348
1049534,[],[],1500
