w,p,d,c
32968.54907274909,996,0.002923794268870988,0.005865317178201201
383.9382670967391,267,0.07771671010435253,9.991294948550174e-06
159.0908776975665,119,0.014649918856268875,1.0464559049892197e-06
11435.077589425424,52,0.010261116161320237,0.008632541146504568
664.7317149508496,374,0.0018276613659589885,0.005961349393476686
17451.127849950284,22,0.07068786391217878,3.384347754184748e-05
767.8988470747255,414,0.03907344127290578,2.397754004445811e-05
432.71062666497346,644,0.2719186523417243,4.751126756848016e-06
2842.0458864428347,753,0.00410096801308043,0.0007613404767137918
195.05219678497534,508,0.05647329483902823,0.00812840089393902
28558.120210815985,237,0.0014009586327395033,0.007053523455225168
2674.3624446616827,651,0.0017181956734637523,1.635594289624885e-06
170.99355106028943,71,0.0010364607418198374,0.00017695312016599378
2074.383685679144,866,0.03117279839426418,6.750137457037614e-05
26599.402608628116,765,0.005934922822277091,0.0033083379485061397
60047.761660180724,914,0.047458267526181444,0.003186968562405859
209.3174154559468,107,0.008623148171612053,2.6267732479532873e-06
7065.317989007018,167,0.09408168382632444,1.367697621477308e-05
4100.51057803677,343,0.04530425494885626,1.744645667756722e-05
757.4964024005052,194,0.0023313170080608674,0.0013314132361432708
19934.625360367674,963,0.008601379714841888,0.0024858738926909823
3789.11563686558,735,0.027450014029759613,1.3903879690412944e-05
6653.800966147991,87,0.015312945798728602,4.659057550177701e-05
1423.594808107077,715,0.0028177516076995767,7.811886814893496e-05
609.5654121773364,857,0.002528778271626683,0.004982288572126038
958.8467494869677,645,0.012528972887154141,1.1418378420785074e-05
532.7673164896472,869,0.12547939143509076,5.733844220811639e-05
8035.377465716887,191,0.0020864823648778,0.0003275443142287209
38984.833522409586,619,0.005101597674636137,6.453888274208587e-05
644.6271961540976,478,0.06765744575186262,1.9743396094642963e-06
43249.0762003221,372,0.005015109625306933,7.582570554520151e-05
4741.495772822882,793,0.03449438246684097,1.538858911820494e-06
7359.455378247017,324,0.07019096904319189,0.0025932152505465946
528.8366738891738,2,0.008819865162115728,0.00010609928070722739
338.1923866415543,807,0.05197034365582002,0.003071172134969195
790.9741913028206,887,0.004376073352036814,1.1431251976224412e-06
542.2887154751603,822,0.010251180767532788,0.0005833714313794085
270.90479615135547,332,0.24973769612619748,0.0011187149457723203
23290.3806557661,979,0.06494987986609518,1.8406660475746943e-05
30242.30754494999,412,0.018479520334797533,0.00588360531343629
2239.172736188104,415,0.00825797736198888,1.5778453402384275e-05
561.3148069808589,977,0.005209493492847292,5.644669523411374e-05
93223.43456846215,454,0.006204851439108283,3.469944706004956e-06
1172.4839782849572,543,0.023241664823049412,1.1736146292165516e-05
65161.52083074321,440,0.042052218500901885,1.0337419110830334e-06
29104.73572239057,704,0.0023571559396424863,7.948387828069951e-05
458.2769949201955,471,0.0038256632278886446,4.0035889623473384e-05
3109.8256651002825,413,0.003220356284621143,1.3228744843687004e-06
22729.878212993306,556,0.11330751271419395,0.00017331002412855498
560.2400017108571,815,0.0013354324144250306,1.5155978346916504e-06
1375.571830288332,481,0.041425201153099445,5.131124765545984e-06
15009.383772948615,723,0.017302202332181892,1.0541384349465573e-06
238.59231706766835,447,0.11067287025309842,1.3670277423222896e-05
184.7270009889334,1001,0.022170249315823877,0.0005460231214143349
5131.964386083145,107,0.003109226950224456,1.570497942905745e-05
167.37303763968717,388,0.022155034015331684,0.0014459056390275626
4763.477581824161,1021,0.014793869861404966,4.8565821999819896e-06
46124.694755355,428,0.01413929416647865,0.00014832360936946017
29968.330645889495,644,0.057744273047234215,3.749898056948482e-06
913.332191809423,1014,0.009719405117227863,1.6067272434738025e-05
667.3055027316399,505,0.0022105714476729657,0.00237081586644608
4862.577951083869,308,0.058131363554678205,1.6112064842872883e-05
3673.4230268760207,854,0.0020844893477308286,4.906280003416052e-06
1190.236332217612,403,0.11113994669717951,1.6901107976437412e-05
589.248344360542,998,0.2852717750660501,0.0020663681808638272
27875.75923264239,900,0.009403384476921964,0.0011558680166068502
65614.3170598353,645,0.014869376430066276,0.0003694482943811408
817.0107782466193,115,0.004910767780315241,5.930335808588394e-06
1406.0834145641122,712,0.0013356350811515804,2.062110162109113e-05
1643.4525852128882,149,0.0036296190284218193,6.628910814440266e-06
3613.5013317045396,784,0.059362963122147,1.6887164135518055e-06
43387.575498103804,656,0.0034605487672831553,2.6976806656773185e-06
78812.69489546574,140,0.004765739979558183,0.0025834271173405077
2292.776790021469,409,0.023025254002773655,0.005152180176435414
366.3047717962375,130,0.011637304057377923,4.9215112048264014e-05
6090.611425915309,50,0.2649602988985385,5.6479115989505014e-05
3947.8806609610847,240,0.009864631813649908,0.0005255707399973679
135.87529636232566,305,0.0036326005662448246,1.37043336699292e-06
1736.9749378399047,514,0.06397834272745279,9.140343000547988e-06
62503.612794948334,830,0.0014688653217506743,5.239525379692924e-06
49161.76552347377,684,0.05428894940347359,0.008677345512548174
6686.270685545993,438,0.002344965437860174,2.1960513507919478e-05
385.6182488210635,861,0.0021955511879908703,0.0002935934269451986
13563.146473475432,148,0.007838556658239522,3.4058894756203385e-06
5894.629690406066,327,0.009765727091554087,2.5686169878967807e-05
229.7564161916179,900,0.12181117962326814,3.7231305929465066e-05
30592.605865597146,684,0.002127889524978551,1.182492735872232e-05
51986.41789198459,219,0.09049269703590798,1.0049300179741676e-06
78626.2602945892,32,0.017632108145612543,0.002685460746591041
890.2915079773534,369,0.20130344977190104,0.0019337867930126428
170.36194205691518,630,0.011570296774904756,0.0001771586989331554
14295.320779907288,1023,0.02639153889038528,0.00069467077504015
1598.4524885372648,86,0.17176439307371194,6.358869743062958e-05
13669.567803774009,217,0.01543981569570568,0.007581817336464082
314.1889166720031,815,0.003639023885948208,0.002342979782288625
36848.49682939696,729,0.028736168006627424,3.3162275224527995e-05
81126.55337758754,837,0.0566204105963817,0.00028517427413394104
48907.213115654435,857,0.2840982957881077,3.155402321013724e-05
3341.4150254015913,762,0.08271238226444319,1.036533202375299e-06
2690.273248409244,636,0.00523545163806258,3.7031345532856344e-06
3460.357722890186,546,0.0015672904894395551,5.056072247078064e-05
2712.132114929589,150,0.015540041821548483,5.4249591782672746e-05
121.51187801925053,319,0.0010542745295804654,0.000903149288628948
77034.80859236678,340,0.2191670282778127,0.002767598307951299
7675.945880063796,81,0.005535600341745083,1.859341781906393e-05
9535.088237518023,566,0.0013537241555935766,0.0005902791682163156
416.25345568586965,725,0.28247351582979885,0.008646492036718353
59076.31533543449,856,0.3157509847617933,5.285270835919598e-05
29903.60527432134,537,0.014128209659227587,0.0009050839543364306
71321.54352098038,756,0.002945057654073594,2.5061518247221344e-05
11064.232558271282,826,0.007847442934519507,4.0528222370768625e-05
4423.070230933566,926,0.23176328343390687,0.003721597230471042
58826.987096327335,728,0.012915020027168147,4.039253057201697e-06
26659.027223837595,957,0.00897638719442773,0.0010401264482818662
124.95324965305721,471,0.015753967538884115,0.000523346802989634
4522.389889790834,817,0.07670284386617456,1.6588636101513257e-05
7835.252350490817,13,0.017973680321390545,5.331159201936963e-06
31426.50202920889,607,0.010372578802974418,2.724525778601404e-06
3187.367779231367,862,0.30403845143396196,6.74986786780492e-05
8825.894443056963,655,0.23028113948356407,9.812791342018805e-06
30054.259090663476,188,0.003897088345838427,0.00671573358680395
41482.4636326589,953,0.0014385848633301896,0.0004228693666103348
66154.34126914824,970,0.01908474567187403,5.045948759152591e-05
6973.400431829986,860,0.029618982028777604,1.4864705794981477e-06
6559.094007712633,41,0.14067634184248518,0.0025953650289661304
33105.10579675029,289,0.0020269934257040106,0.0005659998221179946
4116.92852559759,512,0.008971540881072059,4.2771377102093334e-05
592.8592409929532,201,0.0018594204529027603,0.0003401354760497074
46503.302805794134,650,0.011423430044523081,0.0009322089443088732
8108.503493813433,414,0.004599894337168559,7.275947891467533e-05
9285.296551901249,339,0.032090830502018074,0.005665940811106346
598.5789527919113,705,0.05242551989519899,2.409211486498754e-05
52404.27433279387,407,0.25393647609365194,4.4334883873251986e-05
6174.45668116343,89,0.08082072113215788,0.007675706096028404
106.87457384311168,917,0.0025933789604872318,0.00011453005845304207
14706.722061161507,720,0.001471275535393088,0.0007367083683376062
1996.6155207563872,544,0.001200266393542378,0.00038868986661403856
48126.56337369319,698,0.0029364134134527587,0.00020295792514604723
7818.161126543795,834,0.16556070046258772,0.00014430989619423107
356.85773754016947,178,0.23426948204002399,0.00015337128776561745
230.709979388159,438,0.16210974075938533,4.938591592365218e-06
411.2008744232881,952,0.16604867414481359,1.2376235025306642e-06
165.92360323162833,821,0.013309340999630244,2.9523214599937116e-06
18321.846469279186,948,0.05239127564302498,0.00013362040222538718
8778.611422854068,416,0.02774410512747697,6.719520727241612e-05
534.7078478164169,429,0.10330211492178251,4.724551592757403e-06
47156.662418895336,783,0.0026943208909586233,2.164180240220382e-06
42133.69142036293,834,0.004212664273854406,0.00013314243199639945
147.07262025299391,951,0.22301036235819782,0.00012500437928088354
216.52379627780846,420,0.08513048927186417,0.0025375915743947454
4194.059516223702,16,0.005086944057712649,0.0008895274652712835
2852.5447052869226,749,0.012912280749502174,0.009503756597325993
645.8577412662448,157,0.003357056260054457,0.006606149449772269
32773.572179164024,442,0.006416406457366575,8.485820748124058e-05
14044.16065329276,470,0.08406270788445562,0.0002649306700656732
178.14414923676222,977,0.015816822289119726,3.331755869335203e-06
1420.4227927762017,12,0.09433068939839682,6.332729628750512e-05
151.0137855615105,935,0.037270289288744596,0.002635662830263401
663.1779568418854,355,0.10027549574510905,4.145816598140707e-06
114.26743364058478,603,0.01782978079665738,0.00835662424890714
2160.202881451945,75,0.007250015553964721,1.644756913936078e-05
6456.443697064908,896,0.14852927597498514,0.0027023026320083196
14353.225489470471,994,0.024111862700658165,9.232676823103195e-05
28023.235464472713,781,0.01223984676506703,0.006678425574395695
104.84485906478038,501,0.003105987258066645,0.0005555898226258818
721.4406139780772,10,0.1611117816299871,1.9947442619360947e-06
5686.974671523328,660,0.28278513649123177,0.0002450143575761483
5889.904702782342,329,0.00779389995425391,1.1911931148715275e-05
8258.629836894284,378,0.18732728724334927,1.47071136147152e-06
5750.087770155491,778,0.00147634213384646,0.0007611572568157556
3501.3837709982367,115,0.029291625582399426,0.0003247158258553159
62801.8940387285,839,0.055571293855646825,0.002494803708094187
10013.773337881488,663,0.026716532705278056,5.35502525620453e-06
43086.51029910514,922,0.010548021259933581,8.464440794009917e-06
28195.68287447884,521,0.01061048346470818,0.003083803548838604
31141.778327819113,588,0.03208735880656952,1.681425206130423e-06
1608.0682502637724,302,0.07919656193894681,0.0005547563468430757
19656.13838285742,751,0.3114132952664095,0.0006601021492039879
120.62677698150294,347,0.013866590276822945,5.746232574762073e-05
42523.807049376745,793,0.15744996239386963,0.0019576681890794757
137.77609432754278,582,0.28626795097575153,1.00715518548047e-06
190.07306478065104,373,0.014004229505793372,0.005011932486691395
1400.576133521737,206,0.007071054273556496,0.0006738991623294927
1058.8297513609946,173,0.002469293928722975,5.096084803792974e-06
10932.142764325496,898,0.0027314400831718127,0.0007946320052101025
84698.24097777529,309,0.023869812787465892,0.0016406156894145064
19071.142964128503,604,0.02618706303125724,2.84377931621271e-06
2623.4037721217856,410,0.008613805570563005,0.00016188089670271082
1570.1722557888186,21,0.2629840500013089,0.00034302837076553546
17673.60690413906,20,0.015219481220073975,1.4285104558426414e-05
15535.027652024366,59,0.0169345327444963,1.659830307104724e-06
81697.87131092681,759,0.00285724653203977,0.0003369519711615921
3349.922940755419,495,0.2980716097826404,0.00011082467571907775
1110.936876073153,526,0.23776993368188587,0.007533706902602641
142.6532216286875,676,0.029853683371754574,0.0011422613963668637
11548.791621098453,235,0.022417263596860214,0.0017545686221334886
179.55044206861666,656,0.002422760536052168,0.00014658665609419678
790.2728202772357,182,0.00974293868295215,1.0071622042299211e-06
324.62027195118316,987,0.030721206775494128,0.0005444358617849558
5406.083176579326,465,0.24710105529965393,0.0005510839820211826
25117.828309322114,840,0.003966804069815179,0.0005376794103136718
8557.38708802181,757,0.10488371557639063,0.00010220385041610926
2950.8360870301826,114,0.05771604048855539,2.0986645503202683e-05
5834.702891513976,773,0.023414121322151694,4.320854330988638e-05
4850.495146676671,249,0.23787374040677417,0.0013520889009283994
3969.4147508024175,601,0.0012006379958247194,1.2876588318757705e-06
5686.032862170714,722,0.016190299242275913,0.00017253813515428064
37385.64255146514,473,0.20367495031451513,7.211645468206818e-06
46137.070209782185,625,0.0012710616179597207,0.00010599597751198583
167.69193865068627,726,0.18973417321850913,0.005144073853139849
64455.357412062855,5,0.016647691812637446,7.061243367914765e-06
2008.2776686787056,106,0.0034337092204698204,2.6216755905262017e-05
8721.526530982546,818,0.0016518026746237533,0.00021543093247475902
6177.9956281999275,482,0.00118109633300872,0.000452884614308064
46283.00528191331,956,0.0016062634260012557,5.745392489420577e-06
78158.65985974875,912,0.0017941805727648764,0.0001021648144572963
10134.528794636988,500,0.0017143627148050323,0.0008024612561301236
58126.30713972837,170,0.03863216344099339,0.00018070208159409463
15704.283126908533,582,0.04246073070851924,0.0012782859632537507
16739.293944784356,991,0.003142987530279068,5.632503692704196e-05
68001.99278816239,37,0.03715633254180138,0.002039528985338342
75408.89750595138,91,0.002124792912724219,0.003921289639651799
2236.0729408216266,775,0.07340402874255861,8.372515146584023e-06
386.08104157193,768,0.0015275556806564475,0.0038500101372887538
436.25757332443953,739,0.0018891128218941461,0.00018234291071783423
605.4186407965437,5,0.004254210544972624,0.0042165093488596974
1290.7031646627584,755,0.010351498539265305,1.6802966945095183e-05
7710.5699184957275,834,0.030844154174404753,0.0038316879003206994
77875.2930458485,83,0.09427035261520485,3.4926771326567932e-06
1404.3187750240622,923,0.08033898422768018,0.005127076867869851
16176.257031897501,546,0.015398864188332527,0.0068251299086154555
2422.8193509249986,719,0.22382687134357032,2.6723637002825283e-06
1364.9520793010104,457,0.009332181580978524,1.4801455235188932e-05
171.03744866426368,175,0.007069938884293627,6.349633752312256e-05
56100.62147153925,545,0.0033333589755656107,0.007332760386569952
472.84143214156416,336,0.24682516818108344,0.005244467996540935
1085.9789268192062,910,0.02238427933208253,2.1755374417973997e-06
631.0080383072618,131,0.2189469413356927,0.0015423623418346333
73015.65062642195,526,0.06573309325756373,4.004274607090291e-05
189.53110540858248,102,0.0018330971577141992,9.374478983864652e-05
254.22240584198227,630,0.0018803611025204935,0.0005162952948507307
63080.63415907901,413,0.0016293804119140497,0.006978918504062799
36591.86663114138,504,0.030082421870818808,4.718566261700788e-06
3940.710686351096,608,0.006806822856785541,0.0017350240933939967
202.82666335253143,304,0.005347785591582444,2.8006076075765475e-06
25461.730711314227,657,0.006277458358450479,0.001844636101063007
15158.764700460304,857,0.052803500601272944,0.001283243989506581
29397.431836479293,884,0.13134318962511388,7.739982000570778e-06
2621.704365695211,448,0.015230052748691197,0.00014772143259790272
4081.853534804493,24,0.0028188975310130173,1.7365137327677556e-06
1660.171911020921,812,0.04041699513327112,1.1141717499510075e-06
60079.21937016759,178,0.024739236939044885,4.3757585864487166e-06
13365.680392105953,572,0.007859491975750345,0.002804022901723494
35115.63297790532,815,0.023800667263340677,0.003684898388418484
9039.70534475798,283,0.025375779149494383,0.003165396871109494
209.95975315333848,733,0.28335252142847456,6.984450071934406e-05
14222.3931845526,349,0.08379842521797938,0.00025485158009433905
12198.962688368407,611,0.05723763994864715,1.6137749938030806e-06
1402.7769245187164,242,0.025057033476962413,0.0001961478316113587
727.3339950376486,78,0.182360036771606,3.6099535045332954e-06
6031.807737827836,842,0.02144420011654682,4.620901785140398e-06
620.7935503135649,502,0.04061857782134518,0.00015839872229972066
219.25583568951353,736,0.03084144784245903,4.79042825136847e-05
9587.017748055978,989,0.0011900840114936612,1.8600445733706095e-06
5421.061568342649,626,0.31212231629508974,7.114570880451931e-06
22650.973727820434,38,0.14189439097616796,6.865361115060927e-06
1217.063238333853,863,0.0870782319166444,0.003872740211321329
276.96250403321096,778,0.025234660602760233,1.239287184760544e-05
1388.3685651237042,309,0.0017472776641314235,8.208907435432163e-05
12611.014972702202,463,0.01021807103663627,1.2033874619684455e-05
650.1437306690193,744,0.006835865192291678,0.0008671151849818323
1104.6179944408607,383,0.00792747514542029,8.74261202404194e-06
928.3735474650255,489,0.0025508571841008436,3.978064725464008e-06
55337.6823744287,267,0.0032482090569785995,0.0011339810872865565
128.9141301577531,934,0.03970507948006184,0.004649504547477235
4382.402231260764,402,0.022573317094294807,2.9038294609211476e-05
2620.6608401970525,305,0.009615784303205666,2.633876811219075e-05
24198.759599743185,469,0.11768717428728549,0.0013476643642363981
921.477106699771,664,0.007521077355812476,0.002570957254330906
18335.35870256844,406,0.010134292643110157,0.00025810652623206923
1120.737678096945,53,0.025320472261853452,2.5426682628368843e-06
37806.028035654264,357,0.013343505171698552,6.704931622867115e-06
142.28733725544578,517,0.0018916179630833285,0.00036249811628319244
4421.4134723223315,727,0.0014974161939763399,2.9197429406362286e-06
2007.0741475006866,813,0.0012615475125901062,0.0021948824812636374
395.12637592080034,447,0.03200351132790186,1.3889143297315118e-06
2346.009047481522,912,0.042850256989243364,0.000666337478312044
2323.7267645567986,745,0.0029470317565958395,3.303669192277533e-05
43558.91034245852,448,0.00705611261991099,2.108098196219312e-06
42678.45499430627,541,0.003360471669204834,1.289082877259151e-06
14259.00696433231,43,0.10034660978214825,0.0029709743831714715
32082.82274671202,257,0.08797356063216134,0.0002359671011110988
8958.71051299692,132,0.006260575898633254,1.7668866989400005e-05
597.8504118072352,396,0.1346249286221302,3.270741999772872e-05
1382.889358670012,363,0.12898517246774097,0.00036741177072024657
698.9435832032136,223,0.05959415894164153,0.0020175227226317083
474.8773004276653,734,0.0014271598199396796,1.9454157074521833e-05
37627.5006258048,459,0.05899538779195042,0.008751632396661681
96116.86695744716,862,0.0158190842680072,6.439618938799704e-06
5412.775019022055,985,0.15534665167519746,0.00022864591745129173
486.73742511570833,299,0.0020194318236181437,7.907813253022177e-05
1147.0313434445318,146,0.015779891684628167,1.041401881570828e-05
179.29876443408926,198,0.10961238377176244,1.9067702668222073e-06
1700.8630650563082,747,0.0016908753259198535,2.5627005357952106e-05
692.4601695956509,226,0.22336455884710324,0.00044945996972776665
1133.765764996877,840,0.002829399793733965,4.384292847188613e-05
16777.05668700114,294,0.05729153246250508,0.0027635991405475205
56143.837837288054,933,0.20707483025374568,0.00010845129882596452
495.0793605329033,418,0.0038053456619085843,0.004796297650456599
136.67250099925965,292,0.08756282613090469,2.255820260004215e-06
1935.1903779632737,568,0.2519467141418409,0.005937685018776696
1023.7807886961558,851,0.1877187489792988,0.00016350048029749233
2202.3585788150885,803,0.011678071042458429,0.0014332332598082432
13738.660534349347,733,0.0018140019094249613,0.0001288895848966462
36052.977904271,153,0.0020612774591675354,1.1608015872247006e-05
12451.491938699226,494,0.07343991714916709,0.0011043949257442307
31687.520540416397,259,0.007524556689779517,2.5132650225683537e-06
45956.273056692844,659,0.03176080232515407,0.00011536596463680013
2085.2317727142413,781,0.026782366623125047,0.0018229625145226873
59720.79681541238,562,0.015833692468459934,0.00534354028929797
115.7417241277847,874,0.008209126153342773,0.0017754878987238996
10748.933364087405,2,0.00237267417288334,0.0011086218910017125
263.05834070439016,182,0.001972140516221446,3.5336748116558274e-05
391.27450864459377,318,0.03973148185408355,0.005157835010796317
19440.976898073408,623,0.10510634629946902,7.67612799999798e-05
311.01352750985876,668,0.032215487805380826,0.009229996689449
91082.30193645916,977,0.03219613220412118,1.2136520626337383e-06
24018.932182615394,1021,0.004490432266888885,0.0009827612707175664
6669.069383179265,509,0.2781956529702602,0.00012495975050910065
66453.84274643079,584,0.03954737891692439,2.3155367098432633e-05
2544.4431950640887,112,0.28753853082664776,2.9839990496987215e-05
89535.82158922526,697,0.05775792294397976,0.0020557966580431694
1985.065132140381,160,0.0012421993935216025,1.6206430710465591e-06
101.06413455418254,255,0.004893834249790231,0.005262403740677693
1768.877663682685,475,0.005220307095330781,0.00045783290777634826
380.60056205146276,388,0.018149970726505517,8.03799926999558e-06
14826.402357981604,537,0.004742767256993792,0.0001739531588653349
967.7257269544855,501,0.09996841387301605,0.00017672290449200956
3658.828954405254,740,0.05548676975064444,0.0024805672492604564
1970.1551462302268,624,0.21228231641726453,0.000309954634583533
14106.391040609271,153,0.027710851704781186,0.00018853126522114767
168.84976096680026,982,0.001237889968300996,0.00018558709817032403
2817.152433787752,21,0.06314537657928235,1.0873854811389535e-06
2945.1011917445517,802,0.004801178120710173,0.000691679927780152
6303.023673654398,919,0.013200195900434555,1.1639490108023106e-05
4102.664299787141,1002,0.15165622188784317,0.0055673469337715045
33944.46618045356,205,0.017283411496021778,0.003803090380022493
76103.2855092792,325,0.034217356359746175,0.00014862057889448833
8527.837460657523,756,0.0025086186973087145,2.3877059923219875e-05
2272.017089450815,359,0.02051621340829361,0.00021719417800773633
85725.29007635979,790,0.013210126941589186,5.264652354657328e-05
81978.09439572014,487,0.24612214928219345,0.0002244631100907446
3435.7031236384405,660,0.04905442263171785,1.8171574205180098e-06
29988.24593257202,518,0.003831020239440374,4.552157375277312e-05
46407.851104396475,215,0.0658381373568799,0.002349381220764967
272.4299113310925,850,0.03572146503700327,9.749759586329996e-06
290.0894914777766,421,0.1020978497583635,3.5102522447744325e-05
38569.24354556599,847,0.04700349364078526,0.00036503949959763957
668.7017021788889,591,0.01470043228214405,0.00010996541471641322
9699.360070154278,775,0.239086556518672,1.3136704933426268e-05
1402.5740733610269,629,0.0010280998959050238,5.852624296202488e-06
337.6439066405681,860,0.270473628899436,0.0004909891634798731
216.80636583470093,881,0.007680390673258531,0.005876766589401333
110.94261230363685,757,0.004864653551901144,1.092134096540582e-05
14731.342957416024,38,0.11387826391734146,2.9965622015145925e-05
31192.187044235052,752,0.08873784573632772,5.3043943437347925e-05
207.51383293748327,859,0.005851651934309238,3.128448733640012e-06
72795.28989167583,449,0.0029122075003286405,7.90732662296804e-05
809.69234477086,1011,0.12092559285068773,5.663692031416699e-05
47922.54589871703,1003,0.002561795908059733,6.514853026854216e-06
2923.8546464594874,876,0.0026668140297940574,0.003709517623307873
63928.82775548723,776,0.007594239149717062,3.792159860333616e-05
53925.832984220426,328,0.2997423457956391,2.5945786844501564e-06
41258.4781201901,818,0.11586968278438312,2.544552217383404e-06
1239.842891383238,307,0.0010784333329367315,0.006880230772858995
2023.0338106257602,858,0.001509977034829274,1.120685643029719e-06
2689.861784858944,464,0.29848727302549805,0.0029343275514418093
132.7681794672584,278,0.04335126404485107,0.008890668814322948
57874.1692037424,522,0.0708461695042138,0.00012874371326660408
2886.4373520755234,279,0.015760358886132548,0.0009903560919854119
38338.656735777375,471,0.021288954158640894,1.785799474144493e-05
987.9034531578441,390,0.006393938125507435,0.0010181881900788539
2784.7585752581426,951,0.05381728620054216,0.0060677361776079845
3728.586569495035,432,0.010780505507943289,1.6374593600403287e-06
1022.1898160975722,44,0.01105892423729987,4.588464889086564e-06
2888.5112377380433,67,0.003038915579045894,0.00025976643138329923
47224.39622164433,733,0.004425373458549783,4.9396673381245784e-06
3222.8561023564866,161,0.05278007522535818,4.003774998971201e-06
69049.35211714102,515,0.02082186129105124,0.0030442095127448973
169.60700250098216,712,0.0023251752079579517,0.0013206457808043039
7074.706327420119,577,0.0027856892525530475,1.64281542592423e-06
84400.73536741242,357,0.0023168554074208263,1.4790742279406809e-06
1277.0578511237127,468,0.0850781507840819,0.00053255844738998
9399.403045264151,979,0.04377891802859136,1.1946725780699251e-06
22331.12813556504,198,0.06030068203501188,0.0003858816700776817
1908.0686186574346,747,0.001011667211580445,0.0005085763937489317
4913.159707374999,226,0.0018424272183690858,0.004728750172635917
390.31261652852584,895,0.001085396386651191,1.4365420207898371e-06
4893.108732844776,678,0.039477658839948665,0.0018746696234688922
31145.555388701396,439,0.001647880320741905,0.005457923417329411
485.33029225641394,531,0.014943840810428412,1.22632444902499e-06
26727.31545808855,992,0.005652559033204088,0.00040359258720828073
149.51880490843482,383,0.029673775601923576,3.1362946961546526e-05
9780.453485054968,1021,0.010101547343151912,0.004464388787980498
1798.157977296262,612,0.038031264746289956,7.40742732749923e-06
30136.132306629264,505,0.11102605032562275,0.00032948675852471676
243.85017586689057,921,0.001620729549058054,1.1430143831742464e-06
741.682650500265,676,0.16035289254152263,0.00018380266067517218
5569.2239787224635,515,0.0016597616684984708,2.520665168309838e-05
8193.498308812368,931,0.020482808018825342,0.0024103346253632144
4345.4742527274,751,0.1685845372418716,0.004052002010954173
5295.080798008058,129,0.0026149917505592585,1.286859854766288e-05
10652.311986189203,698,0.0032482520569496924,0.0029148500922631347
1866.2141685450176,479,0.001033614136660855,3.49529427697213e-05
4299.782924639794,684,0.224315291036067,0.0020938891319024185
65206.81175370993,308,0.07523567051084719,1.798953522943346e-05
296.7128838575081,906,0.005000782601518696,0.0026731728353459354
622.3291055287003,785,0.16850243904799478,2.531506479090595e-05
192.32838180689842,98,0.0037785263337898408,0.0008544389523426534
8375.03142525387,33,0.03048828589022768,1.994452094754762e-06
11755.729992682505,489,0.009733082337280142,1.3763458565504348e-06
65888.86788229524,690,0.110779099301172,0.00825527433391897
14663.174403756151,291,0.20110282677876237,4.324730210263276e-05
1062.5743164669755,337,0.014829208394028452,1.882517396262478e-05
23163.472205400063,60,0.004941934920271332,6.820046137635153e-06
651.0694592067024,634,0.010132821367748353,0.0004740045731597427
430.6958966582422,54,0.0044191905157471645,0.0010229771069356678
10554.57449022608,145,0.005639820024614157,6.699718303648446e-06
1164.0231696509509,733,0.03184875426404559,0.00010469067182389193
1676.6660712940834,883,0.04014083616697738,6.081172316249777e-06
29179.049423571978,350,0.003162262347523342,1.8849586443447327e-05
21540.285085035957,810,0.01788593452406593,5.70659974683729e-05
33494.398636262275,1017,0.03775561182327307,1.0315883468482999e-05
252.33132614188588,698,0.0011921127769607368,0.0005985237541064651
233.50276212772553,360,0.09685104856005922,0.0006162237527579936
1956.509205362009,149,0.08488173685015303,7.17910277358054e-05
10256.82116367561,305,0.21483344189244308,5.7087869535203536e-05
3173.016390029221,500,0.05148298930291941,3.2256668178571274e-05
320.18580652190514,587,0.09801261887950716,0.0002417116625177506
65340.06187868563,789,0.02549918500511792,1.8418323033333957e-05
40951.19754204225,382,0.07236306294807894,2.964183912262648e-06
727.824409309622,73,0.0019116425849273096,0.006158970818482258
1061.6306460845606,241,0.0015693724230381079,0.0004150926446171975
26874.233188743692,62,0.007894769799945307,0.0012279143974225797
16799.621582728552,766,0.042091041985669674,4.590639668025299e-06
3294.6885951030995,653,0.08208506680859823,2.4053115354823768e-05
21449.824200316325,347,0.001044548415921066,0.00017974606947233348
165.1707204705375,531,0.0449973988815471,0.00715501084977196
245.85605872486263,552,0.004434178504324163,0.000493537466091588
1881.4293933774716,263,0.005187553451084407,2.21840284317506e-06
11442.65341856211,320,0.003594217095933688,6.78115328693216e-06
947.3931323843594,271,0.005664457110665703,7.266056056679318e-06
511.9907215639408,430,0.0012344981386364282,3.00356626954088e-06
5034.230620570301,45,0.01430500861056351,0.0020776782692311325
1265.2616375385319,1011,0.016863604503618304,3.0322823967762088e-05
34211.76449452977,721,0.0030613096862994044,0.00010249879782000638
21009.19642959817,957,0.0012521033185040953,0.00021120897918791174
174.36886371609842,228,0.0010103765796623146,4.471563948928555e-05
379.3900097450783,55,0.0058067084314468815,0.0004894476871525949
328.99511397931417,589,0.04729724787509412,4.8741139266266565e-06
262.7325639513353,159,0.05114526575671133,1.0400047605507978e-05
1789.0491638250799,435,0.03236674508691832,0.0008285807668299515
41640.42266343465,31,0.04756311784483406,0.0004250542441949621
813.7414565989782,460,0.008627681848146787,2.9050928251385175e-06
43360.989679886465,306,0.028411235450733086,8.29613251842857e-06
117.41500977225097,66,0.030156949561098392,0.00907901979680165
129.38011056327633,336,0.002226984048142178,0.001443225674689508
79016.38573148132,905,0.001432336125483408,0.0003380102796915759
1564.6037732677355,930,0.0010526307018160477,3.7734140463145314e-05
674.2974165625902,924,0.05598285282157345,6.507969511173077e-05
51056.954366353886,565,0.024033165048509036,0.0049066912373494495
281.64050885161987,695,0.16576079630171422,0.0001795328130454244
2252.6090811313957,309,0.024063300660516523,7.408542947355312e-06
27102.899413667208,417,0.1509648261254731,9.526288180863614e-06
460.46231352442146,167,0.015153116702999528,0.0002615793809048805
24383.05978703868,589,0.0011443337751162427,0.003546720654822715
45367.04305141151,577,0.007234660953096938,0.0016681194704642026
81133.34226310859,410,0.0029907706316346827,1.6453838287769597e-05
4488.940060960923,726,0.04924808714981828,6.8972952821805566e-06
3824.3265482499987,174,0.0010194884821182223,0.002899212450435401
578.6885495059813,794,0.0014269402233639285,1.6480899817827282e-05
1544.4867302221205,272,0.0592677918726316,3.830132699006542e-05
265.64754779120057,19,0.004303870902545359,1.4047775657553284e-06
5108.6037905413805,408,0.002448615172868289,0.001037507049082959
111.92194665173598,467,0.0012695684761374671,0.008559814232746255
2132.145595566995,12,0.29676095936581137,9.698783456625238e-05
67020.4481780978,481,0.002767900720938581,0.0040459754914637935
28127.75479876524,980,0.3057663766588119,0.002112671677289479
297.73204325778255,868,0.001728898772910143,2.5503099859753378e-06
944.4950443480774,288,0.08315730191866885,0.006571491311025945
30332.39577279652,192,0.02023711586484337,1.1610376711232203e-05
20715.82267802327,796,0.04138201039803476,0.007906311345520734
132.19756253107707,546,0.06796705915271298,3.241049990870646e-06
255.0455390319871,288,0.06483785605318575,0.006537869083761359
447.44861362876713,769,0.0019761594129028563,0.003796172592028566
15890.727610143815,679,0.0035736615965738763,0.001135344413976175
850.7148272915713,351,0.16528190266556417,1.0333065657936082e-06
162.66507277470433,777,0.033872499286632045,1.6160165248159728e-05
4499.7352038083945,513,0.06290802305384288,0.00014289246023081964
222.80908055652097,590,0.0037754755363741534,5.08782070254889e-05
34792.31913246158,943,0.00444929931362786,7.479214224210688e-06
112.59148714682064,172,0.03768634436355842,0.002871414287777642
2173.39105436252,274,0.2932144761790701,3.846762654635473e-06
14231.17623223596,759,0.0030580031053303778,0.0017031851037955933
1933.2424567642959,674,0.1680349882622714,0.0008767531976940805
7212.599766849443,110,0.008722444140778185,0.005151832431636206
344.41439738319946,297,0.056915892969570295,6.690108156319674e-05
233.56417165133988,981,0.03927262752210319,3.385856098899621e-05
2713.9587045700273,1006,0.02963999739526751,2.0731272738112706e-06
3755.1198943562745,338,0.028768317143404904,6.409293077501693e-06
132.83095567471386,530,0.009670398735069573,5.49551416030544e-06
19621.885397007773,671,0.01917274873054288,0.0006406399549514982
529.9880845802587,220,0.00179039139733728,0.000954249322501884
57481.304016616115,285,0.0028554810927477223,0.005687069297892962
55774.23552584146,942,0.032415474101405,0.00032040026839295693
305.6680938067085,654,0.001402164228752314,6.581417058650701e-06
11475.313091928161,276,0.05669760159588315,0.0011702437097030895
48863.35715506334,496,0.16542377696814853,0.0004962449913926916
2671.1464534168463,221,0.0012788860809261557,0.007963338219091282
238.8319317452485,254,0.03649874159776438,3.212311682391349e-05
15471.965405375522,295,0.005551861862572172,1.3365564587384898e-06
52578.43012155742,743,0.1294008572509788,1.6206393740846812e-05
358.5815390389041,804,0.0870215558235673,5.301867313386568e-06
38963.45158683139,141,0.009733940803469742,5.4367630514058195e-06
1757.2233198592432,918,0.004531933486192459,0.000513333515914898
9663.871667973366,470,0.0012961725387774226,0.00018105605984005936
4724.776557726868,260,0.01409890867177551,4.2278606308194065e-06
16792.66171174785,452,0.00825124021623202,0.00015395085686251123
61522.71415175986,884,0.004147635516363261,8.113331389796508e-06
5116.04756746809,986,0.0010131038489357585,0.0009466006782341874
15493.829240751893,153,0.0012504984042523016,2.4560750642662464e-05
282.20760367988333,761,0.00401383386952077,0.0019175982927046808
43331.32188084073,540,0.0164064326193694,4.066945557693977e-05
195.5600559150418,429,0.16371222891468276,0.0045741621307354595
72535.64175604588,728,0.10518574102316716,0.0005529237997551081
62116.29766639798,399,0.004082481975157992,1.9686188866940094e-06
41264.05691482113,618,0.07061489223285684,0.00010287696426668372
189.69562743532987,315,0.009205494834421036,1.820697344579522e-06
2166.5443243521663,129,0.0011540027914674475,7.365660621392116e-05
12820.996579368693,781,0.2708222857167003,0.003970374022477128
7146.195396546197,383,0.011899423088951276,0.0007373462672738649
1580.8953959866112,562,0.0023116774106100657,0.0015417941158691146
1870.7295096456169,651,0.06756515587069453,2.905940862174657e-06
110.41424402345349,678,0.007622334874927791,6.212988151237194e-05
1522.8704491527394,738,0.006844290523922783,0.0004039993965536253
37638.0575353096,407,0.013672018372782844,1.3650362003799407e-06
98298.40602834085,152,0.10698053857185165,1.4126878375886147e-06
1617.3841648666473,208,0.003363609013034795,3.0660968929829863e-06
92009.96395069706,823,0.11679305111599984,3.20866111173247e-06
559.1190250718129,49,0.00948465336318854,0.0002015812760015065
10968.480986615099,444,0.23330069530338302,3.6717120405692277e-06
1254.1540745405396,567,0.016872716113957697,1.6580760900920326e-05
2093.4122976314115,598,0.001345283947600217,1.4794998233474159e-05
7244.398033898641,552,0.005118568725933013,4.804333441868545e-06
85117.35761002047,424,0.002544614609862216,6.2779884764188756e-06
10967.245268931669,336,0.042797885123527925,1.612928800607799e-06
271.2133114670341,254,0.06999174194827208,0.0015405535323912624
4757.226117794555,457,0.0011197329747059954,0.0001994713894520223
510.93045209270355,613,0.0055192838201602356,0.00011329572800117251
2875.588576051414,260,0.019705640588232855,0.006276856102421943
28303.446251524794,273,0.009864060017173014,0.0005392344415086551
2934.448599050406,96,0.12754198697186728,0.0008293831511367404
64122.325074454275,389,0.002541569906578882,0.00014170389887090113
13669.57349844382,359,0.08064771423701059,0.008839947483897753
11277.030795502436,292,0.020660010886944618,2.6431898660603297e-06
180.2222249752002,434,0.04445947437763622,0.0025180389188765016
26494.95421152614,798,0.0035811125018098606,0.0007823175935020726
1434.1093027474749,94,0.017272039100681078,2.7726740571802862e-05
68975.50866210528,992,0.003820327631231954,6.850856297346818e-05
3361.290899811715,431,0.19289886370140297,0.001771024391143458
368.2801829129001,548,0.01279271633261846,0.0009631122705886458
4079.0718243443607,795,0.011434961697149998,0.00017572445821590444
335.92997423497155,2,0.0032396353165392634,6.877349864282646e-06
295.48778858579004,692,0.14640520501774276,1.052319834177724e-05
1204.0326836741665,383,0.05030398551589955,0.00020394528297663808
4691.466456590204,676,0.07954007638080567,0.0002464666677755301
1140.0822424414273,614,0.010174676008821612,0.0007360294092731777
246.0972785862863,421,0.007324296237974764,0.003073956050115294
60727.16960317193,40,0.2166156956908385,0.0022007858833883623
24442.20464492374,444,0.03721218848373888,6.237803069207927e-05
3604.763404701942,466,0.06793037128634809,1.7408991554831952e-06
146.38228506449465,117,0.0010780213825850728,1.1091295187435221e-05
229.7838534478354,998,0.019924724284776946,6.544011024129631e-05
2238.877515671769,415,0.00403937209276924,0.0003748500814397724
108.03760927361526,25,0.07021469813130611,0.0006198821635830399
7076.147004293578,293,0.0025886503695943803,0.0007584166328804967
46135.80079833879,350,0.02012483009095259,1.0023437030155885e-06
596.2244351922573,831,0.0015668922398236176,2.5570432152375128e-05
14831.240999879885,89,0.02783772819579425,0.002142177197938709
91402.99202169104,667,0.10054238865864999,2.5578103351279115e-05
412.90569718702585,95,0.0028946932071093013,0.0037959666762378353
5687.143654583322,260,0.08420071543596619,0.0005327980182597683
2459.2116020604312,777,0.04788252482602912,4.689478417937141e-06
954.1712901330831,312,0.0058690768420173465,0.0010240715679833302
761.9861397101772,416,0.005136001607574517,0.0003483238037157204
51213.52836015994,231,0.11871763505951413,1.4076681981242807e-05
3941.4260648789686,420,0.16332263237960679,0.008958852103082074
11243.921450790196,27,0.154052646958613,3.900344730093418e-06
347.5605398837713,928,0.0010234214389800524,4.7558283934630976e-05
1165.7808835998446,569,0.017817095148421783,3.836880116679793e-06
2294.6359651368084,30,0.0019624014190974164,9.395347791893047e-06
46586.81584964724,78,0.0033078669691924117,0.0005615053945479129
26556.387761842314,184,0.15592069973086226,1.654163399576157e-06
22396.84082273751,741,0.11108555080521126,8.96498560066362e-05
24299.280981332096,615,0.09714181372085322,0.00013270660762874432
25187.125160407402,123,0.003961932502109953,2.8502417440384295e-06
586.0794785848769,781,0.07108244126663954,2.4252489400586475e-06
5357.725897217715,764,0.003734104467411199,0.0007815287471099172
138.3792374151375,532,0.0019762996287439826,0.0025580839931669485
4818.483711133361,46,0.1267524017339945,9.70692608059001e-05
12906.234771485424,493,0.0015299971616550077,0.00037425836921938915
13429.783682620251,2,0.2563687774402456,0.00877433592005006
29618.434552395218,93,0.0050421222123290255,1.862436690039053e-06
2799.82964452568,213,0.0026682444577774715,0.002416916385240846
481.02178466802786,518,0.007108169970589285,1.293475261011245e-05
553.1940537213294,515,0.04158275901385292,0.0003906803412158349
4135.551977599253,222,0.0020720119630158536,1.7884943842389733e-05
2423.3010828273113,448,0.017816974146177913,0.0008722636946639346
3922.4687948574374,866,0.010043310750520193,0.0005947268467121044
102.50006094733445,90,0.0029274907548754985,0.0003567181298567023
21267.292450093282,658,0.2601298358146992,0.0011806988004322702
2542.8456970419847,233,0.009907926981679586,0.00224257322931605
1338.0857101985298,709,0.004037021508588868,0.0006037596446045691
411.85408952635845,612,0.007455887834529063,1.8224276382804084e-06
41574.64460485673,313,0.004164191037443445,3.300252192782714e-05
26605.65463101953,259,0.03715528120134961,0.0006222954473179052
44240.3133895508,12,0.05679130476248672,1.056244469313111e-05
518.9465155108354,1012,0.269302551163601,4.439136794682352e-05
61426.52626683559,465,0.02341219779064494,2.7370439306143506e-05
3947.186264970328,88,0.020291293357702665,0.003310269667346085
767.6136183155903,640,0.02257078380355031,3.774327972631377e-05
87390.85828348013,195,0.04780641569838993,3.3824479066986046e-05
7848.162726998759,949,0.008539046992601468,5.259351222547653e-05
561.2570505099029,656,0.1051567182145711,1.3564216961861369e-05
98188.98351457386,809,0.0022647440647866105,2.1733125407786237e-05
45202.37884574077,791,0.016722615469217255,1.3609840996800415e-05
1666.6457562526061,30,0.0026266209544429336,0.0010500630319156727
2937.5652969226835,582,0.07868701160640054,3.1177932656064168e-06
418.6213884046491,764,0.002248906424959573,0.008877927418892645
176.07383764606902,808,0.00420152101320146,0.0005335564263528654
30181.975311738785,432,0.00873790198019834,0.0011645626676979454
19881.246636323776,453,0.010507686909179928,0.0006307562711477355
436.9299331997666,724,0.008325878197073153,4.64397101493607e-06
1035.6546388076229,110,0.0037566329646462984,0.004625435339204277
429.52227608790963,214,0.008924434317704108,1.4946600726765489e-05
39577.85019580015,185,0.003709389831574772,3.5858901375804096e-05
1837.6550229525017,582,0.0674345520196104,1.3417336327655291e-06
257.6457289487347,47,0.014630968925825983,0.0013693688663840185
297.44930645599,761,0.14735351140775624,1.6173614999759242e-06
838.2716748070391,842,0.2645935725092526,0.0012691253175183283
520.2707736236047,523,0.002019879517496009,0.0005463893897490144
545.5270229089679,644,0.06597497090219488,0.00022370767892686044
6151.9303794649895,865,0.0019353945041064823,8.594986251482795e-05
64279.00772084499,194,0.007035264292399125,1.336011126996468e-05
1086.1019085771472,691,0.004184045725404496,0.0018192262663460608
3030.5362826281216,835,0.026190942796542542,0.0007669870117538342
12240.249797057952,558,0.030492886754097174,0.0031296069686555525
65416.77303779979,848,0.22554838053269577,2.0473017044607217e-06
402.2631743237249,49,0.07001444308772257,0.0008272032336751003
1167.0788422357018,278,0.004941643261990175,7.542424236759213e-06
441.808916218941,844,0.22447975683320132,0.00010967019270012373
10667.026121618828,53,0.02184958555025489,6.9369314871181755e-06
9851.248134735535,407,0.014863055417564199,2.0790666120182656e-05
15444.890127566876,131,0.2843967810317715,0.00012854197980269203
356.3555944384798,39,0.04360241802165803,1.1957845259252346e-06
592.119258088094,45,0.19455995699364237,0.006707748683021373
789.481433370013,477,0.004586020944006601,2.0296882003905408e-05
64527.15627282673,852,0.01599515288807872,0.00015766704550294238
233.3923394450352,410,0.026194415091692038,2.6250793104632404e-06
7686.855378692482,88,0.07623885023522771,3.6678156021572564e-05
416.01630204082073,367,0.0020101965958884247,2.1843061395066596e-05
6474.629751218944,128,0.10243102233173411,4.011977111927371e-06
677.7462094577578,32,0.0020838957677984976,4.6500736556993735e-06
5745.9655620271415,213,0.004759629458120564,4.6407746830187375e-06
85143.00341534003,906,0.09226422297192825,1.3032147780750565e-06
6954.825460539998,249,0.04022860999306771,0.00061247046369994
9490.391577584167,638,0.008044006400890428,5.740237501484299e-06
556.0983152749444,330,0.0585458697886479,0.001073452380236001
2616.98997678537,379,0.0012706655906718528,2.4880850369309632e-05
1470.5040607708377,600,0.001146733199949414,0.006082468777148688
277.0871832647719,106,0.1579697463985432,0.0004668788870956151
17275.55450424687,659,0.0037954826422921984,0.0005175004161446081
33430.92511521614,977,0.02118113175895318,1.7906681282697515e-06
118.45069920768837,180,0.011965472764337185,6.743413977837428e-05
59757.95472356921,666,0.01213037991423947,6.010909278682031e-05
1605.631993204733,782,0.22651054214950703,5.34632049257477e-05
26028.896353584365,893,0.00241151727557189,2.7972055802068632e-06
67757.54208336995,975,0.010741359000169818,0.001674077023936187
47000.3042483216,547,0.00485037220817762,0.00023298252487839144
829.5357190189625,158,0.030730315950994225,8.963139845152079e-06
257.1960000580511,579,0.03558570405116156,0.003567902481142485
356.63263681855574,798,0.011893792452135678,1.8597762702394368e-06
54659.99000023768,638,0.0023201241363000604,0.00036585567393274533
1253.1844086522653,35,0.0022868796506394693,1.1757358270819415e-05
30066.04668510446,989,0.0032015465485895314,0.0072733098859925445
69096.15838597501,32,0.0042929363445469776,1.6392588445820367e-06
52695.99600443255,920,0.00333168374795443,8.196816153213792e-05
226.71853534202748,511,0.074550372566626,0.00023754884107839543
221.5774118571179,302,0.005081549990976527,0.00011774778117367468
12917.625483659665,88,0.009971572045909097,5.215485498441861e-06
28819.486073242006,647,0.002096321790484137,0.001480756191705051
241.9298651438928,706,0.21434567845265795,2.6415805823536232e-05
81960.10460459739,783,0.009067635382512821,2.168031501649232e-05
599.5412776384813,692,0.015910251938543438,0.003927571712290015
1000.9808510546864,407,0.1684813095319432,0.0006595348623313528
37952.70789592536,949,0.0015027796399841946,5.410069971591051e-06
874.7632689977978,38,0.03152879978765155,7.896301244013808e-05
164.35646506645207,380,0.08561409228907915,2.2467189346047783e-05
6081.436942667391,465,0.1473406983023083,8.073113631758763e-05
3111.7167345977073,727,0.04453932559960398,6.246274042547676e-06
1138.937032214982,397,0.05507144290721951,0.0008455564317609042
69230.64797930105,887,0.0028226821291064937,2.6890671591781538e-05
5663.167385766148,668,0.017221108614496956,0.0016046357626633963
108.20597044008343,947,0.0021306942890413298,0.001358708862201707
667.3264907782834,102,0.004758532508877712,4.668786058754392e-06
12567.022616157034,346,0.08483754873101534,4.319853575332583e-06
33327.176559031264,647,0.0018498939833206814,2.5130050304007198e-05
136.02325416526205,850,0.018804402915274715,0.00022562838761059153
5749.880830039076,413,0.026556439044085077,0.000889384327478113
140.21739365353528,896,0.0015136595348506081,0.0013766810926420792
214.7497506552844,698,0.001232485412873423,0.007713215226233123
2473.334198641352,694,0.005889986741445238,0.0074943736101358025
1054.7515797288968,677,0.0022741885428254113,2.2069897284128276e-06
515.9256515581667,150,0.018394765579555456,1.93781547122566e-05
505.10231938835034,332,0.08111126345174546,0.00019268281865487724
7871.153292049846,558,0.024073793067862007,1.008470930085825e-06
6385.099208857281,144,0.006334989347175126,0.004557520738188544
168.00787883814678,75,0.06441136070720781,0.0008746353325911463
361.9855089042088,970,0.0020778435150027737,0.00014326154197280534
58714.8341832268,592,0.1502119952785597,0.00025992866197457524
5620.701491565281,263,0.05041165183078251,0.0001281170922477883
36787.58713659955,140,0.11453454446333908,7.4857134165601706e-06
301.4673996250712,120,0.014996382589388154,5.016843878638136e-05
152.7503830167989,283,0.0020640220984980253,0.0029134031304587364
353.0271647648421,480,0.10276229250209959,3.0114229004054032e-06
21721.685541150524,183,0.16411656260871535,0.008872135572049248
1276.5810882273436,444,0.002502103271828959,4.931402478968385e-06
140.31846108631473,553,0.1185410310334371,0.00016845473408699828
1437.0532748872238,279,0.009542562917510624,0.0002612901831344663
668.1494252677751,862,0.010816573916424214,0.0015836963763202672
7593.058582653278,926,0.002185455951003911,6.950363168774058e-05
2968.992869940486,472,0.0021475880608794085,0.0007966060625961975
4979.310270492304,743,0.11507577698767944,4.672713794293448e-06
187.56018512983587,28,0.1619146237855217,0.0012275463733139428
1667.6755341761038,346,0.1820041171261146,3.0813504982286345e-05
675.5306059248182,651,0.050750744574392846,2.2981856802018666e-06
289.26631336275886,411,0.0025381182812897344,2.8737061690087232e-05
2665.048968786818,820,0.02425891847022879,0.004127302628059333
795.3206224647339,782,0.31372988907262206,0.00023165095834865512
93990.98310054214,204,0.0038520945287505493,0.0002517958393598378
13141.1618902167,715,0.27712929139278725,4.131308625424761e-06
1768.5930501271596,257,0.002368580047726751,0.0028526158684791737
404.940108944475,717,0.0191307605119271,0.0005463649958538591
120.88666040066724,821,0.003561537460050519,0.0024727545209901184
2732.2259000400218,841,0.005093131644764517,0.005832886858392035
12713.904629923558,916,0.024430105541452786,0.0012645369687655705
148.20981290482587,516,0.006504141127239932,4.770476978782532e-05
18847.927627919482,505,0.0030891888171223477,1.1677005868538675e-06
64432.19571446335,460,0.0013672530027300967,2.056168427430284e-05
1189.0455516763568,715,0.03200003916430493,0.005438117760679667
68833.30760379058,798,0.008535393078637888,1.431929641601545e-05
26341.148797317623,742,0.11738045185227806,0.0005349444494129229
2544.026970902524,306,0.002289610528479313,0.004489158859873603
600.6714051002799,401,0.07098758982488085,9.427171436355145e-05
556.9573186139032,316,0.005323974837708231,4.828275592117423e-05
21446.219835835094,973,0.0037183597212342655,5.4977903395877484e-06
65876.82352602477,799,0.01298041447874836,7.332208785969458e-06
345.44631109800264,739,0.25560880295082195,0.00012754030147456977
53094.669740250465,647,0.033077455684391376,0.00028113560069492296
10108.526382039194,289,0.17446031134960757,1.3785652851885718e-06
17698.205602575028,616,0.012275399538790843,0.005422679195252714
340.75055718630614,725,0.16832166169301424,2.5914878640620042e-05
220.44181680498662,530,0.20428920255549968,0.006189437079030515
130.7349806122771,993,0.01517584860976047,4.5324598420047505e-05
4093.2567531796676,444,0.019204844064669775,5.047583040573656e-05
850.5099248626547,354,0.029321435927639448,0.003733709926850551
36721.269071612245,138,0.19826512411410016,0.000910721068308284
19197.612255128595,796,0.001121910530823825,1.5338332909144456e-05
779.5558290329742,653,0.003022057376094215,0.0001543278269135924
181.33240775804438,784,0.030331643994680278,0.00859720659217456
8857.948201838293,132,0.0018541561016063774,0.007319415972501138
840.9135547408426,76,0.013604800012572426,0.003524315547985547
5622.709457812616,790,0.0017782271599841445,0.00034236165221478024
10017.204591622673,642,0.05752058775027918,4.745044958707002e-05
349.8155931892143,179,0.0030816487688536654,0.0075804918584981605
262.8876806808735,964,0.00993275022128459,0.009353406258089258
567.1298123223224,861,0.0034525040521417583,0.004323952081606375
17219.932906086706,589,0.12466933349419723,4.502893644632724e-05
2155.512014339209,511,0.00804228234618221,0.0030483796763595863
300.94856305419734,656,0.006680622320803264,4.94554710721367e-05
111.17542335445478,741,0.001293653296044438,3.564271993194618e-06
24362.613003384122,403,0.11832195888336042,0.003490403757801556
997.1933104513452,185,0.006565340092283316,0.0001595584301101418
2018.7906142468555,331,0.0010780809511917607,0.00022247326180515714
7170.5851887832805,394,0.00107388016158877,1.4769853128108184e-05
13146.83411829407,1022,0.07376637738735228,0.0010559010895107685
1860.7753748406637,71,0.0014032951045009777,0.004427252751890166
2632.356561649259,975,0.23859959098674455,7.751274967435765e-05
31918.597563956504,282,0.09107149256083774,0.002582001656700697
28117.675975581795,935,0.047247833423560724,0.00013394652949671082
6765.582307043198,414,0.0017228759663637711,4.101269862904536e-06
104.6243239553602,446,0.2944070273288989,0.0001671192116178522
2975.5603088206963,794,0.24765357860686574,0.004709725046896371
5948.581227395431,640,0.0011746290043662016,4.7171871613014185e-05
1497.8056356537436,414,0.0019440309102445234,1.4146757345210915e-06
17524.045530095696,848,0.001096091441182339,2.061326705408903e-06
172.26414779389458,362,0.001230906109321955,0.003142253153889709
5034.459201785291,610,0.027213888458324977,0.0002875458888614466
832.0119470778147,163,0.011211098278556344,4.357805807393627e-06
21705.893002836197,332,0.02926380504494292,0.00013709940399890734
215.70220008641664,203,0.031820975338971116,3.5172405527355877e-06
152.10550938505722,775,0.059268615828782054,0.0001233697269389211
6232.03541459306,990,0.007093544103417415,0.00019700338057287084
25841.568057394914,923,0.016076951653218513,0.0020386473935359896
4478.871845009036,941,0.0035741092797953555,1.0071686532656376e-05
36457.806222360676,435,0.08534831214863114,5.0109656521764305e-05
6692.228862370747,701,0.02612658201064086,2.89054426777293e-06
1383.1896806812942,860,0.02089265953189085,0.0029054924381273083
77171.83667321612,1001,0.001931356399213494,0.0016988037219635883
169.02701832907977,234,0.1774095203609891,0.00040654906654998387
2433.766573192716,971,0.05471860884277287,4.6972005850293364e-05
489.465369171934,777,0.1079122410774326,3.5420817916916766e-06
2395.4799954020855,239,0.008475283301329012,2.7206178819114772e-05
142.4035578338702,837,0.11117229420349908,0.00435597477546598
153.56006605615667,913,0.010857999864162067,2.893123801415473e-06
2100.103849172757,746,0.0020120144601830253,2.083339084940356e-05
22830.982723287347,717,0.08660383276893317,0.008967613290244269
488.3822154516087,187,0.14814325981489804,0.0007865183658591137
22671.77973345866,527,0.01501997004820569,0.00045456227834709856
272.08439135204077,787,0.002031708192431895,2.1418236878268767e-05
1059.0273903812072,1024,0.16112090510477647,2.6800623951601592e-05
4851.127801714259,920,0.011597391659589661,0.0014789606206144612
1384.2495759776243,833,0.005442519714364845,0.004713279517626588
394.0929713654838,982,0.022833622602409155,2.4840593436999746e-05
84849.02984619608,570,0.012505983463536522,9.638042839734848e-06
1655.4322454433343,560,0.0016919365714456022,1.7440445678035905e-05
20498.556448978827,290,0.1997411648678089,5.933380426164101e-05
304.7409175677242,349,0.3092765703436765,1.0060392677590055e-06
27077.652876938402,991,0.05766400298539573,5.649091535729144e-05
7674.434796793552,836,0.0019215001554989165,1.96343591104768e-05
1432.6352141318753,632,0.006292275627147043,0.004814930628812856
13209.375591252905,33,0.07657958662727878,0.0006978270896130953
42256.179198185775,874,0.027247394795089374,0.0028669462730422364
9648.080045546452,1005,0.01096559085654359,0.00025541081982658885
10756.888105787411,747,0.009862704517010636,3.992575104947412e-06
256.0406945249459,482,0.02000153813796022,4.130430634596525e-05
33918.245453477146,879,0.1020667387224243,1.2375230492744614e-06
19229.97047307424,156,0.015210592540755939,2.798896913945905e-05
16373.933453786532,560,0.06276741667857165,0.0003482187015207687
2718.2588092418086,576,0.09892552595446166,7.80131765158271e-06
18088.538859195425,863,0.0605171742261481,0.003819518527926809
410.81797258658617,309,0.03266763159985677,2.8803854923523524e-06
637.937680998826,409,0.04017887631630209,1.254677844266122e-06
6860.826209044211,671,0.05395238072970621,0.000952995082181888
1037.6922035163336,548,0.11893011380358648,0.0011953803237126311
1714.6493835935107,792,0.06157202720680774,5.804150812064537e-05
988.49507800114,145,0.15900457567877674,2.9705348571375432e-06
231.18247533946013,578,0.007333813585131431,4.968560682123078e-06
594.4545648860276,401,0.006879533549322286,0.004356418717845569
2170.939855622919,73,0.13679453101360134,8.955448541525479e-06
1842.4381856977816,502,0.0016557310837593889,0.0017062286150658402
1543.4236147059905,888,0.0011393489101861423,1.0568209930091543e-06
12634.750957072263,68,0.010792263376118296,4.19103737897854e-06
296.01179828382385,525,0.034487400640973456,7.430604418232396e-06
79122.90798352893,523,0.0010206163774780013,3.4243001933510504e-06
2605.164918840722,613,0.001309671978024807,0.001123137209469736
2025.2154898357985,669,0.009097500790223324,2.460657678185058e-06
494.0400075126872,208,0.07410940138108489,2.1616901223890028e-06
238.62408096755235,558,0.0015460027128259117,0.0005512430209415696
52074.25637493375,281,0.09134405766258831,0.0022308084903061333
445.6714535960754,447,0.006274603745920164,1.9738874790266077e-05
170.3743901625265,377,0.29639817744406705,4.220429932624106e-06
96619.51980367293,229,0.0010713884200626675,0.0001287299466708577
7689.534554312451,916,0.028409161957045476,0.0005215002001163769
317.9721126571784,665,0.03225502809770777,2.9694274941940655e-05
85554.13663367304,1017,0.28991934479541337,0.007355679057416561
254.02841137376026,362,0.14501695289984765,0.00031972491481659435
3291.1328180457667,585,0.13863447655729905,0.0001251453700634233
3031.023145301074,179,0.006896525331816373,0.0017046144372811192
1620.1681204470992,496,0.004724979471372154,1.806953269057738e-05
13672.085143037952,95,0.09068859841260649,9.112982539531097e-05
20331.77137598586,926,0.14903189007190545,0.005624100876658081
292.7604301165956,188,0.02232127219948194,0.002861957284263113
53997.397465193186,443,0.2412017428658602,0.00034080077878907895
34449.28342637336,182,0.0010991174079593164,2.2762920305582192e-05
4349.6155996487805,942,0.00945645505549433,0.00802098075143968
12427.576258534828,608,0.007183362928861779,1.6733389016748613e-06
4179.874379430205,59,0.03676671930143913,0.0015052972256798687
12168.422972851418,864,0.02048713397387769,2.3800030663811702e-05
206.14377976065109,740,0.001801106599391656,0.0016263921725523153
127.07542676723459,314,0.012327418043511012,0.004940291137668422
1246.386248294081,29,0.19099557763712988,2.0490004273428296e-05
21113.837459659913,987,0.0038937178637066827,0.0006433126513320803
7657.666732108645,512,0.20145602225024953,0.008385176014251046
13938.775676227602,413,0.06084165323683065,0.0014703845661285014
12292.95804335644,846,0.014750548354408718,0.0004866590548379618
2823.7709867278295,606,0.02043399363820389,1.3765388086047896e-06
95628.03512636281,261,0.013772343313055282,7.34511249673143e-06
100.56816770463523,287,0.13834259318160366,0.0015088644545304688
359.2999883880163,957,0.1687001840340138,0.0006352491859544811
313.4589907202367,961,0.010218004823996447,0.002621857891604952
44492.78090590299,458,0.011076257866508335,4.887549518694605e-06
70475.22732233664,7,0.11498792958396027,0.003439597552799885
13142.468437808362,182,0.07442976585484327,0.0002668887521072194
106.9955419049802,672,0.037438024616478494,7.960183989933623e-06
270.4496514133699,95,0.002127373646514681,0.0071125802162578305
18750.276991896768,598,0.0035928884543497733,5.442865276319762e-06
979.3460540392072,671,0.11377012053036198,0.00343057315056676
1984.6245799657493,638,0.01944813900338157,0.0001667239283498067
143.4748130700405,537,0.004450027964114854,0.003916712394713299
2620.073877804674,78,0.008790038234303433,0.00029769247488779885
4665.818694049038,361,0.00573683772600385,1.3166959817331089e-06
43810.97856925239,201,0.011192057528132493,1.2970681090938172e-06
192.33192428243783,125,0.002269819300574886,0.0010300997465184515
43372.98279196097,514,0.024417840725125636,2.8852108319938737e-06
22285.77724700895,190,0.09803603611998561,1.1686051254754288e-06
32584.530452134877,453,0.04885689278212864,8.86094703011109e-05
28261.220495685076,591,0.07253257473580578,1.3144131286377418e-05
84285.77232668099,250,0.0021018603237324732,1.274719892430433e-06
2062.9913592405023,230,0.007207150866052048,0.0024298232707268925
3430.6783670376244,642,0.007453062450252443,0.0018536796480993674
2908.307887591677,382,0.0020925690710195633,0.0009311739009117485
767.2720429580422,887,0.005852959850123093,0.00010317412607709589
28868.338115759918,101,0.0030902105916966833,0.00011165206795612445
33406.65362545824,34,0.07823146707050067,1.1811567037645408e-06
18321.981542144396,148,0.0017859830290351832,3.1033022731387072e-06
1406.2319868192697,485,0.014299532196184636,3.8018242651143435e-05
8912.328401304345,475,0.0021777910549233346,1.1160363348480257e-06
41513.19438266354,417,0.0010460726731651513,0.00018859483071730472
28560.8576290726,450,0.21641421413862347,0.0002871786067356289
1581.9304624403062,815,0.004645037578410812,0.0002808580731164017
10974.760164940555,191,0.10128504507615123,6.888275939777076e-05
16735.76469467845,773,0.15811402472840735,7.387572949372193e-05
43195.98708510707,507,0.005770544065260474,0.007915504116178458
313.48030222069025,250,0.016602186987471696,6.110961403925456e-05
42648.45249141096,850,0.022195087779056866,2.2767204136793546e-05
411.0025007457393,888,0.010387463839503699,0.0001588097180005895
82676.91157907246,748,0.0017918006133399523,6.813253189238963e-06
899.7356240737864,100,0.040580720687521374,3.78602919519917e-06
638.8855384884545,733,0.06339919141197153,0.0015802063921968156
669.0698016751412,205,0.002483811952632402,4.827872226994085e-06
1966.683325906942,460,0.006298089363336558,1.594002787958376e-05
259.150283683602,175,0.008084748372815942,0.0032637837300174316
2268.080413790135,968,0.0066690537282993985,0.0011036903260875678
1972.1884309365298,456,0.0011354586255268864,4.726734957998495e-05
365.371473493786,99,0.005247811891551431,2.753571292331075e-05
420.3485187642412,697,0.006092333674215494,1.2718571268912624e-06
528.7721118951252,862,0.001607148979518378,0.00018519682880511218
2432.4311407714135,993,0.021196733706755354,0.00023063290223215282
50662.75180917061,749,0.0722618786954091,1.0309914170229902e-06
20975.951509920487,959,0.0011113819488092953,0.000433042867377002
2647.969676336785,94,0.029683544498216943,1.1675218123620564e-06
16636.43630302815,344,0.018148541299577634,0.005804387631262028
16710.265545223432,403,0.15038667857021668,1.8900417611218794e-05
145.7111210640059,588,0.002110921726540783,0.004921009733714085
34526.28690105838,432,0.045003556208385774,0.0023655786822225503
23817.248260768996,308,0.029013443552433366,3.6767158468802325e-05
1055.1086188515708,566,0.07771740566096254,0.0003176449689336889
13015.66102759756,554,0.01108223532815149,2.0454793509512315e-06
3753.3247253065006,210,0.018761107328080093,2.60337706598344e-06
20784.252784510463,445,0.009015035595887892,0.007067744436397223
10185.296527083863,450,0.0050600066689879784,8.383069223532708e-06
97805.7681788677,642,0.04072156265926282,3.576161575327022e-05
1808.534066156549,846,0.0709056165664962,0.007721125137486948
2229.65843787309,415,0.0010747214598367972,1.3362232539870154e-05
1827.3408092274221,14,0.06895957812802138,0.000339576541607286
245.55373514709962,122,0.0014732273631736738,8.421374699875695e-05
15938.53629148679,934,0.04243052478400581,0.00021044156711725546
681.6592832032012,624,0.12775799453658448,0.0005119133719525049
47185.85023748211,270,0.01131789246633621,0.0012046591434864435
11238.66984452927,23,0.0012365906010179445,0.0008456208933670554
18321.344329792548,141,0.005048927629392537,0.004957605639140734
2368.0359449241373,425,0.00520643152583327,3.056782374234574e-05
63994.2973630162,823,0.24986961655005738,1.1785544230232142e-05
27644.947656256943,454,0.013461156791863542,0.0018728831760218732
38478.66197628773,736,0.006843346261799043,6.976217807200213e-06
880.0337554896428,408,0.0020246830035790765,0.0035107635202470604
27209.91936192819,962,0.0027133538267974846,0.0012207573493367794
55382.02539637268,39,0.2091211958978812,5.96997871464325e-06
7639.500803109852,255,0.05116737198863916,0.0009592752618687494
401.2541195029905,604,0.15106358496964442,0.0004577316341155954
995.1375493522452,118,0.06832448407872321,3.3372879322629486e-05
1088.583430721942,249,0.031160415534339535,0.00016962311000411192
10648.277041695044,446,0.004340952519214972,1.8628018775715038e-06
121.01948826526522,106,0.07623731908661473,0.00046478554409010056
17669.45728784725,533,0.0012324998448558994,0.00014609031415120882
57973.07700396209,68,0.003783144465782686,6.647440063015207e-05
1603.7421826280138,758,0.021811523388027727,0.003196070776941316
663.3219471675624,811,0.06344543253785663,9.120028426124474e-06
60308.6650604103,993,0.05504385499996035,0.001542816602273732
2156.4285494884402,953,0.04258855867589179,0.006183405135921532
22870.228959654916,878,0.22415665795177395,0.00046702676652157033
1128.1590713362496,836,0.13768856651365755,0.0011991179024103279
1304.0793245082698,705,0.011466026258879294,3.987708719043862e-05
295.9505955616166,582,0.0010995089489302078,0.00016401246071869228
87541.67830582484,711,0.005331345327181784,0.003218638760861088
4436.8626461003905,653,0.0015635726506681442,2.3245222191464113e-05
1619.0380232024204,828,0.11980269261486357,0.00028896650950544026
1713.6741546156352,550,0.0787232613335961,5.141309149992494e-05
24485.658009319548,863,0.03638730542163806,0.001176759815867607
