P,n,Paper,Min Time,Time opt,mtpa
3600,100,75802.33286076589,92757.14034380874,56360.396631922435,1.3449574060987282
3100,200,144061.4855235657,197590.5914341137,130217.13646731075,1.1063174128370608
4000,200,112830.87939108504,143640.52465201888,100918.28076216583,1.1180420290451998
3600,100,94638.57196735694,119795.36246220705,82739.16147748545,1.1438183597389913
5000,200,90760.84903563609,108969.2628219919,80734.62460973267,1.124187416172054
3600,100,71709.47676514559,156393.50653411803,56523.996691051056,1.2686554554359515
3100,200,183741.86587576973,257448.49398588427,138532.2505345118,1.3263472236018794
4000,200,171158.26969114045,207694.76996837257,115155.9162563489,1.4863176400778626
3700,400,245481.17307421702,370677.2112742405,213656.58348328175,1.1489520663117103
3600,100,86755.93933862775,123078.859373484,70156.3045836674,1.2366093090773314
3100,200,187966.73343424423,304609.4152802919,137386.0010519413,1.368165111401561
500,800,3308424.114150194,3491783.5766456146,3267304.075750519,1.0125853111453147
3800,600,362918.40189988783,483533.8769096887,320033.938090515,1.133999737856689
4000,200,170067.27431398767,203894.7252393135,137320.72161632078,1.2384676712460192
5000,200,142097.1413933923,146627.3527312638,115155.9162563489,1.2339543291642043
3600,100,68075.62831775595,95069.54927018985,58006.622033314765,1.1735837380542222
500,1000,4160113.1560744205,4381345.558676831,4093849.1535162446,1.0161862345370642
3100,200,180428.26172374957,320261.09048631974,154172.62620376144,1.1703002417905726
3900,700,438330.52195908915,612990.4326723532,365446.52556977374,1.199438197628725
4000,200,180701.97240797788,237863.62572472065,153927.2635835206,1.173943901821716
1400,900,1334609.209598998,1646698.3271856613,1286164.7347474247,1.0376658397970202
2400,600,556518.8340693623,824205.9153984012,506720.40197664866,1.0982759563231648
3100,200,160167.97788420646,251912.2099234073,114753.3996959917,1.3957580194445522
3600,100,95227.90188568586,110092.06426745233,67756.1990911905,1.4054492897029573
5000,200,150521.36928829702,174044.4779465143,137320.72161632078,1.0961300488127301
4000,200,143849.75462519913,171010.74181965645,112828.85828240226,1.2749376074085041
500,800,3368260.092970417,3562805.867901767,3285289.350154367,1.0252552314188554
3400,900,582603.1299696066,865694.0735437291,529597.2437195278,1.1000871641207983
3100,200,158436.22559839513,245997.4308617001,124711.94386995098,1.2704174169846287
2800,900,702930.1385148644,1021927.8764180897,643082.3673737124,1.0930639280090428
4000,200,134127.08667373404,168505.43652940288,96651.75649921202,1.3877356349424188
3600,100,119871.76666509002,153301.11200675377,96621.71431835281,1.240629681544793
3800,600,396005.22421276674,521660.4521224645,321880.04091687506,1.2302882250317422
3700,400,239865.69608436653,353254.68782389304,205752.07542732256,1.1657996430227693
3600,100,75376.37691229115,92731.2673145952,55242.2402672505,1.3644699517549592
5000,200,165333.30139511128,172141.46355151388,153927.2635835206,1.0741001791758729
3100,200,150517.93916057842,198553.43419252115,127382.15558806715,1.1816249965758827
3600,100,81361.29670896266,140528.7206425604,54138.05797390288,1.5028484536364912
4000,200,120596.68466626282,157650.1280442212,98721.17058075205,1.2215888847024663
500,1000,3992048.4140813467,4307045.35068072,3930709.7185198776,1.0156049924705624
3100,200,181104.49250818667,266086.5901358307,139779.29979442974,1.295646013211777
3600,100,107363.0296648253,145380.22875126236,100449.69451400051,1.0688238544106394
4900,800,423206.7482387102,496790.8079893931,333398.3750765836,1.2693725581040913
500,800,3346432.821887324,3528004.7567205317,3274386.9034349574,1.0220028727749881
4000,200,161368.76072678805,183936.751191577,115640.3076979828,1.395436971235272
5000,200,127927.11204416004,134186.74384399722,112828.85828240226,1.1338155325827013
3800,800,508056.89401508,702620.1768259786,429908.43101980514,1.1817793217264787
3900,700,422356.9425790388,572016.1396244521,362565.00813201076,1.1649136930093862
3100,200,151162.53871030602,232247.84620876564,129389.39423645819,1.1682761141462457
4000,200,124428.86407349477,155435.30850905876,100276.7805332551,1.240854197869167
2400,600,565571.5632942835,913813.9179898498,509643.39811838546,1.1097398011676125
1400,900,1400302.0147917976,1785993.7722219967,1322536.4306066153,1.0588003342558308
3800,600,382272.7320570204,545491.3577057342,304762.5027768529,1.2543299407700443
3100,200,181447.7448725772,266058.97271171334,137226.72683510883,1.3222478525674097
5000,200,117756.69127441973,125900.52043145048,89579.42667687622,1.3145506244327987
4000,200,159471.90277851684,196535.67697096852,124828.15119872103,1.2775315603660946
3700,400,259621.19963632713,381742.36641143094,213724.1872522066,1.2147487983190197
500,800,3192730.6124453084,3407227.49963881,3110717.580976556,1.0263646664584078
4400,900,470219.9115531169,551276.1774076282,409234.23378327145,1.1490238908071
3400,900,634732.2001949016,969600.5630388564,544573.8243674298,1.165557674264272
2800,900,748107.2920140069,1107610.207710483,661268.2153033076,1.1313220183596278
500,1000,4013742.8237620406,4305168.553790733,3947227.800460047,1.0168510728704945
5000,200,109215.80368140459,112575.23140886583,78976.93646460163,1.3828822510779
700,700,2084195.6765332662,2310730.2047486524,2036059.2138887395,1.0236419757913569
5000,200,135032.26324914137,147924.75567687672,115640.3076979828,1.1676920092759044
500,800,3218498.697007085,3367832.8714574585,3141419.6939080413,1.0245363595474104
3900,700,406459.5330308972,542209.9012756699,362742.4776379776,1.1205181584400763
3700,400,250068.25546466562,388641.95685530116,211010.6639990502,1.1850977136671692
1700,700,904238.4205025262,1267667.8939571276,838377.3233659515,1.078557822714184
3800,600,438627.7402997662,632299.2330160971,329922.1855316371,1.3294884658725232
1400,900,1350530.7073890783,1830778.5178721233,1298409.7201782912,1.0401421726907822
2400,600,561342.0118816864,889780.1618231705,482540.62939668377,1.1633051761538242
5000,200,109528.0899447909,123365.95466730339,81435.57132645712,1.3449661881257897
500,800,3314573.97425223,3502834.4503616705,3214282.074476214,1.0312019597073971
500,1000,3965648.283020942,4223620.671831441,3865082.907971662,1.026018943821843
700,700,2098885.374293536,2309940.240574969,2020005.0453069168,1.0390495702819564
4600,800,448708.14522856986,521083.49039208994,355141.74736418686,1.2634621205724754
1700,700,903212.6361365854,1164891.0993361406,831766.7833616717,1.0858964967152906
3800,600,368734.52460277523,525312.8094790499,330062.37177301315,1.1171661968676552
3700,400,276651.9922330995,396081.58675433113,224453.57042915575,1.232557769983967
5000,200,142713.62079138082,152490.76101555862,124828.15119872103,1.1432807377254743
2800,900,713661.1204688805,1159672.0994519372,649204.8600891456,1.0992849319872375
3400,900,596103.7780398941,897320.5655924595,534639.2965440023,1.1149643916809118
3900,700,419110.26336804806,558453.8147250114,353336.12732920476,1.1861517432027586
500,800,3289356.769310263,3468519.952864283,3201172.824034593,1.0275473865745641
1400,900,1354845.7943665588,1848354.5483232785,1295833.9013491715,1.0455397045531425
3800,800,483728.18090043566,706093.793043668,432274.91449399566,1.119029036109276
4900,800,396526.09334678244,458957.8182173549,335233.60715860885,1.1828351480261174
2400,600,623502.5444117743,988560.5414351033,522376.7937584254,1.1935877547809193
700,700,2088758.9442169324,2281353.0329090925,2020993.803983018,1.033530602667045
3700,400,257909.84111009235,356528.8321108254,221671.17208871557,1.1634793946362751
4300,300,183615.02705671536,216165.4757875717,146088.26345336632,1.2568773337176957
500,1000,4084012.9971521036,4431797.395431694,4035141.402599406,1.0121114949085093
1700,700,883445.338394261,1210034.8322736535,832173.9192871251,1.0616114227072353
3800,600,357144.87366018275,489001.2424092355,323694.72471905686,1.1033385668245232
500,800,3350611.6939517055,3573317.98056257,3278707.3342666198,1.0219307038885705
4400,900,522452.96321999404,600041.2848273268,420807.0461021049,1.2415499409038548
4600,800,406743.93391972966,479773.822096836,357096.66849503986,1.139030323732576
3900,700,427130.7951502798,625950.0563928364,369172.542505644,1.1569950252834682
1400,900,1329044.3052671065,1725014.3516309985,1272984.8441264993,1.044037807205061
4300,300,205045.01732035074,217668.33563164814,148288.0517849619,1.3827480693973528
500,800,3241737.764316425,3421318.7728978656,3191147.896074252,1.0158531882224602
2800,900,703531.8894122356,1153139.5738163628,647916.9506745858,1.0858365237701308
1700,700,865933.5679128713,1151227.2988262586,810594.6450493521,1.0682695391605381
3700,400,259870.83461871045,361523.8641669351,206597.65090248818,1.2578595810915905
700,700,2056621.389817409,2232720.461412872,1968586.995119855,1.0447195856295872
3800,600,366538.8853821198,496698.37846228137,319144.7913760268,1.1485034231696163
3400,900,595573.3740107008,917058.5983862611,533578.6652614236,1.1161866333596815
500,1000,4109062.438970976,4330279.883492448,4030387.245145491,1.0195205048646994
2400,600,569770.4926648414,855623.604511759,522598.7553072708,1.0902637767092176
4300,300,182927.82339444247,228908.71916499618,146995.95057376253,1.2444412426357918
500,800,3308393.3091361583,3425417.5402543545,3232143.191957929,1.0235911940312394
1400,900,1323783.466589863,1696035.1888999303,1261592.142156054,1.0492959034506384
3800,800,495468.3165999008,709998.6430264311,430840.38203091547,1.150004357215401
3700,400,240555.13510967817,357395.73353277595,209620.0566717579,1.1475769014143586
1700,700,899195.4715867535,1274870.6054233706,846925.2445717716,1.0617176396027859
4900,800,410236.4452021274,460718.18895044236,334121.1125954038,1.2278076114839642
3900,700,415216.50080070784,595185.5911454108,367544.17285314784,1.1297050299491687
700,700,2104952.125471107,2378371.526055385,2056818.451102874,1.02340200436379
3800,600,392930.18439677404,563099.2809785075,314333.112534269,1.2500438825194922
4300,300,193126.94397285624,220932.87957738218,138420.44373767654,1.3952198010494399
4600,800,427683.3866000005,500333.06031007716,355911.61993858236,1.201656149000708
600,700,2429528.394490821,2628656.3596685994,2375402.4162035296,1.0227860247670362
500,1000,4133866.4864505413,4386570.076521257,4019142.122651224,1.0285444904156908
2800,900,703286.5020280557,1084328.1913633987,636492.4220632496,1.104940887981489
1700,700,884091.6164886089,1242895.0159797072,843189.5730160451,1.0485087159299886
2400,600,553724.5406501078,784469.5610849985,512516.64747183997,1.080403033504452
4300,300,187095.82319021475,208395.67733093066,140770.7263192815,1.3290818914002298
3700,400,255882.30368424143,362124.5374138656,216018.74830105697,1.1845374797174002
600,700,2438191.4353161086,2599674.0921287932,2356672.5528580695,1.034590669950807
700,700,2104054.5223567165,2305027.7315484793,2047746.1058961095,1.0274977529189175
3800,600,380267.2742551075,511559.10724354646,319112.3188001814,1.1916408482281737
3400,900,581537.2634347207,859873.7984982432,524170.22993444087,1.109443517056386
1400,900,1334811.5265662905,1765266.0400354879,1286618.7089731158,1.0374569538411569
3900,700,439571.90064555284,601204.5679944201,371553.05443068326,1.183066308845428
4400,900,475876.4703974851,552208.3970176167,413130.3655112745,1.1518796731597263
4300,300,183915.47187106122,223707.8024357482,144863.04739585196,1.269581685441801
600,700,2446499.172449256,2615905.19461496,2357826.1046468546,1.037607976104617
1700,700,906096.869834352,1254337.6472049688,852386.4189880381,1.0630118566530888
500,1000,4147755.468483965,4339112.088654399,4069472.997857877,1.0192365130982057
4600,800,406746.04258680966,458678.0184438558,338121.4761931039,1.2029583189046347
3700,400,265614.18471862527,417332.08911759476,225652.80857296204,1.17709230564592
2000,100,110996.60233816889,152269.38392808064,101448.71393746037,1.094115420788818
2400,600,552684.1544094468,823692.5019359849,505312.58634537575,1.0937470574534494
700,700,2125468.0904000835,2381907.9753032075,2070081.303256664,1.026755851113811
3800,600,344751.53801819123,478683.963039405,306611.50699549855,1.1243920405872199
600,700,2344157.886406657,2516058.8109782278,2296684.8276398308,1.0206702540093895
2000,100,125640.55473116314,189903.7706936898,99055.94667602921,1.2683797282971927
2800,900,705271.2090565278,1031120.7654447977,630796.071078027,1.118065316816611
4300,300,169731.0699503412,199991.08765780533,139226.32690356477,1.2191018302731318
2400,200,183931.4968272337,248695.474684362,168197.1346036097,1.0935471478792143
2000,100,121506.23182376086,196017.9548025879,101743.19404389191,1.1942443223410422
4900,800,379813.2672161608,430050.9796679752,317420.16132413835,1.1965631471918659
1400,900,1315892.9793168388,1609982.9566030332,1252118.641765147,1.0509331427745436
3800,800,464308.17412370065,668447.2199727305,409304.9448653363,1.1343820297027214
2000,100,123596.09446396006,201944.1179920451,101778.59972724337,1.2143623000825854
2000,100,123226.16110788881,159462.21570507158,104411.91965996657,1.1801924675764386
1700,700,827788.0771172006,1118923.7979270385,773086.3432677387,1.0707575994917262
2400,200,208495.67867364487,300758.40615930455,178937.49027374445,1.1651872302147601
3900,700,392448.0762348297,557394.1438901704,336986.35475773225,1.1645815051383024
3400,900,591450.6585969444,823413.1587897154,519479.1173583752,1.1385455908305895
2000,100,133995.42646070707,166892.50621028792,92238.58380523889,1.4527047243443965
600,700,2489397.1479854123,2691355.985291623,2399621.5262866863,1.037412408880016
4300,300,178009.50096358705,210578.9811145707,141065.37125569955,1.2618936836094339
500,1000,4238142.283075748,4505862.086301208,4122810.6344401585,1.0279740349149582
2400,200,204872.41778199328,330214.85129997844,169241.28517114048,1.210534519250559
2000,100,152194.40065887992,195716.67126853752,101835.57449878904,1.4945111411993823
2400,200,213057.29799594558,382675.1449451386,171195.98936377885,1.2445227180130636
700,700,1935127.1897069644,2164879.3750954815,1877495.4050787939,1.030696098894448
2000,100,111707.43596510276,144707.40371812967,99436.03248105089,1.1234100273096714
4600,800,389521.89987055917,465509.8389574951,341458.66238130885,1.140758583056762
2400,200,184086.0008718711,304147.40078201226,148223.14127398928,1.2419518254007964
2000,100,116566.54950524213,161748.1376487604,94345.38784346236,1.2355299201127783
600,700,2449515.2969334987,2631098.2899157335,2389037.123545461,1.0253148738426823
1700,700,836902.4685728902,1146621.8208032514,797304.1606450524,1.0496652468184802
2400,200,200952.15590840287,254192.5149721228,161086.26083202002,1.2474816590221485
2400,600,555549.7377988934,803230.9700784564,497694.09484592587,1.1162473968490187
1400,900,1356008.2905562825,1747763.5544875127,1271950.7723467506,1.0660855121416732
2000,100,131269.07809404866,222814.29452155437,106642.3722234613,1.2309279637833253
2400,200,178994.31238838925,260978.48515557544,164535.2843012534,1.087877977957982
4300,300,185644.30567696402,214875.578650037,140579.40963543227,1.3205654096741448
2800,900,707017.8774281053,1040389.0324611955,643309.3544865579,1.09903248335693
600,700,2471505.6051165117,2731060.813317485,2415094.8537994414,1.0233575717443664
2400,200,213601.98484771088,311607.9038760692,180548.26223447174,1.1830741664536955
3900,700,405041.94267251977,532983.7059579645,347542.8392555357,1.1654446500470323
500,1000,3903805.9961290504,4057106.843964301,3825653.42793789,1.0204285541446148
700,100,308496.8060945568,324286.6107027435,289853.46839274396,1.064319871020317
700,100,329644.8482515895,356652.5628311449,283016.9905029406,1.1647528569425745
2400,200,183178.46570699467,259662.47837431854,167127.96755542516,1.0960371766996246
700,700,1995969.3224379553,2182498.1995180887,1936310.1044236987,1.0308107765785857
700,100,322820.5039444865,369477.8258699159,290694.84012540546,1.1105133610394393
700,100,324499.9378427459,365112.2576459383,290795.99922069535,1.1159023463609328
4300,300,174634.82396806157,205107.14257847072,143892.85209275878,1.2136448852614676
700,100,324986.5925071004,322933.32719529734,298319.7704570473,1.0893900595632584
2400,200,207024.32028529054,330575.1210751639,177251.18882868224,1.1679714063039925
700,100,319418.632896767,317315.6912704879,263538.8108721111,1.2120364049596208
4400,900,477089.30157692323,560174.8318974931,412310.7867929182,1.1571108902773863
3400,900,595434.6497066341,844538.6471415857,529784.1742830477,1.1239192837582033
600,700,2228711.925523695,2465565.280407525,2190411.3059252594,1.017485583412955
1700,700,843415.7980551538,1115146.7875535535,809392.9621488473,1.042035003388193
700,100,313308.9572451327,363234.4947042548,290958.7842822544,1.07681559784494
700,100,325445.5702342885,309467.2022416294,284102.94994585967,1.1455198557294366
700,100,289069.70051817386,316892.22405151493,269558.25098132103,1.072383054370704
700,100,336446.869556985,393333.463475771,304692.49206703226,1.1042177878244757
4600,800,411309.5660378493,492948.9710199689,349378.4863561102,1.1772607132386932
3800,800,469564.89296614256,697136.1998394058,413344.69656684756,1.136012864967781
1400,900,1357414.0984522407,1725208.2772249747,1300312.186577912,1.0439140019325714
2400,600,566046.2426166018,829792.7562484698,505261.17143362056,1.1203042596970405
4900,800,372420.6068709259,422396.4901083243,320553.0299906165,1.1618065406582734
3900,700,411644.8785388857,550964.4339620722,352812.3168341129,1.1667531401190705
600,700,2298461.22048256,2477622.126601945,2259028.455160982,1.0174556301986766
400,800,4230805.481671861,4297712.992293749,4084130.094688149,1.035913495305764
700,700,2030888.2776885782,2206640.887850154,1965668.6223614863,1.0331793744811062
3400,200,131723.33009853086,185703.68015935994,118727.3891319598,1.1094603449261964
2800,900,679671.6478542637,971006.8455895168,626059.3208825735,1.0856345799565947
3600,400,249752.7360095875,371585.4826499821,219591.4885800396,1.137351623346523
3400,200,175988.7737230915,267140.4061684359,126308.8166638196,1.3933213719474455
5000,700,360752.56380035524,406837.5852814977,285048.28994442354,1.265584030939782
600,700,2371618.867341263,2484682.3853597185,2293280.059421734,1.0341601574555543
3700,600,368515.5940923499,542813.1139273421,328683.5039848532,1.1211867636330548
3400,200,177573.54623423843,271918.2743123946,137320.72161632078,1.293130010854338
400,800,4166398.4319246616,4349798.523634034,4106611.687692959,1.014558655353482
3400,200,175206.69041639348,278886.84083833924,154040.8405168634,1.137404144436702
3600,400,253547.98399448895,374736.3373375259,211467.41085585929,1.198993182771376
2400,600,529566.649420469,748779.9227491205,485468.2194095394,1.090836903936915
4600,800,420703.5306071017,468326.55971659324,347953.5678298471,1.2090795137724528
3400,900,571272.981479429,832426.8107693997,515578.26425623696,1.1080237882090243
3400,200,153389.00146333792,241387.64347118113,112828.85828240226,1.3594837685888537
1900,600,677288.865698298,967578.8408136654,640067.87618103,1.0581516287606048
400,800,4147755.114041031,4316438.593980817,4092983.629293697,1.0133817991245633
3400,200,149848.73903913016,221195.71100733636,113707.94882260237,1.3178387315113003
1800,700,867899.9794050473,1191993.2893247388,791800.8054011764,1.0961089878726684
3700,600,392019.4422143035,556369.0431389295,330579.501482196,1.1858552646387135
3600,400,256992.36564277005,377808.8691748457,219660.97023143456,1.1699500615516865
5000,700,342867.9543003502,379545.70452162554,282800.7063429684,1.2124013363832793
3400,200,142211.8931947397,183381.59958413636,116142.55362441417,1.2244598448784714
2800,900,705229.7040329129,1062808.30306798,635975.3861733753,1.1088946512163569
3400,200,175858.86841409912,239588.23054620836,127445.83216550946,1.3798714750100054
400,800,3999667.8917142833,4130465.692581433,3888396.976220695,1.0286161408349148
3600,400,258330.23836450337,384567.29886447825,216872.07133235713,1.1911641585633748
1900,600,691777.9022694451,1010276.6293960364,643760.0818337501,1.0745896208707384
3800,800,496910.9999982731,733159.3609206505,422931.851904765,1.1749197837909986
4800,1000,492328.55536210455,561812.0229994253,426442.6201579421,1.1545012906537349
3400,200,135591.17080098423,210879.9287915539,117972.68298030012,1.1493437919321219
2500,1000,893770.5095758478,1275763.793638695,818769.8307032489,1.0916016639354922
4900,800,405650.7099597032,465921.21039006556,327987.9667832871,1.236785342883419
4400,900,462205.76701288874,541857.6341337976,405040.6322220679,1.1411343214561236
3400,200,177712.3266088129,241527.75434476993,125118.48623201098,1.4203522753566213
3700,600,394503.7398368996,598652.7262437346,312999.3271762273,1.2603980442896705
3600,400,273637.8121833685,409939.1147820588,230688.39182996564,1.1861793738848365
4600,800,408702.4798352025,470638.80753201083,356381.2319855021,1.1468125792096393
400,800,4037491.3108424176,4134115.3658957025,3926774.6173850517,1.0281953267618642
5000,700,330987.1358923471,378930.19872528006,282939.1325576225,1.169817454730972
1800,700,842113.4572572202,1151108.191176735,785557.5176193566,1.0719946514028116
2800,700,552014.6400491677,907916.6548873053,509014.80347218487,1.0844765933793368
1900,600,658748.7969089323,1029500.6382601354,609525.0055537059,1.0807576242266066
3400,900,594633.0514434866,890757.3186874401,523744.4356721914,1.1353496303599184
800,700,1824496.9309059351,2084938.7745880892,1781551.8121526472,1.0241054559627976
3600,400,269088.455551384,426843.60609731707,227828.70464673545,1.1810998792651028
400,800,4090392.3761014026,4286957.250517583,4017852.593095267,1.018054366437135
3700,600,440505.0740405894,629308.965143719,338839.0013568165,1.3000424162409592
2800,900,713968.5378852746,1070904.638879406,650156.093288956,1.0981494217388774
1900,600,759300.0130029476,1070934.0116524806,659844.3710632742,1.1507259079582817
800,700,1797460.1431711598,2095075.1899808985,1767504.4146435524,1.0169480360441694
3600,400,264257.3314786331,358182.88068488956,212336.4745386684,1.2445216115260944
400,800,4077665.9732299694,4197761.135980541,4001466.0300432416,1.019043006391811
4600,800,399460.4327761901,461899.4509613414,346863.90174720134,1.151634490542408
5000,700,339596.20588982175,369298.3751010815,275602.1793167797,1.2321970992090259
1800,700,836141.0666213996,1104696.3728618086,785942.0348822848,1.0638711628989705
3600,400,247516.81797624446,382457.44000301417,215442.83602375118,1.1488746738784916
1900,600,690397.2280566397,988067.4971382834,660124.7435460263,1.0458587332266884
800,700,1841741.4282262747,2069711.1480883278,1768369.5784851408,1.0414912417821547
3700,600,370844.93097923254,546751.4612226676,338982.976415527,1.093992786601322
3800,800,502933.9785943156,702573.1656389371,421206.9505308675,1.1940305779865303
3400,900,601462.6938013203,890976.1740894619,535422.6650614932,1.123341862512007
400,800,4260364.685667254,4395243.629532617,4098384.1678332747,1.0395230196098515
2800,700,559337.6443337005,850513.8437375147,505001.2613267292,1.1075965292922634
3600,400,263274.9819468016,386728.3550433046,222019.26908719746,1.1858204156297851
4900,800,413601.2045118578,452497.92561329424,326650.2881667952,1.2661896208114272
800,700,1765474.6253415616,2000469.633393118,1722513.6207298732,1.0249408794767525
2400,1000,925653.5319552271,1353363.2467034105,852885.2403158842,1.0853201441408362
1900,600,679445.2077941579,921934.1195484546,647389.4494381137,1.0495154166998957
5000,700,362484.4249693178,407195.84138681873,287954.5831544023,1.2588249889912406
2500,1000,853215.5390999378,1396797.8098883622,786141.9437039755,1.0853199551723944
3800,500,331748.5629101315,440997.5830045914,268813.6483191662,1.2341209792898677
3600,400,275534.03574538557,418359.71714681183,231920.94214443318,1.1880515541101566
4800,1000,516165.6383520789,560997.7871557975,409448.92901248724,1.2606349700241544
4400,900,486650.39773732284,564275.4571571224,401415.6815951081,1.2123352924417825
4600,800,419054.1538224861,459193.5086328157,351319.9121693401,1.1927993242253156
400,800,4046249.640092471,4189560.156766612,3988934.8700928153,1.014368439662772
3700,600,362190.2907966703,552986.3824353692,332443.23079254484,1.0894801194574137
800,200,531257.0902484158,545532.7041082861,504591.40381082916,1.052846097329838
800,200,554073.7566623361,640264.1318360053,536812.4708212333,1.0321551505960653
800,700,1843704.7885176893,2170479.025220938,1799716.1447150146,1.0244419898837105
800,200,559155.2576395159,639565.1273805319,507723.85551342147,1.1012979822941074
1800,700,819613.888587345,1109799.0069471577,765561.609213277,1.0706047413082984
800,200,566433.443177835,682792.66807035,513587.96809133654,1.102894690626982
1900,600,672751.2032418561,963868.0418334161,638289.5827520536,1.0539905732774417
800,200,475097.7297430602,572623.9360668053,444669.42382196785,1.068429049291401
400,800,4155215.726108839,4226922.555504029,4040178.989947411,1.0284731781556353
800,200,525717.1062573894,573628.6966545426,483258.78249606007,1.0878583593287836
3800,500,346074.33471478795,440258.7025904465,262763.8247478427,1.3170547165192656
800,200,523757.77924272686,539636.4189651863,493605.8529037602,1.0610850259606737
800,200,562586.3746679339,656597.9056273447,541644.7867034152,1.0386629549080946
3700,600,371513.0096851036,551208.2794273327,327770.3262780816,1.1334552883530724
800,200,520829.92435677204,552942.3651390312,501383.9026662755,1.0387846948956396
800,700,1823527.4620571835,2058962.634745882,1791777.8426590958,1.0177196182708508
800,200,560152.505799101,645907.3001938792,531753.5664860466,1.0534062037434393
1900,600,676054.913303764,955682.6070041562,628666.225068538,1.0753797267064245
5000,700,334719.3287053242,383557.66163833695,286684.4548254553,1.1675531165759037
2800,700,555410.4206707771,862476.9098639922,505248.4509957545,1.0992817881502899
1600,900,1180199.2837531462,1515563.1191900803,1125394.1429039966,1.0486986192301737
3800,800,491709.439998529,690701.3096944625,431408.8597719236,1.1397759430774903
2400,1000,888758.3931003395,1414356.2792441659,818897.8580249745,1.0853104381587408
900,800,1886907.665930155,2139204.4213579767,1815168.9309725107,1.0395217953180858
3800,500,310996.2573762674,438816.5212409666,257094.22960689774,1.2096586448158986
2600,400,332033.4102802845,534200.382573965,304049.7534185163,1.0920364399153102
1800,700,855921.7956709876,1235437.1225234084,799873.8420955621,1.0700709919811695
800,700,1860909.0388954715,2172204.612255544,1811321.140349581,1.027376646493686
1900,600,687407.9620463323,977388.6531872121,638224.6376003628,1.0770627167119278
3700,600,398503.5522701114,607030.5566375536,322828.6020622222,1.2344121608942926
2600,400,324768.8293835082,492342.9534602546,292801.0304158052,1.1091792570617176
3800,500,347510.8405400141,546314.6117587482,274414.6456587005,1.2663713327175183
4900,800,393449.45796992525,448089.41054334264,334561.97288434894,1.176013683138856
5000,700,357449.6222277724,404769.49681551865,290855.4444784048,1.2289597083829455
800,700,1677131.6695663803,1919068.4860068373,1642808.4794439448,1.0208929954720305
900,800,1876119.1197691173,2210603.7613803977,1825160.7500857594,1.0279199350966557
1600,900,1235498.6482474895,1647237.9104208131,1157219.3767807884,1.06764427993287
2600,400,348003.6928868264,514163.29944716906,304145.9587819863,1.144199627969667
1900,600,650317.087940647,863393.0559451495,613223.0139909971,1.0604903487040271
3700,600,397160.16002681456,573005.830495379,327736.97606505116,1.2118259123376542
3800,500,299492.077843895,479806.5154148225,261301.16691780428,1.1461566795761926
2800,700,554331.2557905817,813621.6594851273,492146.74877996376,1.1263535869428658
4400,900,475942.95146317873,556736.0893576102,409378.6801278096,1.1625982850757826
100,500,10783742.525247056,10214918.636128327,10214918.63612832,1.0556856015579907
2500,1000,854216.9729834457,1388659.5136448073,789445.5600920095,1.0820467124850093
800,700,1757755.3194213035,1998381.7380543142,1694271.3413707362,1.0374697821419832
1800,700,863456.7190527937,1157905.0774307894,796345.7078484871,1.0842737149743955
100,500,10407611.882074542,9985025.34041802,9985025.340418022,1.0423220299648062
900,800,1864581.1394237818,2166424.2485875166,1819103.835241643,1.0249998396469202
2600,400,333067.9086133162,526821.1104119655,300284.4064601868,1.1091748404107555
2400,1000,900372.4575051389,1416321.0942055245,822339.1250958432,1.0948919126281398
100,500,10117661.570328029,9769580.725062123,9769580.725062115,1.0356290464311304
100,500,10552872.876273355,10427756.535030618,10427756.535030618,1.0119983949397384
4800,1000,503533.17175847996,545342.7149604887,411169.5625479216,1.2246363000174494
5000,700,312676.93287776347,361342.02264667006,262849.35671103117,1.1895670462740042
3800,500,300873.05761409574,419414.9786975365,259247.54585895455,1.1605627996100216
800,700,1749528.016091852,1988008.9045541151,1719960.0445663005,1.0171910804666437
2600,400,359084.67830554297,569974.277824166,319414.6963799524,1.1241958569069785
600,100,368875.9232824659,373930.6386270169,338162.37979153456,1.0908248383805
600,100,353774.919667889,373782.8127569542,330186.4889200974,1.071439721307009
100,500,10213318.827783281,9929444.34287657,9929444.342876563,1.028589161196152
3700,600,351016.8733750925,499149.7517201091,314898.3044818634,1.1146991532795292
1600,900,1201054.4170249905,1617788.4485618034,1136108.5051560048,1.0571652369243267
600,100,380817.282284278,413325.856899019,339143.98014630633,1.1228779060739744
3800,800,462789.92046344996,678205.4690911588,419887.8810624016,1.102174988457627
100,400,8322810.358275592,7905293.588881424,7905293.588881425,1.0528148340981787
600,100,380681.75491793617,405904.9548049356,339261.99909081124,1.1220878139553672
900,800,1786757.8128937115,2112781.6495810137,1728176.4338758644,1.0338977999407526
600,100,368451.5852426941,369742.41650614614,348039.73219988856,1.0586480540994168
600,100,345379.4405126409,356111.39480174065,307461.94601746293,1.1233241868996184
600,100,384305.11841628316,418284.9949635213,339451.91499596345,1.132134188787396
100,500,10057740.20244316,9851406.742640281,9851406.742640272,1.0209445681406906
100,400,7891245.338964554,7612826.790810948,7612826.790810934,1.0365722951282281
600,100,383896.9354479242,351004.37690326304,331453.44160350296,1.1582228067710219
600,100,354797.0378261768,364130.1515731423,314484.62614487455,1.1281856355761295
2600,400,355442.0530305255,517882.0817458566,315455.1295108645,1.126759465226207
100,400,8118413.151960195,7907794.928331654,7907794.928331644,1.0266342546231135
600,100,391514.6316352069,424972.3924790383,355474.57407820434,1.1013857535393623
100,500,10598811.91156716,10330207.141330782,10330207.141330797,1.026001876493036
100,400,8226169.005143679,7807394.567964858,7807394.567964857,1.0536381802576147
1400,200,309578.3711218003,350196.6611721866,288337.9450347595,1.073665039419214
3800,500,306106.54748045193,469530.3489299882,271847.55635081045,1.1260228033296402
100,500,10505934.63499791,10235823.568774844,10235823.568774844,1.0263887966032417
100,400,8784663.751974091,8304782.105878762,8304782.105878763,1.057783773249828
1400,200,338422.3114591489,438536.7890941306,306749.983326419,1.1032512790686175
4900,800,386136.16109073657,423052.40609069774,325627.3363341074,1.1858223128249423
1800,700,862751.2601083947,1226819.4730325078,805031.6179331471,1.0716986027498374
2800,700,562313.3066785284,877511.3499279271,514204.6127757185,1.093559436666885
2600,400,330164.5968926825,510953.97117121454,294004.3493612332,1.1229922197069964
1400,200,326470.88706101535,440841.2747099146,290127.9174362408,1.125265331050954
100,400,8544118.733033631,8201833.367282477,8201833.367282476,1.0417327871005704
100,500,10207541.385076292,9816971.745407823,9816971.745407823,1.0397851445229196
900,800,1795798.5804299724,2092929.664214384,1745233.1632822452,1.0289734450453767
100,400,7972230.7686569,7644113.083392064,7644113.083392062,1.042924232240588
1400,200,331451.07448889856,502716.6290828822,293478.8389093352,1.129386621947534
5000,700,323496.7677902915,370649.753430068,271083.4146193178,1.1933476942681194
100,500,10316060.170509882,10066419.379944278,10066419.379944293,1.0247993632237256
100,400,7933068.992941841,7755942.09685504,7755942.096855042,1.022837573292176
1400,200,291369.50934223295,403866.27318531927,254096.81361255306,1.1466869859553348
2400,1000,862961.9680654026,1423196.7050011617,805225.6058274296,1.0717020941958801
1600,900,1184394.2842180198,1677711.5075274338,1133854.663680525,1.0445732792361957
100,400,8302833.567963223,7992693.687139102,7992693.687139108,1.0388029233902902
2600,400,332066.71944890136,536643.9988829326,298305.46526365547,1.1131767872754401
1400,200,312313.6839347865,380155.1511797714,276147.8757120343,1.1309653682089726
3800,500,308957.5727304771,484236.7283129731,269363.7781256538,1.1469900477351986
100,400,8603231.15407167,8349153.917199594,8349153.917199595,1.0304314951421205
1400,200,302267.07940755924,357857.4418006236,282060.48737357726,1.0716392154822423
2600,400,350109.1073733744,516648.13908426854,307411.29565919645,1.1388947391234243
1400,200,341737.16488570016,454309.05546428834,309511.3066876658,1.104118516841629
1400,200,307178.25500544347,373917.5053931969,286505.0872378717,1.072156372394211
900,800,1848473.3977384937,2151830.5162759977,1785712.2635978966,1.0351462749178553
1400,200,333221.75734137004,413698.954721036,303859.18084916956,1.096632184718406
4400,900,441650.0959576699,514658.1874943988,398401.3860161831,1.108555621188853
3800,500,308790.0783958781,498562.05721633567,258341.3617212585,1.195279286051964
2500,1000,849089.0336299628,1325771.122666771,773016.5815943324,1.0984098580120136
2600,400,356880.2000438331,540387.358149472,321121.30450767674,1.1113563473808743
1800,700,791954.0943145726,1134928.6637052957,730137.1019750865,1.08466491042883
3800,800,487681.944741386,662331.5699850982,425281.9989418328,1.1467260452001586
5000,700,339131.8251243247,385238.085639832,275193.60713060806,1.232339038178933
3200,600,424404.94740030234,664335.0978528244,380040.3014824865,1.116736687516443
1600,900,1202503.643079192,1559567.493747789,1113861.7386106867,1.0795807068290788
2800,700,556931.9299588461,843181.9799782702,511936.52647402737,1.08789254362201
2400,1000,935684.0349817447,1404950.2298708716,840654.4588748761,1.113042374430578
900,800,1854724.6088406832,2143644.6515581505,1778429.346685885,1.04290036165731
3800,500,370935.7590391245,519486.96548301534,288145.1780149138,1.2873224587500318
3600,1000,644626.4955984253,929843.2499485675,568590.1602105895,1.1337278424932187
3300,300,221505.43954055713,361585.75894176646,190357.43419681065,1.1636290459323093
200,500,5169306.866582599,5163874.915286068,5107459.31806416,1.012109259157424
1500,900,1241016.9809865158,1628302.58355047,1200420.4190975963,1.0338186199127115
3200,600,442090.96996960696,678232.4425421269,382232.5485887891,1.156602104142665
4900,800,394696.46242555697,436704.11535775336,329810.52979162545,1.1967369952527789
200,500,5111941.562717075,5048181.901705073,4992512.670209011,1.0239216002837033
3300,700,482494.5494845677,772544.4267056994,431891.3484006417,1.1171665078990751
4800,1000,500003.4315057574,559132.3845444439,402612.8029137148,1.241896501768511
200,500,5038249.394812987,4925259.0188649,4884790.362531057,1.0314156843779916
900,800,1871116.4936467812,2276432.819488694,1821504.0745925666,1.0272370618030662
2500,900,775045.1741734359,1072428.1761429785,720252.2514585578,1.0760746288594292
3300,300,225842.19495910362,315749.4536288632,180739.3541052333,1.2495463208727067
1600,900,1178521.4280145706,1570884.260101517,1103893.1243865474,1.067604645757256
1800,700,796226.593277351,1123053.7825174395,753009.4850536606,1.057392515076501
200,500,5333592.139988289,5285778.545828539,5213878.267515309,1.0229606190115426
200,500,5110332.202640751,4999904.754920538,4964722.171438281,1.0293289384933069
3200,600,441830.69841385545,736035.4006067547,361905.4720475128,1.2208455868715067
3300,300,225828.47581094978,340080.6868964404,191540.1780203572,1.1790136051087325
200,500,5071795.154698704,4962861.119628382,4925703.371320136,1.029659070464776
1500,900,1299317.319849991,1719375.2665408032,1234367.335232841,1.052618035785027
3300,700,477308.41005183884,725490.2737299663,428485.9187014672,1.113941880513434
2400,1000,907878.0514091734,1363790.9655462985,839664.0094053105,1.081239687827248
900,800,1840767.084053532,2129685.1678217105,1772859.9422634733,1.0383037261834454
200,500,5346910.114398299,5210324.77249269,5165103.570665399,1.0351990122260954
2800,700,575340.074307472,934206.4471275553,517520.325814166,1.1117245943960627
200,500,5326851.87667889,5162644.296603687,5117911.784387422,1.0408252625472865
3600,1000,626505.5075225171,977754.6568122215,545931.905349983,1.1475891065954102
200,500,5180651.202485181,4958987.3055073265,4908485.872703912,1.0554479195498516
3200,600,479166.389990186,795990.1696836954,391782.59531881905,1.2230415432320496
3300,300,226896.8255083694,355435.64740892197,180366.03274909366,1.2579797983581782
2500,1000,898312.516521467,1435497.135616495,807028.2805198812,1.1131115701952616
1600,900,1173706.719588093,1600704.83756029,1125791.3703514764,1.0425614820814066
2500,900,829223.9741341663,1266000.1633674111,740620.4011397046,1.1196342591401938
200,500,5202594.317748962,5156835.516338656,5033209.689972146,1.0336534017476535
4400,900,484665.4618007799,556849.747046717,404711.609383057,1.1975575954927626
900,800,1832614.4039818177,2083436.361906322,1795635.106643294,1.0205939932905699
1800,700,818425.7089208862,1098780.447563429,764426.6864739114,1.07063989706594
3300,300,223465.59675548933,363256.303001403,183428.52217360924,1.2182707144311302
100,600,12425209.539318254,12161289.647439558,12161289.647439567,1.0217016368765013
3300,700,475793.1559742134,748771.4389373541,428695.65539033717,1.1098623230529194
1500,900,1273594.4517433671,1701221.1794323237,1211849.0721664052,1.0509513775230943
100,600,12634206.514153516,12231441.554841256,12231441.554841252,1.0329286582866308
800,600,1557120.7099759658,1746538.6916717645,1520161.205929946,1.0243128846479215
3200,600,437007.85714035033,688024.8862859815,391949.06648045307,1.1149608316828186
100,600,11912220.643055527,11580975.10552039,11580975.10552041,1.0286025601917768
2400,1000,902995.9801715019,1365019.9731470158,837321.2755523383,1.0784342958153563
800,600,1557907.0722092295,1820580.8541485798,1528930.1943551565,1.0189523877290514
100,600,12729344.2636283,12537043.05020221,12537043.05020221,1.0153386418676285
1600,900,1151193.580456626,1494855.6989236134,1095603.8115445036,1.0507389334779293
3300,300,210467.33898785315,312951.4037505324,165589.64808475002,1.2710174906594063
3600,1000,607261.8620279076,948730.5730642251,548226.0833972287,1.1076850963836817
5000,1000,482395.3045913817,564492.5636802064,409384.9153516244,1.1783416694214246
100,600,12752905.777025348,12542370.1273745,12542370.127374498,1.0167859541308977
2500,900,791540.583025773,1242090.7245383174,727109.4432998431,1.0886127120472013
2800,700,515059.2644591735,835498.3913391287,469373.85126969847,1.0973326764281646
3300,700,476033.55301421584,687980.9609525625,417579.05957087834,1.1399842547262973
800,600,1509187.5985150093,1813223.1949295977,1447621.8881900513,1.0425288611806864
4800,1000,525848.0023126098,588409.9484344303,420327.2294374381,1.2510443423244306
1500,900,1289920.6413179715,1734722.5963310008,1209444.9745925602,1.0665393369818434
100,600,12660709.073529892,12300399.53932416,12300399.539324159,1.029292506560769
3200,600,424164.89313487953,637257.1029078,384387.48560387996,1.1034825768807446
3300,300,212485.20687821764,335175.12651501596,181416.122934948,1.1712586700709635
100,600,12485508.128822744,12127502.072289031,12127502.072289018,1.029520181023243
800,600,1620188.5670689724,1949171.9860296426,1567130.3812752762,1.03385690586288
100,600,12294188.223984316,11944658.276302207,11944658.27630222,1.029262448501817
1600,900,1168047.689578514,1599147.7986059242,1112956.9258034066,1.0494994572546814
3300,700,499734.48139040236,831436.8417952153,436294.8229612157,1.1454054806302987
3300,300,214839.66837787707,323310.9502489253,183812.45345439637,1.1687982198179978
3200,600,418061.0807718207,640147.0464263872,378984.4397590318,1.1031088269419052
800,600,1612749.4195723028,1812379.90596999,1567796.2659218123,1.0286728286242344
100,600,12432655.16931124,12126268.114406897,12126268.114406893,1.0252663929259767
2400,1000,907451.1957510838,1333643.5320922162,847806.8745537244,1.070351306397174
1900,1000,1152660.79525772,1598061.336462771,1077328.724609538,1.0699248696589658
100,600,12029194.822913544,11651237.265828969,11651237.265828945,1.0324392636130657
1500,900,1239543.2826809324,1591696.356893289,1188119.1878513992,1.04328193278532
2500,1000,880222.2970236347,1287399.4715841736,806077.4490290981,1.0919822879102279
4400,900,473694.88349545107,559663.8414601713,413735.6957293356,1.1449214761622613
2500,900,790792.3004218548,1256546.2544591767,725666.9847555361,1.0897454576747188
2800,700,537503.1013718033,811930.9401305503,484077.5261059247,1.1103657418175372
800,600,1591852.5041715552,1740480.0463625728,1537549.9424155199,1.0353175921366984
3300,300,214100.24307619125,312523.1944624781,183179.2307370784,1.1688019554110614
700,400,1194452.590827177,1267447.446385232,1129327.6555544892,1.0576669976621729
4600,300,188103.84126820226,216299.27054444762,142348.1066563424,1.3214354984174368
3600,1000,620023.809312314,928309.9527878814,536817.0705516197,1.1550001729177373
3200,600,428172.04406449443,676905.3742456139,373270.5711344444,1.1470822432188892
3300,700,487320.87755277567,760242.8951363607,434370.38609917474,1.1219017068109043
800,600,1554023.8867299333,1780446.6785244856,1515937.7590361272,1.0251238070077642
1600,900,1229714.6024921976,1611410.09533331,1137773.163255673,1.0808082333155402
700,400,1119235.534661164,1245403.5848229635,1087546.684401562,1.0291379218143994
4600,300,203862.86989008015,222166.01518739338,148288.0517849619,1.374776102566304
3300,300,216778.085390699,319345.4455831179,187496.74666632205,1.1561698495840431
1500,900,1248719.5315324555,1636439.8761870929,1177485.9993456504,1.0604962880462194
800,600,1533153.5743631888,1770916.9407813412,1493082.2845377775,1.0268379648197463
4600,300,180740.67891279663,196341.12774739446,143441.4983667211,1.2600306115787834
3200,600,431760.9153905804,688990.5901674906,378945.8785752154,1.1393735617707266
700,400,1179466.1457902123,1301571.9071301972,1129684.9897616636,1.0440664047763009
2400,1000,929975.3089238618,1479524.7535043622,858918.882175033,1.0827277502258341
2500,900,767581.8412908689,1120341.8587787314,712871.5127108395,1.0767464088612297
800,600,1585321.5682556378,1776576.3002989686,1515783.5143008616,1.0458759798471946
700,400,1162460.5058502136,1283586.6097027329,1115342.0811378367,1.042245715919109
4600,300,185300.97216304764,213343.33228912088,130823.99861272547,1.4164142216107367
5000,1000,506652.8067691238,546622.6700302352,393070.97185198776,1.288960119293433
2500,700,637421.7824529475,960655.1533633658,570096.5798888471,1.1180943807402368
300,700,4878577.882501079,4909573.866413904,4750804.832407059,1.0268950324421728
3300,700,495105.4855355382,758818.8781789998,439108.1552362621,1.1275251430234694
2800,700,539167.1861267613,771021.9151230148,491417.1555903716,1.0971680170160614
4800,1000,501448.2953752369,553136.4694944484,419832.00470265525,1.1944022603288336
700,400,1253092.2262362735,1409981.7258458848,1186397.4436969662,1.0562162223912739
4600,300,177127.1848643001,203457.00513773586,131967.49793690105,1.34220310025876
800,600,1490710.0013263992,1671594.4760436455,1456404.658228618,1.0235548155548373
3200,600,405356.20351040247,591550.221876765,364101.1645571545,1.1133065284298809
3600,1000,660246.8720579364,1023148.3147151363,560436.3059165841,1.1780943973251587
1500,900,1254159.4297056987,1661889.4029121143,1200844.1283749081,1.0443981863016158
1000,100,216037.02557329088,236826.6181245012,202897.42787492074,1.0647598041827826
1000,100,219021.33860150876,269798.29450366,198111.89335205845,1.1055436142457777
1000,100,227620.65303728415,289270.4606648486,203486.38808778382,1.1186038298497334
4600,300,175143.31086953354,195671.0785257462,144863.04739585196,1.209026829257139
1000,100,232385.79625515666,283710.89729041385,203557.19945448675,1.1416240588784268
1900,1000,1111522.8911135462,1656040.6832187672,1034397.2943473362,1.0745609034243204
1000,100,227224.05126810708,238994.03890135337,208823.83931993315,1.0881135602529723
700,400,1245238.3018738201,1297688.1671483428,1171690.481040354,1.062770690744336
1000,100,234190.9585930055,240568.44714211873,184477.16761047777,1.269484791134142
1000,100,235588.52143597303,293243.2516084174,203671.14899757807,1.1567103273855175
1000,100,225645.1398829827,220725.27346136453,198872.06496210178,1.134624613698173
300,700,4886222.585029909,4865688.128073691,4713345.105716139,1.0366782986257705
1000,100,209679.25766175473,242118.39676358033,188690.77568692472,1.1112321569426056
1000,100,230211.65794885834,326210.8026093986,213284.7444469226,1.079362982785429
4600,300,165916.4249280313,193461.40141013567,130146.34906202793,1.274845019655183
2500,700,634332.5071855832,938872.7219066739,565601.4126859368,1.1215186047242265
3300,700,455500.00001441885,722662.6218479823,398256.60107731994,1.143734965804083
1000,700,1462510.8130738046,1757579.123679826,1425241.4497221177,1.0261495084632526
700,400,1164620.463549334,1246824.6209042843,1092016.1547702947,1.0664864786678103
2500,900,764315.886694282,1158142.3834248728,706491.5996073904,1.0818470978551273
2900,200,150156.64627285977,214184.87919273748,139197.6286374701,1.0787299161822046
2400,1000,866568.4271637176,1235959.6867251373,797011.1308203938,1.0872726787036535
4600,300,170138.1898363989,194569.88972656266,131865.45573902348,1.2902407903789561
2500,1000,870425.812946471,1351220.385642481,803828.4245302448,1.0828502530936817
700,400,1150465.2088443928,1288167.7932783992,1107991.728122149,1.0383337525400382
1100,200,379780.0842846307,427697.0563206976,366975.56640787574,1.0348920174770528
2900,200,181280.21726721677,272105.08853330405,148086.19884723678,1.224153355804766
300,700,4868157.867977292,4865862.29736679,4715652.209293709,1.0323403109294238
1500,900,1229255.0661510166,1593552.9012702482,1168644.0656474705,1.051864380511756
1100,200,415731.07179893175,513086.518590915,390409.0696881697,1.0648601789169176
1100,200,397224.55380113184,501375.05748267495,369253.71310067014,1.0757496531736594
2900,200,198343.1451742116,285265.3326218387,140061.75324508178,1.4161121118279043
1000,700,1457825.2102415082,1790547.0581492719,1414003.531714842,1.0309912086807316
4600,300,173069.86289024062,200956.73711136635,131411.18726790408,1.3170101152606455
1100,200,428542.47286558326,571997.0445297315,373518.5222482448,1.1473125088580451
700,400,1207789.7216721987,1309249.0364975126,1141813.3838770154,1.057782067303469
1100,200,348752.5214561444,471115.3436031637,323395.9445977948,1.0784072196387169
2900,200,189660.98992143603,322278.9453787219,154293.44126561526,1.2292226316667327
1100,200,396142.0592296503,449652.00251641066,351460.9327244073,1.1271297101469853
2500,700,618073.7660278342,940531.4502112459,565878.265115245,1.0922380379850058
1100,200,376863.53481864906,423214.6925753759,358986.0748390983,1.0497998703363733
3600,1000,630418.1130163717,907167.4915011598,559776.006270207,1.1261970966152226
3300,700,460005.99160063115,656089.9363355552,410732.4463929058,1.119965066408682
2900,200,163845.91510242966,270982.85476780694,122667.42726123251,1.3356921128989152
1100,200,438456.824902415,518779.6443737582,393923.4812388474,1.1130507466158528
4600,300,170942.2254187043,183989.63269488222,134508.53565192668,1.2708652621203058
1100,200,387317.8960545615,443946.66042658093,364642.83830274583,1.0621842947947593
1000,700,1488993.6698489343,1779998.7718153805,1414695.6627881126,1.0525187211745552
2900,200,168082.43223495188,232551.93239541817,133312.76758512002,1.2608127134382046
1100,200,404389.4067544029,523121.7619417559,386729.8665353067,1.045663761057058
700,400,1242332.2885948922,1358648.021445593,1192736.2738856564,1.0415817107227432
2100,300,329922.5601669998,465795.8794883628,299133.11088070244,1.1029289241690685
300,700,4699407.394827724,4707556.207829749,4593369.6552796615,1.0230849566888618
2500,900,789787.0979697515,1190057.3517702506,720506.4770249448,1.096155445029272
2900,200,164080.09597509398,207941.49262275093,136167.13183552006,1.204990468428833
1500,900,1251289.0961048151,1683549.6085333503,1187154.0541903004,1.054024194828074
4700,200,98657.74840487936,122769.26543055922,85887.8985209922,1.1486804323284965
2100,300,315233.7011781607,461129.87103941845,284018.98502250947,1.1099036254677743
4200,900,480468.3869738061,599965.018989179,428721.5782491416,1.1207002664433023
2900,200,190994.5598398582,280943.9578061548,149419.2515043904,1.2782459951905607
2500,700,596554.1666604909,920496.827375545,551204.3586335594,1.0822740374175452
4700,200,143581.7822654815,155594.95521343485,115155.9162563489,1.2468467703027408
2100,300,334544.0297858729,483795.8549147453,300991.7083177042,1.1114725772869245
1000,700,1411384.909811264,1684931.2230814898,1378010.8965838985,1.0242189762868348
1900,1000,1109164.1639754286,1609597.2222767815,1038744.1580158019,1.0677934074682471
2900,200,155802.77886472334,223158.8761506409,138312.80073552427,1.1264523459592337
4700,200,168186.34303661014,185150.9230731088,137320.72161632078,1.2247703118436055
300,700,4870054.992000959,4957381.112306345,4799243.052573373,1.0147548141762932
3300,700,471697.294658879,664481.0878471201,416960.01080395165,1.131277058798485
2100,300,322583.3371406785,481590.18872569554,283432.33717714716,1.1381317331446965
5000,1000,486110.4446746336,530509.6404939075,394722.78004600474,1.231523664831246
4700,200,160824.7807554411,171119.33521259474,153927.2635835206,1.0448102370648455
2900,200,185084.0727682233,300830.6775269306,146690.63903063358,1.2617306325154938
4800,1000,508763.20195871353,574236.8525732078,418660.63777616917,1.2152162301694969
2100,300,340369.05293767777,467820.87414715765,288244.82055852877,1.1808331968572703
200,900,9326228.965919167,9047423.906899324,9003153.143231973,1.0358847414397325
1800,300,382862.86254307284,523489.62308889796,348988.6293608195,1.097064002469922
1500,900,1279056.2452637427,1672067.323407088,1213624.7074727179,1.0539141444535034
4700,200,131997.41030271954,137125.4559598543,112828.85828240226,1.1698905077310968
1000,700,1491222.1576640185,1813747.7958904072,1439772.9157720117,1.0357342754044094
2500,900,748426.2127011899,1073037.0083535276,701186.4393884822,1.0673712020927077
2100,300,291334.12093617866,455977.9302587906,260212.3041331786,1.119601634160511
2500,700,631662.2776286538,942436.7036799213,575909.1663088046,1.096808862545442
4700,200,117368.90725843419,134515.47062340268,89579.42667687622,1.310221683844863
1800,300,369215.6092291084,489595.2425655083,331355.48252626107,1.1142583379463074
3600,1000,637816.148234515,966309.7013410303,558214.1837015589,1.1426011141549821
2100,700,742370.5950594229,997773.9046717798,678686.4046295799,1.093834486731175
2100,300,319399.72111066175,431264.84818809835,285082.47889777547,1.1203765392582816
3100,400,287099.48648776265,461101.1037199726,255009.4706090782,1.1258385259262682
300,700,4887794.678859456,4871548.681721705,4778074.247090922,1.0229633166197316
2500,1000,872191.3825328825,1272491.6934929867,813894.5995715754,1.0716269440686716
4700,200,110177.95305056764,119193.65729911749,84018.01751553366,1.3113610188457183
1800,300,376125.53533972194,525827.4670842646,351156.99303732155,1.071103645370795
1000,700,1491001.395386247,1783822.8136649893,1433422.2741272766,1.0401689873934927
2100,300,312225.20929595217,453435.7824955109,288848.14114262286,1.0809320359856032
4700,200,145920.64342810828,164151.99766366457,115640.3076979828,1.2618493182256871
1800,300,360881.1549150145,516785.7723299068,330671.0600400051,1.0913599601711579
3100,400,279384.59849180136,441722.51434268773,245575.05776809464,1.1376749781960116
2100,300,312462.02651914186,467470.73052412085,287853.07687255176,1.0854913552217675
2500,700,616463.6335768477,920194.5852780144,573368.9096509106,1.075160552308591
200,900,9471212.25759563,9337281.17650087,9257755.014246307,1.0230571281072836
4700,200,103772.26331034966,124019.17062915754,85341.94087936604,1.2159585573175042
1800,300,365221.76531075226,521462.8365162803,336285.62398495025,1.0860463227149342
300,700,4896015.215945486,4979554.175387885,4830189.707598883,1.0136279343734773
1000,700,1530618.514761364,1818776.7235722442,1449056.9122796648,1.056285989729269
1800,300,344756.3239590989,464795.3068572795,303581.0214887084,1.1356320044924877
4700,200,144835.39064181966,163914.56182828435,124828.15119872103,1.160278264565883
2100,300,320994.67144113185,409356.554389154,294637.7447613632,1.0894553639117621
700,200,603947.7735949252,610962.4069895556,576675.890069519,1.0472915271732939
3100,400,286387.8168146089,463030.75023297867,255090.15897844016,1.1226925333439224
2100,700,728430.6921922378,1051077.3875032433,673335.0151023057,1.081825058632308
2500,900,797390.9266243511,1135337.341487611,712292.4325141803,1.1194712876701476
700,200,655740.1441615159,699808.320941408,613499.966652838,1.0688511488258652
700,200,602869.9502809524,702271.5521873301,580255.8348724816,1.0389726635208079
1800,300,365020.73985329847,497352.46717415383,332596.22538073803,1.0974891234422237
700,200,637083.062226751,750503.0173135397,586957.6778186704,1.0853986348630162
700,200,557545.6047998193,621060.5021069475,508193.6272251061,1.0971125471293102
4200,900,535702.0648504978,651245.3364349448,440845.4768688718,1.2151696976803525
700,200,612958.5538691647,619354.247046232,552295.7514240686,1.1098375323161185
1800,300,365613.9740270665,505397.49374607025,336989.4979997267,1.0849417450610375
3100,400,294921.2291144373,445469.4410278532,251851.43767628568,1.1710126884147902
700,200,602056.2934229518,607742.834482094,564120.9747471545,1.0672467792795692
300,700,4466524.783281818,4516399.478227009,4380822.611850519,1.019563031655166
1000,700,1370813.1625695727,1636754.9151294327,1314246.7835551559,1.043040911130404
2500,700,629432.0399020322,1022284.1470648388,579622.7649118659,1.085933952227946
700,200,675204.40795676,739406.8193918793,619022.6133753316,1.0907588727253228
700,200,605038.6227764543,631656.9012898759,573010.1744757434,1.055895077831758
1800,300,362223.70001423784,470120.77820335753,335828.5896846437,1.0785969722065063
3600,1000,620733.6945641366,889596.3329174088,565204.5830358163,1.0982460390361015
1900,1000,1069308.8618097247,1557203.0321575967,1017127.0810451743,1.0513031082713182
700,200,636164.5689259497,738112.4528080486,607718.3616983391,1.0468082075850307
2100,700,715921.5282271435,1042746.3964106435,673664.6013276727,1.062726951685141
3100,400,322009.98504403554,513449.1592418582,267896.1969638311,1.201995357505991
1800,300,369068.31740149186,500738.82305250433,343744.03555492376,1.0736719163888497
200,900,9325850.307008263,9183455.365186224,9088868.041248038,1.0260739032280728
1000,700,1397498.856634465,1667190.6582720943,1355417.0730965892,1.031047110423167
1400,300,495084.5218719923,598527.6630022587,448699.6663210537,1.1033761757196168
3400,800,573561.7284632451,837856.019931461,480485.8934927234,1.1937118992067375
1700,500,646268.8989066579,890807.5360179142,600877.5668310776,1.0755417319287959
1400,300,466204.2365172034,598490.544433721,426028.47753376426,1.094302989358863
2500,900,786079.2118224361,1150545.642970795,728174.8244836307,1.0795198974090694
2500,700,580140.9175221849,904545.2691793651,525698.7134220623,1.1035616080277775
300,700,4602047.964171142,4638311.485763194,4518056.910321964,1.0185900831964494
3100,400,295985.59212352865,431966.1356488544,264575.26991233794,1.11871979653124
1400,300,473864.3740273904,611839.6543538572,451487.5624765563,1.04956240971089
4800,1000,482400.9571650761,562193.2615721677,423903.4372768622,1.1379972766061994
5000,1000,483545.9084465492,545841.5600168275,386508.2907971662,1.2510621892463025
1700,500,626613.5798335244,853418.1067344126,587354.4317892954,1.0668406432631
1000,700,1414192.1080400457,1663715.4081868227,1375968.0356530405,1.0277797676955946
1400,300,463878.4074625308,613862.9666518476,425148.5057657208,1.0910973487418352
2100,700,701197.2910898817,1052137.3695512658,656195.6650399517,1.068579584485963
2500,1000,884286.8454731831,1354137.60713986,824562.1268880317,1.072432041974275
3100,400,297503.08646658086,419221.9568684881,246584.29301264716,1.2064964999669388
300,700,4729771.8814457385,4690756.375152893,4586560.118843468,1.0312242200890158
1400,300,467440.8053718026,614409.7396375259,432367.2308377932,1.0811198722577742
200,900,9199410.008654876,9186537.567785151,9070837.3094442,1.014174292275842
3100,300,246890.02530518107,350560.358133282,202638.55898370166,1.2183763373733751
1700,500,622150.1315694621,822428.1408884742,574681.2191213008,1.0826004241460025
1400,300,415281.4968319744,537483.3764459632,390318.45619976794,1.063955573290724
2500,700,586621.6807050853,855080.5237166183,542166.8292386356,1.0819947829137344
3100,400,283693.1523786107,489710.9359500173,250191.68054371103,1.1339032207709505
3400,800,524958.7409653554,789857.4255794241,483130.7867874069,1.0865768759140455
3600,1000,636837.6931186725,956800.2632603268,572612.5881166887,1.1121615317840268
4200,700,414415.54579804186,509152.6442211537,339343.20231478993,1.2212283698955946
3100,300,229633.10184812435,340956.67296242877,192399.95759589353,1.1935195034212704
1400,300,458589.5711944081,598416.8616164561,427623.7183466632,1.0724137869795185
1700,500,665005.9309179259,995296.1364149492,613397.4432370953,1.0841354789620186
2100,700,737563.8086992399,1091904.2877958533,685606.1503676246,1.075783535932044
1400,300,469129.32609586365,594404.8769319042,433272.21171393426,1.0827588601634204
3100,300,239026.02744388732,356671.05938150274,203897.60886038028,1.1722846029428495
3100,400,297614.3003215552,458364.5655935167,257828.8286173906,1.154309632159889
1400,300,457427.97843944066,575509.658148459,431779.61530882766,1.0594015146182114
3100,300,244316.4863952174,367961.3267349729,192002.55099097066,1.2724647934844726
4200,900,505806.3612927728,606903.0662763121,432803.2400594304,1.1686750802127035
1900,1000,1170419.5276141057,1727694.4279488362,1061879.3164735278,1.102215204173142
1700,500,621385.6304973812,909499.7250707744,584084.9613456802,1.0638617181064953
4900,400,198585.58150357343,219503.60501445652,161332.52222206988,1.2309085531448254
2500,700,603661.6455384685,858773.0491446902,550387.2142612161,1.0967944565150602
1400,300,459787.2693188823,574930.9002829207,441956.6171420448,1.0403448019222816
200,900,9095327.487614494,8992001.071007704,8910893.908885494,1.020697539507803
3100,400,306766.2308985228,486791.0546061702,269327.545716116,1.1390080063398675
3100,300,229729.58200529247,362988.51240709086,195262.6203783582,1.176515922812815
1900,300,358072.4301384123,502409.2545849066,330620.80676288164,1.0830305377459766
1700,500,614329.6491297976,834647.637629656,579494.5142729572,1.0601129674204854
2100,700,726392.3654343752,1041977.2361319332,682582.0352987031,1.064183245192646
3400,800,554387.2362698184,854500.9255944907,481527.48579925846,1.1513096398840543
4200,700,394305.11405960337,475325.76885684923,336667.50755115284,1.171200383808031
1200,600,1055415.1997149042,1315322.291388938,1013440.8039532973,1.0414177084619747
1900,300,353311.4590677442,496669.06171669596,313915.7202880368,1.1254978207002804
3100,300,232792.20620995527,342361.7168669985,176272.85118699196,1.320635620530169
1700,500,654583.5605556449,909421.8060472178,607659.2436076939,1.077221431981121
1900,300,354046.4622579799,503428.6407913608,332675.0460353573,1.0642411159998795
4900,400,206899.56293197352,234367.23752732904,155363.812057366,1.331710133731648
1300,700,1161360.2919653577,1451950.892465665,1096339.5767093212,1.0593070948430021
3100,300,215355.15006642486,345572.61061963695,193120.38893075113,1.1151341982003082
1200,600,1078109.8032877375,1384375.186613513,1019286.7962367709,1.057709966682726
1900,300,350492.552904472,506106.2211551515,313267.32003789954,1.1188289696546352
2100,700,752354.5436716676,1077753.9420493413,690027.1010855547,1.0903260792048008
3100,300,216979.1616787721,318311.6304376172,195671.32141919612,1.1088960819860114
3600,1000,582090.5283553861,818485.2793329441,531340.7538802625,1.0955126707381457
1700,500,646765.2791137547,847796.4601411308,602107.2687514614,1.0741695253985173
200,900,8946597.509322032,8926403.933855502,8831144.995092379,1.0130733346914598
2500,1000,815622.2359230702,1174218.2240177155,765130.685587578,1.065990753326953
1900,300,354129.8108577474,489361.7853732059,318586.3806173213,1.1115660693704295
4200,700,390044.9886517378,471561.8285978737,336832.30066383636,1.157979765844988
1500,200,285617.6186880153,330640.0555285713,269115.4153657755,1.0613201711236437
4800,1000,498702.8731015409,562233.7904301453,429459.4410875165,1.1612339266280416
1200,600,1026179.6489557788,1327747.4517611817,965081.2587933675,1.0633090629475097
3100,300,241350.7811310074,325531.6536083071,194997.24562334153,1.2377137962102438
1300,700,1144600.7925740737,1465594.1713579423,1087695.024396032,1.05231776086283
1500,200,319611.8689561732,392877.39566704346,286299.9844379911,1.116353078340446
5000,1000,507964.1129794636,563619.2175523544,403514.1402599406,1.258850836434721
3400,800,512265.4591555727,837338.1468933434,457458.46779067,1.1198075786630362
4900,400,224051.1999887744,230255.9153036926,161383.56996595193,1.3883148082301304
1900,300,328731.1888658242,463726.91376586107,287603.0729893027,1.1430030473911217
1700,500,623879.0753911473,892710.7009477074,577468.9262004602,1.0803682191110253
1500,200,306382.7723714399,442298.89972553524,270786.05627382477,1.1314569759885234
1100,400,748543.2403321799,891622.6632976602,718663.0535346749,1.041577463389195
3100,300,233642.5333890666,344972.9288730124,199593.3109673751,1.1705930036265448
1500,200,323993.0837040469,477599.54760824016,273913.5829820462,1.1828295631665817
1900,300,338824.5041509245,494801.6830611847,315091.160887015,1.0753221486667466
1200,600,1123226.7992671658,1482407.7641923227,1044753.5875168508,1.0751116939802319
2100,700,683735.5672990794,1009677.6035245205,625831.8016929313,1.0925228878582283
1500,200,277892.2809399607,392216.5397048808,237157.02603838284,1.1717649086010422
1300,700,1153137.5714080608,1438821.0599389763,1088227.4329139327,1.0596475851746534
1700,500,656802.7533228308,976210.9142349354,592142.3164673113,1.1091974598966006
1500,200,300915.1830767731,354273.2792088373,257738.01733123203,1.1675234650775321
1900,300,356260.71306053596,488938.10226192046,319253.20863132,1.1159189741204856
5000,300,183588.88687457627,199840.6444135848,142348.1066563424,1.2897177994632385
1900,1000,1137056.7588615275,1595012.245220547,1060628.2224067082,1.0720596857977178
1100,400,729553.6113609289,868485.3258040746,692075.162800994,1.054153725743098
4200,700,418683.768030848,465906.04664614645,328097.83251997584,1.2760942820472823
1500,200,298137.0598972231,329421.99240729254,263256.45488200546,1.1324966752699435
1200,600,1077758.4782793703,1325605.8485542221,1045197.5106145416,1.0311529326602433
4200,900,501424.525542027,609593.9674092099,431944.6337830572,1.1608536981937965
1900,300,361008.1412154466,477346.2402183134,318153.400753873,1.1346983573333749
1500,200,320780.13714251237,431899.12036225677,288877.21957515477,1.110437637188133
200,900,9302502.308666458,9082524.835941084,9006330.96281181,1.032884794826836
4900,400,209787.5729033068,239518.72393312995,159334.58301969094,1.3166480805826113
1100,400,767603.5897667444,891900.3859197029,718890.4480301494,1.0677615648810956
1500,200,282049.30025382544,354300.4482092535,267404.74808868027,1.0547654904029173
3400,800,506581.79163555097,773927.9277771795,461973.4843982414,1.096560319463823
5000,300,183678.90041184396,191969.72302483683,148288.0517849619,1.2386628470795724
1900,300,352900.98515353684,472392.3444125469,325652.24420992774,1.0836743533265611
2100,700,688225.2641052193,961003.3971158019,645436.7014745662,1.0662939720237448
1500,200,316036.37940662913,414367.7715469802,283601.9021258916,1.11436621911774
3000,500,387319.7817825353,620676.8772709871,340497.2878709439,1.1375120906376741
1300,700,1104440.9885814013,1398553.744994118,1060008.3819876143,1.0419172219284452
300,300,2186757.8871066575,2168837.228582851,2093931.776164917,1.04433101020691
1200,600,1083684.540863213,1279704.0047473775,1025033.2949436799,1.0572188690931796
300,300,2091415.9279104685,2060911.0062749716,1988132.8951575665,1.0519497630185917
1100,400,757240.4009640156,880302.2099769313,709763.1425422597,1.0668916932650234
5000,300,169792.2329114958,183469.0649314313,143441.4983667211,1.1837037039128433
300,300,2205673.626880504,2164790.634244888,2106941.9582239296,1.0468601748952788
300,300,2045835.1451384597,2031786.7078718976,1984026.3602400303,1.0311532075062508
4900,400,226975.52015512052,240418.95377564337,176977.28425804104,1.2825121659352607
3000,500,396284.2278271096,592949.6471205743,332834.17801393406,1.190635619790583
300,300,2104210.1583400047,2066034.7453917426,2017713.7439097015,1.0428685261679886
4200,700,411674.8499858566,493568.5357534337,342803.0751838123,1.2009076924561282
5000,300,178534.17482253996,200335.15320949728,130823.99861272547,1.3646897871624424
1300,700,1147744.7132903712,1492001.898284074,1107517.627516932,1.036321846961144
300,300,1964811.6155328632,1882273.6263793895,1821486.1289322504,1.0786860159537035
1200,600,1052464.3623469775,1289811.4722164674,1010625.1726907515,1.0413993147873317
1100,400,801223.6368574539,995141.98853698,754980.191443524,1.0612512035918615
2100,700,709847.9489268786,982361.3669337932,655222.8741204954,1.0833686932552629
300,300,2105805.443167791,2041184.6896542544,1995577.3522844282,1.0552361905476526
600,1000,3478556.661202175,3760110.715442451,3411540.961263537,1.0196438209886882
300,300,2064358.415687861,2057666.7616353785,2021936.98799836,1.0209805883869292
300,300,2075293.0079273249,2049192.2546931051,2014971.5381078625,1.0299366361651474
5000,300,165808.40812469373,187502.18156493016,131967.49793690105,1.256433672812175
200,900,9009604.614481492,8826431.101148935,8764830.492356028,1.02792685179011
1100,400,784406.4879886733,945848.2796895643,745621.2152074978,1.0520173943419542
3400,800,534284.4880069211,852515.8253343618,472688.5403641491,1.1303097967962579
300,300,2160039.793748224,2105927.6050103093,2062464.2133295424,1.0473101932087154
3000,500,386212.2737494615,541802.9060874064,325652.6908354038,1.1859637110895749
1200,600,1039693.4885253208,1334567.7488708298,995388.1896918517,1.0445105731535602
5000,300,172001.8029309534,181681.2954397079,144863.04739585196,1.1873407747728943
4800,1000,452042.1800515989,524963.128449449,398505.5654101969,1.1343434553700515
4900,400,227213.04993967875,243515.00198134634,167384.35443433624,1.357433021189641
1300,700,1149562.8320285622,1452977.9016217878,1102632.5185594435,1.0425620618648466
4200,700,393753.3273333302,498761.4242876065,341291.01764935156,1.153717229493216
1100,400,736331.464053086,869699.334875015,694919.3712174603,1.059592658588685
5000,1000,478708.06867565634,551834.4720330714,403038.7245145491,1.1877470812568922
1200,600,1059864.4317325032,1309214.7660888678,1010522.3428672411,1.0488283007432173
1900,1000,1120368.4033775222,1609195.4414026113,1057668.979645059,1.059280762638519
5000,300,168391.11835772425,198421.21189480004,119734.6411370657,1.4063692575397562
3000,500,397130.8058490295,698515.6863801678,347591.88450102066,1.1425203624046734
2100,200,209482.64604969055,272828.76437199896,192225.29668983968,1.0897766821382309
3600,700,452639.792348595,699335.7218524428,395900.4027005882,1.1433173324931363
600,1000,3354675.0940255853,3713246.6628395827,3275591.432099898,1.0241433229891521
4200,900,484188.24474064686,594425.4921040138,424328.28137549973,1.1410699356901346
1300,700,1152396.1443046175,1516403.517669536,1114659.16329205,1.03385517497664
5000,300,160224.0423648038,173298.51224455913,123414.4751336362,1.2982597235154898
2100,200,230421.27623605262,335773.38025537995,204499.98888427936,1.1267544682676798
1200,600,999773.4895299848,1243219.6769856643,970936.4388190788,1.0297002456164686
3400,800,553284.9531356193,823009.6989733495,470760.7094168519,1.175299769220318
1100,400,744022.3222398882,948381.2223573875,705085.6451686402,1.0552226205965878
3700,200,119058.37843075603,173394.1081569909,109100.8440672063,1.0912690864006136
200,900,9114483.346561477,9015927.106803413,8903655.406427253,1.023678807243824
2100,200,236971.62440088947,353202.70654426503,193418.61162416055,1.2251748805919387
3000,500,366042.1519286324,611391.9548864834,330981.4780958854,1.105929413435606
4900,400,220223.40371847412,242680.07402661565,171534.09013886217,1.2838462811689293
1100,400,778139.8023810007,897755.5863007789,726608.5170126462,1.0709202881081252
5000,300,169611.84093575957,187996.28693071697,120898.29228647175,1.4029299978353684
3700,200,160145.5547674328,238954.30393800745,116067.56125864504,1.3797615201939526
2100,200,225426.39349306215,418309.76208594604,195652.55927289012,1.1521770751725482
4200,700,407826.32929760317,491158.3618350935,345013.55054277735,1.1820588746616136
4800,900,428589.10400652356,495943.49334870814,375131.3809679989,1.1425040019328188
3600,700,449135.3418350188,656054.2420109119,392778.7588096783,1.1434817483413051
1300,700,1052215.447146557,1375094.9897646941,1010959.0642731967,1.0408091527454877
3700,200,174253.00100092543,285691.38365467876,137320.72161632078,1.2689490628209399
3000,500,369344.2688262418,601462.2653375934,328380.22475467576,1.124745770249013
2100,200,205423.84423544223,328850.5199488469,169397.87574170204,1.2126707217313197
5000,300,162863.85027114197,182136.39359126886,123747.85279977255,1.3160943530443328
3700,200,182227.79499836743,275489.4888764514,153939.42557382103,1.1837629919632304
200,300,3286233.6173433224,3186201.355599391,3140897.664247376,1.0462721070954637
600,1000,3330478.902522408,3676230.8309026677,3289356.500383373,1.012501655607789
1100,400,800438.4262909255,952057.5608397553,759013.9924726904,1.0545766405218486
200,300,3198959.444951347,3019869.4670129754,2982199.34273635,1.0726846455596448
3700,200,143842.45354932602,215691.8003950848,112828.85828240226,1.274872898113522
200,300,3305004.7615720215,3188464.075716273,3160412.937335894,1.0457509278385668
200,300,3101248.85272688,3014555.256599969,2976039.5403600456,1.0420724626365974
2100,200,217970.14755867922,289267.7584752783,184098.58380802287,1.1839860092893353
3400,800,539618.2931075727,859394.6609795506,482162.8432745029,1.1191619193276565
200,300,3138337.4083747985,3066957.625230651,3026570.615864552,1.036928526274719
3700,200,144355.83565647795,195411.80205971224,104488.38540455353,1.3815491080426536
200,300,2846814.2310466906,2768085.04228646,2732229.1933983755,1.0419382963644397
1300,700,1080278.929416325,1394398.3721222908,1042628.517766607,1.0361110510677074
200,300,3122783.8143913117,3005343.9706387473,2993366.0284266425,1.0432348682839476
4900,400,201673.6706918554,211896.00282012997,162289.93398920793,1.2426751661952518
200,900,9352896.417415123,9180109.572198823,9102185.306045383,1.0275440570522363
200,300,3168642.070269634,3052898.632630103,3032905.48199754,1.0447546384408573
3000,500,390543.59941441566,603411.7839056681,344340.2380443599,1.1341793849956727
3700,200,128388.92984257391,165752.96759098218,106725.58981702923,1.2029816847363823
4200,700,359365.1059017154,430939.6568288901,312915.90084646567,1.1484399000805023
2100,200,205948.9533666677,270215.5369150743,188040.32491571817,1.095238233921242
200,300,3074671.2383292885,3038126.2609159835,3022457.3071617936,1.0172753246319717
3600,700,443090.7287500143,676846.5514313217,392971.0174411424,1.1275404777564255
200,300,3166587.6684856312,3107638.7244646014,3093696.3199943136,1.0235612487302734
2100,200,247858.80064734802,336794.357666272,206340.87112511057,1.2012104014868867
500,200,842233.1511011564,839423.4962179605,807346.2460973266,1.0432118253753844
3700,200,167675.72534365297,208495.99018231677,117112.38631425194,1.431750565595364
500,200,913508.2446284824,929427.6479310296,858899.9533139733,1.063579339018251
2200,500,501703.925247272,778193.8563100202,464314.4834603781,1.080526115636633
500,200,852470.0073954465,906010.8297350581,812358.1688214743,1.0493770360334584
500,200,862563.0469616752,968038.2976934185,821740.7489461385,1.0496778309556758
1900,1000,1134407.237280323,1584911.905006787,1070913.9468047046,1.0592888818612025
1300,700,1109076.8343091093,1362920.12032152,1058436.9505023388,1.047844024892306
3700,200,133495.0067567485,190982.37206465905,108407.33030622173,1.2314204803278597
500,200,791531.0550228179,808504.3416883507,711471.0781151486,1.1125273807612346
2100,200,207249.7183582911,300378.25806816184,191003.3914919145,1.085057792636443
600,1000,3253989.254874693,3656897.625334386,3220902.4233097183,1.0102725345932635
500,200,866677.3186590674,827860.9697597412,773214.0519936961,1.1208763167513325
3000,500,387912.2292046541,571933.724731815,341194.11895916145,1.136925309228687
4800,900,496184.1194281658,550300.6505697743,385739.7922602628,1.2863182108352071
3900,400,234607.50262003945,336701.2535223382,202699.83561234424,1.1574133837420442
500,200,845883.7490125208,818094.2679225812,789769.3646460164,1.0710516093412352
3700,200,165192.6081449241,239687.43379396453,124878.707025026,1.3228244596720489
500,200,921488.3192010872,958345.5691000083,866631.6587254644,1.0632987035764414
3400,800,515864.2172984008,791041.2266496381,469286.4553050371,1.0992523041456377
4900,400,211191.8214437191,238193.33773410963,167923.72650942532,1.2576651664043745
500,200,865142.2509386938,846044.2341772261,802214.2442660409,1.0784428936813841
4200,900,494104.4474415884,598237.3774613807,420530.71405201807,1.1749544823507696
2100,200,252131.86587952825,365130.8576399899,202572.7872327797,1.2446482537153394
500,200,884126.8629223262,957936.6374390409,850805.7063776747,1.0391642372575487
4200,700,373930.6115198644,443121.7554231876,322718.3507372831,1.1586902655692854
900,100,240488.38129259937,261951.50165126126,225441.58652768974,1.0667436518552957
3600,700,440566.6965754125,620476.2309051092,382780.8046066385,1.1509634006547356
900,100,252583.78511315602,309144.14419560024,220124.3259467316,1.1474596641094512
5000,1000,509045.5419391303,550567.8497709617,401914.2122651224,1.2665527279322455
3000,500,378047.4009610143,636487.8533261737,327232.39151359414,1.1552872232861129
800,800,2115478.7935482506,2427759.849468008,2042065.0473440746,1.035950738346782
1200,500,893036.0813216656,1115164.9262100158,851243.2196773599,1.0490962637683576
900,100,249802.86516452648,310753.21574121766,226095.98676420422,1.1048531587827173
2200,500,504124.0948271553,720510.2767779727,453864.78820081917,1.110736298415153
900,100,276049.8065873073,321360.1111522095,226174.66606054085,1.2205160347773707
600,1000,3422655.241452167,3798611.513937723,3362617.8354995046,1.0178543649292646
900,100,247043.62260785064,262635.7263618957,232026.48813325906,1.0647216384448608
3900,400,228953.98091945262,304442.79555543826,195200.6869438701,1.1729158565168794
900,100,238387.2204131485,258792.37877642605,204974.63067830863,1.163008415354963
900,100,259549.83111033533,304756.4217594748,226301.27666397564,1.1469216388722763
900,100,252030.31518415728,255751.90085062,220968.961069002,1.1405688562089757
4900,400,217949.42738494603,244106.10026503928,184114.18593069012,1.1837731366717892
1700,800,1044651.0988127926,1343046.2950126617,960971.7869854468,1.0870778028664572
1200,500,877204.1055721593,1067197.390237691,832085.4450348351,1.0542235906258826
900,100,229015.14311438845,254982.96321816722,209656.41742991636,1.092335478788496
100,200,4222976.522999634,4036731.2304866347,4036731.2304866333,1.0461376499645108
3000,500,407021.5633488186,708022.1589453578,335547.31266480975,1.2130079663472288
900,100,261680.31697919546,329453.6219626091,236983.04938546955,1.104215333787667
800,800,2093078.4655499728,2365270.6545438264,2053305.8438464794,1.0193700426181942
100,200,4600072.854184419,4294499.766569868,4294499.766569867,1.0711545242110052
3400,800,525965.9653938779,740798.1056748179,475315.17528793076,1.106562535217321
100,200,4377278.560084005,4061790.8441073745,4061790.8441073727,1.0776720732517098
1200,500,856732.5816627301,1059106.635309691,814131.7270885095,1.0523267343069522
4800,900,449495.0977978928,501362.8415238436,378702.83505200164,1.1869335431200834
4200,700,380617.5096636513,457545.96697012655,327611.4370602477,1.1617955498716481
100,200,4312654.618185114,4108703.7447306933,4108703.7447306924,1.0496387391561106
2200,500,486187.76507420745,703969.8024069066,444071.851139187,1.094840314302696
3600,700,448782.5712977795,704594.5082746957,399936.92104778107,1.1221333857400047
100,200,3806207.315541648,3557355.390575743,3557355.390575743,1.0699541928324539
3900,400,240821.23541927504,356461.70162533293,202763.9725213242,1.187692430882653
600,1000,3407199.4439842068,3691017.3303120425,3358656.037621242,1.0144532234974992
1200,500,924165.5998078646,1177736.9945271,868979.7112525515,1.0635065328231517
2000,600,643253.4112088261,927017.0596605638,608064.4823719783,1.0578703901592483
100,200,4262980.832402909,3866070.2599684824,3866070.2599684806,1.102665121362193
100,200,4199323.568702624,3948846.8232300812,3948846.823230082,1.0634303523750401
1700,800,1021065.930584902,1417691.9731128463,966261.5735748138,1.0567179307434653
100,200,4451506.320501314,4333158.29362732,4333158.293627322,1.0273121863671686
800,800,2119885.1877332865,2373805.197933508,2046491.8146468485,1.0358630181470347
1200,500,864860.9109177762,1083258.6552669215,827453.6952397135,1.0452076241767532
100,200,4381519.139483045,4011071.2213302064,4011071.221330204,1.0923563551259974
100,200,4384625.8852693075,4254028.531888373,4254028.531888373,1.0306996891069187
2000,600,666321.7125646038,1008992.8384404909,611572.0777420626,1.0895227836834507
1200,500,853180.491239038,1085681.56985004,820950.5618866894,1.0392592816774233
1900,1000,1153522.6834296777,1686752.3499289942,1084950.1669579365,1.0632033788832993
2200,500,520293.0046266622,818922.3470089984,473988.93341048266,1.097690194754145
3900,400,245562.57159735783,367315.9800477515,200189.60430679118,1.2266499674030646
4200,900,500488.7957377,599870.3397185147,428872.90299103863,1.166986284857819
800,800,2007828.6834326792,2336082.279661448,1944198.4881103474,1.03272824030646
3600,700,446916.12497451797,678976.2186098058,398172.85392424354,1.1224173636396326
600,1000,3440100.4436931675,3753306.857042795,3349285.1022093534,1.0271148435300141
1700,800,1015557.3393960523,1381969.1845165058,963054.9715985169,1.054516480726318
1200,500,897836.0288812654,1113173.8423126077,860850.5951108997,1.0429638243621138
4800,900,455145.30916410516,509809.22412392515,377951.55456017505,1.2042424582530453
2000,600,627775.3549298366,988972.6980102124,579048.7552760205,1.084149390202193
1200,500,890015.3833417008,1133363.2594397112,852985.2973979037,1.043412337887605
3900,400,257767.3027799126,363147.18398443557,212943.13091996827,1.2104983225628954
800,800,2011139.0492393568,2304614.747999865,1963387.3086925258,1.0243211007504323
2200,500,485008.3502082881,770247.1844580956,451338.37922166195,1.0746002833720687
600,1000,3484039.048951242,3708311.8702558726,3391227.4982148977,1.027368128733681
3600,700,455369.69613178715,682975.9633425813,402515.80896657356,1.1313088479702489
1200,500,856908.1589232057,1073965.5617367118,818080.9787839853,1.047461291908943
2000,600,716115.4169539982,1128721.0415787825,626852.1525101105,1.1423992309613198
1700,800,984284.8993817676,1403627.7562512406,914916.93558134,1.0758188651916811
5000,1000,473938.47127844417,531072.0700264876,406947.2997857877,1.1646187885456418
800,800,2064372.857116688,2368970.656263689,2008926.2965476336,1.0276000969594257
1200,500,903953.2412419511,1241989.237047048,838868.2816620243,1.07758662593724
3900,400,253493.68431682634,333761.8715167983,210303.41967390967,1.2053711951516826
2200,500,488895.72202987614,695853.5644207811,447791.21557455783,1.0917939098081175
2000,600,670525.1056592243,892178.2172671156,627118.506368725,1.069215943796399
800,800,2072845.952536055,2359009.495266349,2000733.0150216208,1.0360432586322144
4800,900,439647.4852106539,499328.0631863595,371287.24620356224,1.1841168521302035
600,1000,3518175.4285926158,3866806.9032954033,3435675.528700132,1.0240127157536605
1900,1000,1058755.1266250294,1429709.317518145,1006750.9020889185,1.0516555032910393
1700,800,980428.555405145,1296964.2288736275,923946.9687964828,1.0611307667173087
3600,700,429310.0571206644,619677.0914737646,365068.55098754325,1.1759710771013885
3900,400,247657.13049041768,308481.7771915715,196002.89957415545,1.2635380957551572
2000,600,658183.5213528865,879053.987238521,615019.976966208,1.0701823452948587
800,800,2095166.0787567752,2465919.384199509,2049192.0839166373,1.0224351807724474
2200,500,505181.57555919467,777372.4390537324,469554.87006049074,1.0758733595801366
4200,900,465496.40127297956,560818.9834164181,417372.8805883823,1.1153010243903634
2000,600,645989.589286584,882956.2282924533,606375.1036144509,1.065330000252321
1700,800,1009328.5707512512,1410257.2716058884,945377.0807282982,1.067646541603998
600,1000,3258462.370622485,3494673.436606629,3188044.523281575,1.0220881003469882
3600,700,414321.563328082,582997.3008017864,376504.7425268303,1.1004418179368798
800,800,2046651.8331412226,2296891.5722668646,1994467.4350464076,1.0261645776601014
4800,900,464148.2025517536,514563.83541887975,367964.3747955158,1.2613944021338719
3900,400,235693.41310654633,327202.330615096,198870.3101757703,1.1851613893407726
2000,600,646064.3307678353,930638.6256324725,597232.913815111,1.0817627693035037
1700,800,1007193.1884410683,1403158.7711439081,941521.4188337039,1.0697506910556687
2200,500,510879.22099841863,701545.3701112738,465264.70767158386,1.098039917007917
800,800,2074163.6737906889,2295666.158348695,2020089.4949737056,1.0267682095033552
3900,400,250181.1928579421,344423.3720395161,204940.86377279766,1.2207482112269175
3600,700,445968.27847518463,618490.5100558018,382213.3432369557,1.166804577512365
2000,600,654605.7918359379,923800.4616428234,606313.4057203446,1.079649213855363
5000,1000,499920.8953032846,533043.2910543833,412281.06344401586,1.2125730227024347
2200,500,486285.17814528476,782969.9002020755,446225.98842762836,1.0897733228376354
1700,800,1034455.8903065157,1394493.4949968075,964325.6865490058,1.0727246040790246
4800,900,454662.1567125393,499679.438883887,375263.7901171588,1.211580143585375
2000,600,635294.3841563794,862600.4022265457,582561.8632914473,1.0905183194914199
3900,400,258789.42829971726,342239.4407479345,214080.8696717845,1.2088395786904134
1700,800,990647.2069285873,1336430.4832007412,938572.9106100742,1.0554824198843165
4200,900,510282.4941619168,585654.745901249,423983.59078225016,1.2035430267960254
2200,500,536295.085859177,851081.9635713228,457564.5172701951,1.1720644097551187
4800,900,408175.29250351567,465578.94564098073,365201.2705148345,1.1176721590483503
1700,800,1007013.4313927628,1305576.0627999215,950630.3505758615,1.0593112567705694
4800,900,455255.8504860572,498807.4292380805,370985.6419344689,1.2271522102908605
5000,1000,430618.3969975454,495869.7130168022,382565.342793789,1.1256074422550555
4200,900,490569.87505158264,616723.9541238684,433437.3955259706,1.131812529595612
4800,900,439488.0003927071,514898.1103573704,379257.7210852243,1.1588109508624829
