P,n,Algorithm Time,Optimal Time,Makespan Ratio
4096,600,50109.84988501678,32086.250269673834,1.5617234629743528
256,400,90799.21175926662,69344.18366491112,1.309399101127669
8192,800,90435.60699252953,68639.61815064191,1.3175423964925392
128,1000,301209.98084804707,125295.95783362567,2.40398801410664
2048,600,218030.51158165076,191374.78812730435,1.1392854498504514
256,900,178603.6949785455,79309.82918527524,2.2519742737222446
256,100,31946.612238732676,27744.76099020595,1.151446655100399
4096,300,26571.248491317507,24265.13520631133,1.0950381386874102
256,200,46107.73241038984,32996.77807816611,1.3973404403655767
2048,400,56781.39518248095,49006.50439213838,1.1586501809663825
8192,1000,104879.46398419561,97895.23348711745,1.071343928077941
1024,500,136390.99109768873,103433.70181766388,1.3186320193598309
256,600,164495.76546571587,107515.86756387605,1.5299673359189294
8192,900,78332.28796175844,76055.59330000391,1.029934611814466
8192,700,109185.35052775893,80626.46962808013,1.3542122212645222
256,1000,197177.42458815937,66688.81108753479,2.9566792595739497
8192,900,312121.06785544707,294265.0674249581,1.0606799868796608
2048,700,58977.56207288296,53921.858220267735,1.0937598224446006
1024,600,117016.89349042685,87981.12037524463,1.3300227706960648
4096,1000,67880.08621259574,57823.110280004155,1.1739265820169724
2048,200,45777.020651151935,43211.18708703341,1.0593789186802616
512,800,98638.827942987,76745.1936743743,1.2852769433549964
128,200,68642.62241868881,55080.46923257345,1.2462243581994574
2048,800,132651.6960455931,91530.45019922058,1.4492630130942226
512,100,83633.12014587363,81541.92332472774,1.0256456646578966
1024,100,27225.58747769369,26126.125239736124,1.0420828663978599
512,900,96546.76277034782,83768.9354752691,1.1525365843863575
256,800,197222.76030790113,140690.70674223357,1.4018179656261358
1024,100,35542.86449131576,26128.92828146623,1.3602878812494972
1024,700,279749.83087408624,209079.4040392636,1.3380075964897586
256,300,91588.37289143213,73378.01257741736,1.2481718933829387
1024,600,124767.04819565405,121589.27436436518,1.0261353137264893
8192,200,73311.69577320524,66804.37457564907,1.0974086089255621
1024,300,67538.04215550273,60661.299768006524,1.1133629251894646
4096,900,129304.00141773687,83867.31024046338,1.5417687898538528
512,900,98383.15825348055,83934.36071927342,1.1721440112295909
4096,100,83609.6738970502,81541.92332472774,1.025358128530866
8192,700,48435.71147938358,48366.36010081021,1.0014338763228992
1024,400,112982.89622338857,93715.09953214714,1.2055997036489512
256,700,126051.03127596769,54206.33391376397,2.3253930338934254
256,400,99507.02065828272,62094.6152682652,1.602506436804319
512,500,242405.23005260527,150411.49619722992,1.6116137142519136
256,900,164742.01236634166,65851.69814960258,2.5017124386386973
8192,500,157112.9605806045,145171.26830844925,1.0822593369287263
8192,300,63113.01822397354,49207.11959862682,1.2825993217805574
1024,800,119627.7566726341,113583.42103934956,1.053214946142453
4096,800,132651.6960455931,91530.45019922058,1.4492630130942226
4096,800,122467.67174222092,80495.74766274964,1.5214179046490712
8192,500,133978.45410603267,126547.99516819877,1.0587165282860298
4096,700,279556.05730499944,209079.4040392636,1.3370808023371867
4096,800,80593.04336004751,76289.52886222344,1.056410290665133
4096,100,31544.694005033194,27021.11397775278,1.1674090872421028
8192,600,82887.58959090758,71516.09563181561,1.1590060791019063
8192,800,193798.27151681727,111382.24810651336,1.739938588162546
512,300,65882.49434903871,64288.232254330745,1.024798661260445
256,100,75343.1347979972,66621.99147149005,1.130904872908809
128,600,197388.55949940108,74899.47399565695,2.6353797826517
2048,900,265278.22019120364,246837.67939689083,1.074707155080089
8192,1000,61445.65856623337,55350.7803146872,1.110113682533377
4096,300,51040.116761722544,44478.45983108848,1.1475243737205072
256,500,146650.5231644787,126547.99516819877,1.1588529946251702
256,700,132316.68037580745,88059.66488743904,1.5025798763252085
128,500,139492.9108114839,56182.17500713485,2.482867756432872
2048,700,115353.52567464375,82723.15596316708,1.3944526696491792
128,800,230357.18696771632,133043.65281458962,1.7314406369219537
512,300,40524.53152943759,36792.68253707005,1.1014291085899364
4096,200,94006.8251844146,87248.16939999937,1.0774647288406636
4096,500,393396.4422405546,374127.1854931126,1.051504561803079
8192,1000,184565.81666098573,150682.91879743664,1.2248622347772407
128,900,281319.72689838347,109443.21737422631,2.570462872417654
4096,300,37980.39848941931,36076.63280186646,1.0527700491896894
4096,400,118587.4444715172,80803.01007103526,1.4676117185147561
128,900,282620.0035334794,109318.34627419793,2.5852934403581016
1024,400,62488.219832108574,55614.3310578869,1.123599235007734
8192,600,42641.38217889294,36813.11504024967,1.1583204010926793
128,400,132244.3389888518,101350.91774796846,1.304816393648321
4096,700,98976.98945918627,83298.65199605712,1.188218381539611
8192,500,75078.65725537029,62291.80850112228,1.205273358759806
256,900,172480.81546470444,72343.07089417889,2.384206439300922
8192,1000,272178.1124383003,193587.99783544827,1.4059658423124681
8192,600,50104.693183898315,32086.250269673834,1.5615627492394937
4096,900,77040.51080237268,74506.27131782444,1.0340137741390631
8192,700,278266.3243814483,257665.43434439163,1.079952090157044
128,300,90375.80773720579,39128.1871492468,2.309736645668888
4096,700,158270.7434728673,120542.04638444567,1.3129920075198758
256,100,20763.0723445156,16062.953290333515,1.2926061583588466
2048,500,65857.15446177963,64798.784885890724,1.0163331701011473
512,600,85726.52273367424,54759.00301290296,1.56552380461482
512,500,54526.80045977488,40793.162330552455,1.336665199376722
512,400,84162.29252123185,74066.52558882261,1.1363067438650423
8192,1000,310300.9395972416,296829.78369162104,1.0453834373966187
128,600,180102.70075755814,72849.63176490327,2.4722527265309546
2048,800,108319.50386246691,80691.6874824957,1.3423873913402102
8192,200,41826.04811810435,41095.10804137316,1.017786547148028
512,400,177419.36776561642,161388.29849094016,1.0993322900394553
1024,300,67288.41080284039,42146.23556164081,1.5965461661321565
1024,800,187704.3744939514,164504.5334558055,1.1410285817100512
1024,100,19020.719279492234,18958.590370662885,1.003277084826174
2048,200,59852.48980214366,57462.271367614376,1.0415963096766203
256,100,62222.384276429206,54998.76131684471,1.1313415572756196
1024,700,149162.6864499256,99618.79371512462,1.4973347988581294
4096,800,77640.09028491877,63505.82912459984,1.2225663589493052
4096,800,216865.90913548542,202353.75339573988,1.0717167608517957
8192,1000,129622.20555828222,97107.11998289233,1.3348372970088926
8192,700,167189.77858011107,143967.24459588702,1.1613042886901754
8192,1000,67880.08621259574,57823.110280004155,1.1739265820169724
4096,900,89358.65902786481,71933.22533163877,1.2422445763538108
512,700,190831.74784711027,177200.19832819805,1.0769273942553088
1024,200,56033.709398294304,54881.936751014604,1.0209863702971163
4096,700,176421.44625285937,168001.64809777957,1.0501173545046376
2048,700,216081.21231177924,177106.47023915342,1.220063908563006
8192,300,44571.74194272052,42831.51684479748,1.0406295463275057
8192,500,157222.4460036907,105591.85204537216,1.4889638069434865
8192,700,91191.28111955445,61680.706160931106,1.4784409387536406
256,1000,193436.89445550996,147856.9083645297,1.3082709262296108
2048,100,82862.73874078906,80097.32978272869,1.0345256073524773
4096,700,155036.12462197783,124421.16221479316,1.2460591258128006
1024,800,129918.2599353116,124249.35109939276,1.045625259091969
1024,400,474970.3246456828,447124.8921868822,1.0622766322013721
256,100,23037.974699414546,18030.171622542253,1.2777457243175256
128,900,247510.91166813514,106569.95671190214,2.3225205236523494
512,900,187925.3275065185,155561.6151421717,1.2080443323680379
4096,1000,154884.78231238283,147856.9083645297,1.0475315900054292
8192,300,79310.8465394287,59646.42706960382,1.32968310820827
512,500,224291.62099916447,191297.86620507852,1.1724731982044976
128,800,206750.09535483707,84426.00544789649,2.4488911237477997
128,100,42790.998004002766,33864.52550884084,1.26359360897679
2048,200,46657.59723120887,38158.64128795635,1.2227269015979079
4096,500,101108.11733868285,100808.81710997372,1.002968988599307
128,400,123677.64300998856,56697.870143421365,2.1813454843565907
1024,700,261604.7479613389,203696.4792654518,1.284287037776547
128,300,109820.3657107367,56263.074324413734,1.9519083702662747
4096,500,189470.03767656247,144967.29718427974,1.3069846879721547
256,500,95793.69787427239,64740.90042417872,1.4796472901463757
512,500,233332.59843380927,225641.9561793339,1.0340833876141504
128,800,265301.8544449692,103240.3095790912,2.5697506674146937
128,400,286230.9100603872,248839.23122737743,1.1502644042443735
2048,600,128761.88438575563,92901.70772451619,1.3860012645577684
4096,100,55811.692766747154,53822.603263146375,1.0369563971827196
256,900,514269.88089873124,471069.48858223285,1.0917070482457218
2048,500,53260.957697911304,46117.50017027101,1.1548968938313189
1024,500,109244.01703484866,94363.66759019131,1.1576915122595774
128,200,71364.44342473906,34021.21650844406,2.0976452563660217
8192,200,162641.73141055027,148803.6312079928,1.0929957158317933
2048,800,129845.11017710326,124249.35109939276,1.0450365255689278
512,800,107966.86611043336,82757.78660001053,1.3046127808161996
512,800,221281.03309977127,151102.0773920206,1.4644473254042547
1024,600,137508.7060963679,105019.85128070624,1.309359177521806
128,200,91436.5221973645,70374.68498825342,1.2992814420785914
2048,600,62717.049274658006,54759.00301290296,1.1453285455157005
8192,500,52679.15079530307,44043.12302968092,1.1960811852466111
512,300,71822.01169388526,53292.82538852232,1.3476863193174513
512,600,177106.030512931,123966.35877611427,1.4286620359059512
4096,300,165225.6477991474,151327.6818856169,1.0918402088788717
2048,200,21188.66437851118,20700.962951012414,1.0235593594681023
512,800,117384.24531111683,108006.22245017193,1.0868285423580237
128,500,415396.631159547,375731.15576153254,1.1055687684925155
4096,600,127108.12850313213,110655.08892051583,1.1486875998485222
8192,400,118587.4444715172,80803.01007103526,1.4676117185147561
256,100,73139.50078101456,64601.3564317874,1.1321666420153669
2048,1000,100969.16450612221,60509.32359768595,1.668654655230414
2048,500,241608.77363594636,150399.0297809245,1.6064516771676025
2048,1000,322341.87130361673,254936.71337053613,1.2643995721209091
1024,600,50369.518223627645,32086.250269673834,1.5698162858012161
1024,800,236631.7505045138,220831.60557494673,1.0715483858772414
128,200,103681.6632376703,63311.651754383245,1.637639523920526
512,100,21077.68045353509,19361.98507836203,1.0886115430948469
4096,900,150062.28576052995,138660.26103350002,1.0822299384268088
8192,900,264393.7738778571,227394.75968666168,1.162708297421533
8192,300,69423.44713587436,49550.41489560321,1.4010669190589273
4096,1000,204065.25776514367,182480.7972512204,1.1182834623645799
128,200,72738.39407807641,52625.615790818134,1.3821860891320432
4096,200,58354.45389010236,55080.40807549345,1.0594412047587136
8192,600,216535.68088534623,147890.2175992439,1.4641650029356188
4096,800,105958.7978287337,96700.03304942673,1.0957472762659193
2048,500,83763.6968738016,63587.77275587825,1.317292511492443
128,300,119754.4829639411,45007.6355113429,2.660759260142879
128,100,47101.026239513725,29276.558469929165,1.6088307062420812
128,400,123497.65391675383,70067.20077666298,1.762560121538161
4096,1000,78870.6253277368,75618.70934949408,1.0430041190363755
2048,800,111330.47615063001,108005.60745631279,1.0307842228993722
2048,100,31275.614121015486,30198.110141443554,1.0356811725808357
128,900,285211.607073639,107296.26736457921,2.6581689566564872
8192,700,79224.46848705389,68714.9288586522,1.1529440516488054
1024,700,129109.05807534211,114978.99996643869,1.1228925117893516
512,700,100431.32843257388,72744.33423628379,1.3806068814425994
8192,1000,1207440.647136364,1137530.3818757026,1.061457932354637
8192,1000,126014.28687826185,114821.68959577374,1.0974780751083815
1024,100,44643.87300895617,43929.616859217924,1.016259102646564
8192,1000,300259.1264212653,270407.67287867976,1.110394254810878
4096,900,100335.81748072861,89987.30710479997,1.1149996672739266
8192,600,225038.95539647405,212721.5108913956,1.057904085268401
8192,1000,90985.67849835711,88788.38772271542,1.0247475016947463
2048,100,57717.79221712844,49628.83987756196,1.1629889467398902
512,800,89431.13003927085,49694.143521465914,1.7996311778799472
2048,200,38276.70774353156,38263.86021787016,1.0003357613577994
2048,600,117313.03641362923,64352.41237737711,1.8229780684161307
1024,100,43471.11450704786,38902.58936820653,1.1174349885968
256,700,159195.9430538634,99443.58346047232,1.6008669188509477
128,1000,315993.9197391182,118514.74706755942,2.666283543253783
1024,800,104228.1121717671,81513.14058911963,1.2786663772059281
1024,800,87093.61308385091,79873.37446696083,1.0903960633324274
1024,1000,113491.66294684124,107712.89842023634,1.0536496985166934
8192,600,155969.85318382186,131761.85730909472,1.1837253691554954
4096,200,41534.738284529114,37222.327856175216,1.1158554737634032
1024,700,176452.0276624775,168001.64809777957,1.050299384919008
8192,800,223466.68860601107,178752.13959328766,1.2501483289344777
128,1000,280319.4385529499,114759.30901984677,2.4426727639539094
2048,1000,136168.92918929964,93395.93902427712,1.4579748392904344
1024,1000,186192.59895055494,129220.21608915825,1.4408937284401953
2048,900,150117.6808924205,109810.59666555177,1.3670600602383696
512,600,90105.68572104201,55246.19014466643,1.6309846069944969
1024,700,58848.09279599896,52978.919429421854,1.1107831837604007
1024,100,52598.5469130967,50440.03416874034,1.0427936415969772
4096,100,73245.39118466177,66433.41435496167,1.1025384122710131
128,700,204537.75204910425,95764.45131334884,2.135842154828837
128,300,85046.00426100605,36061.13127075538,2.3583842565132196
2048,1000,90339.31846074147,87656.17777952272,1.0306098297825341
256,500,93082.97162335776,63587.77275587825,1.4638501647276658
128,500,154074.8797718985,59540.26409032341,2.5877426330888413
2048,400,69883.93947276092,64845.882043045916,1.0776927889788075
128,900,277243.62263998034,142091.52385562783,1.9511622869332717
128,300,83479.91848261116,49018.24004301976,1.7030378571190414
4096,200,53343.8678417983,52396.80681940171,1.0180747850849168
128,500,175994.34580013377,133237.7915469743,1.3209041050345331
256,200,62485.891395811115,52126.77261513772,1.1987293335261098
1024,300,71102.52711948613,66019.7704373757,1.0769884028441414
2048,200,101560.34609361018,99057.8538518329,1.025262936198077
4096,500,230972.48413636684,218673.40978607017,1.056244032424102
8192,100,32407.929933198106,29457.384252428696,1.100163193564145
4096,700,149162.46003854545,99618.79371512462,1.4973325260803563
1024,500,63592.55503246292,54675.27307489169,1.1630953346196689
2048,1000,117687.54692225528,117209.69503034814,1.0040768973230705
8192,1000,322763.7024520106,310306.1045740466,1.040146157920626
2048,1000,98338.51821568402,92929.47364766299,1.0582059098766567
8192,400,96725.91957593047,86617.18216219664,1.1167059140160498
128,700,195191.0753602375,80058.73659126465,2.438098372158613
128,1000,789202.9540065092,667487.6807548334,1.1823483440383995
2048,900,96055.88348764011,81400.98392035367,1.180033445070215
4096,200,51152.70012798367,38046.299123850666,1.3444855690554351
2048,300,146146.8103704632,122166.32017680924,1.196293791602689
128,100,78528.78663171358,67205.4375358315,1.168488585314914
128,1000,343223.626968864,177126.7800345265,1.9377285970080922
4096,300,59718.590877634095,55675.452984295036,1.0726197574805463
256,200,42586.82872845845,34021.21650844406,1.2517726612711928
4096,400,122474.68776649493,120207.70846299056,1.0188588513373278
2048,200,59934.45931140458,56905.95090164368,1.0532195378826965
256,1000,440107.316593358,402202.4082987434,1.0942433648146135
4096,600,100997.78257849519,97714.56773042677,1.0336000549797866
256,500,205927.48212615217,128716.5115702618,1.5998528830059509
256,400,120931.30963504221,80937.93876137368,1.4941239113041846
512,500,231218.22439580833,218689.015215715,1.0572923572212098
2048,900,129353.09942836565,83867.31024046338,1.5423542147409512
8192,300,230417.17095974687,211310.8280420486,1.0904181915083704
512,900,313140.13360300224,294269.38675830397,1.0641274549574455
2048,600,75755.02219727676,63428.93636475278,1.1943290639723472
256,700,156557.4229616534,110052.4859247753,1.4225705275632379
128,300,94427.4283791859,62282.88541372249,1.516105552142277
128,300,92502.4309433918,35017.52520551622,2.6416038940644535
1024,700,110049.21716671795,97718.7908840865,1.1261827553439312
256,800,139674.4567204174,81159.63436473215,1.7209843022791242
1024,1000,63144.48025101027,46583.35108963575,1.3555160539976518
4096,900,84375.50594071926,67196.61567748235,1.2556511230519245
512,600,72196.43232135192,54819.80235635847,1.3169772457776467
2048,700,245967.86362667516,230854.7665827208,1.0654658219436806
256,400,128918.1884014454,106249.04084579187,1.2133586089361048
2048,500,133979.27529877165,126547.99516819877,1.0587230174661855
128,800,239335.348928657,97648.19890207484,2.4509960410910514
512,200,47423.78452667492,39935.77304748188,1.187501352992219
128,900,255912.8075007394,137983.51207886107,1.8546622248205913
512,300,68355.64970513062,65210.744929774046,1.0482267880660365
8192,400,70971.83203655767,64334.95787606042,1.1031612420308567
8192,500,72104.20598019402,56893.54245548506,1.2673530750279816
128,400,133499.67049429225,73219.6768009263,1.8232758778389384
512,400,318536.36251905095,302551.7330790469,1.0528327148462502
8192,700,63768.283201553684,58909.34219503371,1.0824816714203542
8192,400,94802.7448920907,79751.87253871835,1.1887212409472314
1024,600,93918.90957945009,73266.38484935311,1.2818826774729193
512,700,74553.59031888525,52978.919429421854,1.4072312369112214
4096,400,81786.39258997004,56955.556614236266,1.435968629784705
8192,300,67984.63593321362,62242.53045311874,1.0922537280906317
512,200,43517.74248728268,42449.62169222391,1.0251620804256645
2048,500,347601.8526109378,323100.1950984921,1.075833001292298
128,400,138935.20258610777,74233.43833028698,1.8715986449117863
2048,400,43087.0480447652,40001.769895931386,1.0771285409835734
4096,400,61706.0513222738,54667.38391077755,1.1287544218868062
8192,800,108531.15069256208,94133.54454054113,1.152948730681444
1024,900,150174.36997050332,138660.26103350002,1.083038275358659
512,700,159260.63303367142,120542.04638444567,1.3212039932169417
256,1000,276254.9655802782,187194.71304615473,1.4757626488744089
256,700,150622.1652833462,115009.78625805757,1.3096465108228441
256,500,248141.9433144666,150710.25139423233,1.6464835073851052
8192,700,141684.6418009964,113219.76468805708,1.2514126150267642
128,500,134979.18187896066,58507.64553511288,2.3070349292718335
2048,900,150041.1886303146,130420.49556876707,1.1504417919590106
128,200,85685.13740130834,71342.50643143423,1.2010390675530653
4096,400,127125.62351892493,119856.35989077212,1.0606497947608076
2048,400,46211.55263025214,38119.45514470553,1.2122826114599001
2048,100,34644.09533544391,29478.52247325327,1.1752317425975987
256,300,78278.96170234123,42168.09157632779,1.8563553335262928
1024,800,76336.13779510156,69579.78689333206,1.0971022074575651
128,900,350773.5883343927,226453.48252444254,1.5489873877145233
1024,900,147595.43344877206,142091.52385562783,1.0387349607055836
2048,400,99086.8370829496,61995.608328814014,1.5982880038439191
8192,900,94715.02079019453,72331.37337176806,1.3094597319945693
256,500,159387.22003097413,145256.71842409528,1.0972795045914714
512,100,13361.450204509478,11064.831273205229,1.20756023066215
2048,400,39838.171838206705,36292.5152200074,1.0976966351520505
128,700,580777.9289956418,519862.9761509299,1.1171750165701868
2048,400,159670.2865768292,133260.18829018957,1.1981844587306794
4096,1000,699431.3031848308,660862.412342602,1.0583614533402061
4096,800,223466.68860601107,178752.13959328766,1.2501483289344777
128,1000,407751.2338186806,338229.9954371404,1.2055442725938261
128,1000,362288.30535944254,212850.57283176226,1.7020781318065623
128,600,166814.79796789374,68384.79052619991,2.4393552525979127
1024,400,78225.71816793237,74020.68632221934,1.056808874041077
512,600,245032.21811782935,176029.73971094415,1.391993299087945
128,700,432786.5952981298,277111.37119997636,1.56177854926715
256,1000,681617.0732250437,608131.9476116404,1.1208374694044716
4096,700,261603.96393341632,203696.4792654518,1.2842831887756931
8192,700,71154.68191434682,65894.30315831472,1.0798305544470779
512,400,135946.31538717193,109127.46472101046,1.2457571128837743
256,400,173145.25016382246,147480.59637564968,1.1740205452031265
8192,600,311897.0644686127,254750.17179748067,1.2243252370269735
8192,900,502583.7550181415,470097.26183904405,1.069105897473235
4096,800,116836.39725185667,84716.1705510098,1.3791510698834817
512,500,159552.97719804314,128236.81139468354,1.2442057429748126
8192,800,287036.6533949338,270374.624086737,1.0616257141899959
2048,200,35476.13617132061,33716.70783680652,1.0521826847102027
1024,200,45844.74649582906,35895.9151129629,1.277157758802293
8192,500,92035.81662024783,77074.5486776688,1.194114246521872
256,500,120179.08911836117,77418.90887707144,1.5523221763456507
1024,100,48724.17401214989,41980.83955504662,1.1606288613704638
1024,300,55485.081869251284,54707.14018925136,1.0142201123529533
512,900,637525.9994696887,482109.4928685304,1.322367654858727
256,100,64270.567501429,62929.765866919784,1.021306318497111
128,700,246192.9320033575,97654.43951026569,2.5210623627354605
128,1000,430963.77736054885,353450.3629095445,1.219304950808161
2048,700,59680.17474521468,51390.66317782948,1.1613038449941893
2048,800,252094.30972091606,170832.96785220358,1.4756771651887233
8192,1000,385652.9208353828,216975.52776592041,1.7774028472530623
2048,700,68741.34399082935,54206.33391376397,1.2681422820474986
256,1000,195294.36891766443,114837.58679551279,1.7006136611475315
4096,700,91259.14736714352,80857.18176548481,1.1286461557840117
128,200,64354.69190741487,33836.393554642564,1.9019370904138513
8192,800,140232.69448179382,113760.30981094284,1.2327031696278357
2048,1000,105194.8087306929,97895.23348711745,1.0745651752752194
1024,700,79972.67075439126,64236.714438567054,1.2449682623614464
512,900,184274.9894049483,138962.7962054598,1.3260742762580378
128,300,101035.46277554505,44845.91213104526,2.2529469905820405
4096,900,117443.77555749404,113882.61280621722,1.031270469332632
4096,200,83426.3699569868,70855.20004716367,1.1774205690119472
256,900,480383.322218751,449316.0474721866,1.0691434791197558
1024,500,155271.19474126995,132888.28073688442,1.1684340701848883
256,900,357130.00180667586,318607.9205068489,1.1209074816424687
1024,700,230867.9437149976,204746.7203054814,1.1275782262619074
128,700,214824.10581027286,104436.23843349399,2.0569881588283643
1024,900,78336.16470049715,76055.59330000391,1.0299855842488461
256,300,64615.133201838114,44842.51107758433,1.4409347658975689
1024,700,314180.4114974716,204334.06035349282,1.537582187492126
1024,800,175697.70308360402,150981.56294084387,1.1637030353993898
256,300,57117.19377976702,47272.82842862618,1.2082457445084789
1024,800,83535.35027531156,63384.96579246821,1.3179047938405253
2048,700,42993.32431879938,39830.52628133257,1.0794063833133214
1024,200,46707.133210923384,38158.64128795635,1.224025060495671
8192,900,138027.92747873053,129274.8424964807,1.0677091134919627
256,300,168159.64751317629,158126.09066362507,1.0634528862848773
512,100,35114.223630981534,32127.582362244073,1.0929619052894353
2048,700,92567.61149816283,83385.46634442732,1.1101168531672925
1024,800,193798.7740327695,111382.24810651336,1.7399430997966776
128,700,254024.4704007866,178217.27865116403,1.4253638722539625
128,100,59562.17824534275,46771.56319955634,1.2734699071573417
1024,900,621550.6333070556,560097.2001241816,1.1097192293931284
2048,300,47894.45708230356,38752.99367855184,1.2358905089908225
2048,900,264398.48641781136,227394.75968666168,1.1627290214697072
512,800,134362.2823563561,106129.47588543595,1.2660222924439648
512,400,72436.33997225187,68990.92324952882,1.049940145173323
1024,500,66417.70575165232,59493.939479229935,1.1163776736425322
2048,400,107115.28110248284,86256.23134714305,1.241826583767512
512,800,122886.00853855001,80495.74766274964,1.526614909565179
2048,300,67475.91508328574,60661.299768006524,1.1123387619675325
512,400,99888.88128548981,87472.4653040146,1.1419465649941543
1024,1000,740904.6023781782,699619.5213287543,1.0590107619796159
1024,700,155206.65033097152,124421.16221479316,1.2474296781043739
2048,200,41841.28957639421,41095.10804137316,1.018157429693817
128,600,229443.9361018153,189111.60902971157,1.2132726133474285
256,200,110289.02061663393,100081.06315326637,1.10199689273619
256,300,86814.7093155355,59674.1897532552,1.4548116978965733
8192,400,165050.52353382975,129974.9928893605,1.2698636858116763
2048,900,89896.38038075276,83910.40996318546,1.0713376376088921
2048,800,97992.69265653078,85494.69624934767,1.1461844647150081
8192,1000,98685.90538104676,90351.22398043098,1.092247575997653
4096,100,35114.223630981534,32127.582362244073,1.0929619052894353
128,800,284316.15545747726,198112.22602341895,1.435126751964657
256,400,90061.59446120124,56748.426169231956,1.5870324613518731
256,500,93671.35017811252,46076.78175941884,2.0329403791089335
8192,300,103914.44573051805,71601.6689436777,1.4512852460500298
8192,300,167857.8013152292,158004.11444726828,1.0623634827639217
4096,800,158139.5097234552,109133.65575834506,1.4490443724676825
256,400,51857.90382290827,41834.27607100889,1.2396032319260268
8192,900,146254.92779582902,138124.28920140318,1.0588646547354919
128,300,106534.4766329775,49463.87224103563,2.153783596113117
1024,500,189286.55410034326,137452.48154279057,1.377105396539648
256,200,58569.62166579821,54932.0600662729,1.0662192824215362
1024,200,67795.83833269351,63200.43563028972,1.0727115668835894
128,200,68337.39538141908,29865.551364690233,2.2881678810126957
8192,400,119502.48193734279,70385.6271905619,1.6978250632590373
512,600,104919.82258454169,98202.85231839726,1.0683989324909464
2048,900,173292.0494803776,124719.89755923967,1.3894499023146412
2048,900,307204.273074996,215541.07016371653,1.425270241266111
1024,500,65866.10911024529,64798.784885890724,1.0164713617120151
256,1000,377017.0242720822,338233.8679718164,1.1146637281855447
256,600,102731.16499576977,68303.98610196497,1.5040288401677102
8192,600,97283.20547440983,70196.86577668699,1.3858625224649055
8192,700,197612.68236686444,187198.4742658489,1.0556319069472
512,200,23933.999382951348,23735.00072910216,1.0083841857061833
128,300,81196.90736782592,37851.96843215377,2.1451171690942314
256,800,135251.62358927832,49795.0272020813,2.7161672799251964
2048,700,60736.61390286255,54305.257758226115,1.11842971399325
1024,700,104353.57599267171,68672.48589166073,1.5195834931227374
8192,300,38503.95109229393,32579.939562209405,1.1818300343612667
2048,1000,126084.14671507697,114821.68959577374,1.0980864953211573
512,700,70465.83494418966,55164.29818327047,1.2773811552914789
8192,800,104227.69145124899,81513.14058911963,1.2786612158231736
512,800,85364.88347553565,61790.097255538276,1.3815301685398198
1024,600,140490.79714462088,130073.66237184455,1.0800864262820296
256,200,43602.417456879535,34121.40715069298,1.2778610584351002
8192,700,112099.62122892778,87960.61434701637,1.2744297213145852
256,800,213584.25831658923,164116.409132005,1.3014192757824439
1024,100,63989.002348719376,62929.765866919784,1.0168320423126889
1024,300,47819.955501360804,38752.99367855184,1.2339680360701308
8192,800,77636.7855512048,63505.82912459984,1.2225143206756612
4096,200,238146.16081980514,225508.16054450237,1.056042319022015
2048,700,87492.78051535437,74562.77172285572,1.173411053448476
1024,200,36374.04577055611,29604.106861031265,1.2286824237361578
128,600,180107.96019935352,72848.77070877024,2.472354144716822
512,600,217907.25855120333,147892.255097173,1.4734189995820048
2048,900,326680.97237667645,223245.59065820705,1.4633255304774677
512,900,220862.0911806429,174453.77904522466,1.2660206754442822
8192,1000,176054.33115412947,144258.02683203,1.220412721706794
256,300,62669.05204074269,38817.417749948916,1.6144570059873486
512,400,71483.8865952663,64334.96496393181,1.1111203159175171
8192,800,295725.9400214555,208854.0721270381,1.4159452914165664
128,800,268511.25547390815,140885.89597390196,1.9058774735240198
128,100,77801.3973549206,75975.29810075773,1.0240354338819586
4096,1000,279316.29330423946,271703.2474445486,1.0280197087495047
512,300,63524.22699274441,44764.909406981445,1.4190630079290922
4096,500,157112.9605806045,145171.26830844925,1.0822593369287263
512,1000,747331.5015658071,699706.7355337031,1.0680638953629311
4096,400,56794.74695847166,56441.842041722426,1.006252540738985
512,200,41338.75415308295,39367.6001669369,1.0500704634721811
4096,600,123695.70024540674,121589.27436436518,1.0173241093184688
2048,900,65972.36801438277,64576.56261261201,1.0216147367605186
4096,700,198810.9004181123,160072.15725034184,1.2420080033480507
256,400,237948.29086780798,219374.12532677565,1.084668898455388
2048,400,67509.66911018227,49051.77331750574,1.3762941590959612
2048,100,19020.719279492234,18958.590370662885,1.003277084826174
128,1000,316659.93134412734,232089.26489633613,1.3643885316521
256,600,93910.70522824916,36885.459914873936,2.546008791675117
2048,500,66068.57133386306,59493.939479229935,1.1105092705607167
512,400,162888.3896052966,124852.25244373192,1.30464918667532
1024,1000,385922.34606902645,216975.52776592041,1.7786445782280609
4096,800,153262.01996544996,140274.3450182545,1.0925876712916058
4096,300,48095.24153174324,32771.91940534239,1.4675747531559862
2048,300,38510.207286395475,32579.939562209405,1.1820220603191294
512,400,76056.6072194669,65130.744287195856,1.1677527725476795
256,200,52621.09343463036,43211.18708703341,1.2177655135612007
8192,400,71360.05766134162,68990.92324952882,1.0343397986318292
4096,1000,172335.98703729786,156736.75112649944,1.0995250686178162
512,100,25907.09764191113,23405.27370800908,1.1068914623735395
4096,200,42439.607451438314,32882.965133640275,1.2906259298381004
512,200,118041.94013152081,102193.00484474283,1.1550882598163792
512,1000,269620.76888350747,175963.11716279262,1.5322572890889816
8192,500,105671.16021354299,85036.28486560313,1.2426596526477205
128,700,196921.07455986206,84366.35857819415,2.334118455253081
8192,600,76973.91619994357,64117.0966977279,1.200520924439663
1024,800,121817.92077443573,89430.60534256375,1.3621502427252106
1024,100,43800.121700683994,42497.45784911204,1.0306527476583913
2048,1000,280823.6063145056,234263.462779227,1.198751196549833
1024,300,197471.45168274353,186612.50492955197,1.058189812935049
2048,300,112467.00044489128,90075.07952905796,1.2485917418325427
8192,400,135029.88178061185,130537.89822202895,1.0344113366291725
256,500,164646.44151262252,146481.6311552918,1.1240074281946886
128,200,110777.5198260055,91369.163401698,1.2124169216585694
1024,500,232769.46251912386,225638.66198292206,1.0316027425155603
256,600,136435.4426917708,96636.03485678323,1.4118485189709116
4096,400,120189.34733159695,71520.95228711009,1.6804774473515804
128,500,161062.27188480578,108948.47425608216,1.4783343501096742
256,100,43571.32690267181,34613.82990507125,1.2587837584620534
256,200,50379.484423319176,37222.327856175216,1.3534748449366842
8192,900,156697.69239083875,116828.6499266447,1.341260833615961
256,500,206911.4584691184,161000.96372157914,1.2851566455647607
4096,900,84116.66288607162,78666.78098055435,1.0692780591449957
1024,1000,58954.85990591232,45397.850167045304,1.298626690228344
2048,600,265729.30354827153,236189.43210158672,1.1250685569792112
1024,900,193352.02319968664,164378.4020691561,1.1762617276103036
1024,400,44807.23889651187,38831.21791890785,1.1538973356458684
128,200,76326.23215994234,72024.30331535502,1.0597288504930278
2048,400,78855.34468654206,56657.63699799809,1.391786683396773
2048,800,77756.78514151629,63505.82912459984,1.2244039045448214
128,900,431857.79937805294,240112.69874268485,1.798562931654233
8192,600,197553.24370191077,178061.86457240052,1.1094640852847242
128,700,201257.61271696785,81043.3533172761,2.4833327407994306
1024,600,83339.39341020561,78434.37115640785,1.0625366428197216
2048,300,115764.31833949819,86099.42778726865,1.3445422497525126
8192,900,173292.0494803776,124719.89755923967,1.3894499023146412
4096,900,193241.40501856705,164378.4020691561,1.1755887792197173
4096,800,76410.04816863016,55455.29906814292,1.3778673896382427
128,700,180487.03254506428,82176.18191258638,2.1963423992739712
128,400,140975.71246019602,64176.12548032461,2.196700274519018
2048,200,108973.55243660219,99887.13852189228,1.0909668056285187
1024,600,140666.3780753101,130807.24538409045,1.0753714571564457
128,300,85110.67826114794,51917.44044858809,1.639346576521427
128,900,243388.65577300658,105523.65052388472,2.3064844190347342
1024,600,80016.29060960507,63428.93636475278,1.2615108370959507
256,300,80731.72517069562,62574.02179586301,1.2901795801789597
4096,200,57840.51131471855,47639.49018411157,1.214129519253528
1024,800,109038.61990288353,81153.62654491312,1.3436074830560767
4096,100,24965.298727311194,24463.205202714078,1.0205244374331377
128,400,148256.15553403442,74560.66666945617,1.9883963241810398
256,400,135665.35974872668,123620.72705007954,1.0974321457741287
128,700,267913.7054744549,163904.3612286704,1.6345733784391274
1024,500,159136.0264830906,128235.151227661,1.2409703966470944
4096,800,187379.47666179176,164504.5334558055,1.1390535733298297
2048,100,35114.223630981534,32127.582362244073,1.0929619052894353
8192,200,45844.74649582906,35895.9151129629,1.277157758802293
128,100,21317.787988617427,19361.98507836203,1.1010125202730945
512,800,96021.92811257375,63505.82912459984,1.5120175491949976
1024,700,241724.93359133665,211418.54982938516,1.1433477988871306
4096,100,47983.31449662919,44429.675138657985,1.0799834648099689
512,300,198500.75772795925,186632.86285385626,1.0635895237989046
4096,200,41826.04811810435,41095.10804137316,1.017786547148028
1024,400,99086.8370829496,61995.608328814014,1.5982880038439191
1024,400,97300.22845465556,57131.771786968944,1.7030843856456164
4096,700,322827.0123840918,308745.66972431756,1.0456082272258187
8192,1000,59316.39655349053,56310.26740548294,1.0533850980738706
128,400,117322.78504543127,44766.77748087496,2.6207556506731655
128,300,89021.44840288376,53306.23854594503,1.6700005633703743
256,600,197421.49098779506,161951.0277511989,1.2190196859453617
256,400,78923.21294134487,55187.50980353505,1.4300919396854073
8192,400,43985.75552420327,38831.21791890785,1.1327421049749138
8192,300,39771.24471958899,32167.176018033744,1.236392174970293
4096,400,121512.40666465109,103964.21564333347,1.168790683532107
8192,200,94006.8251844146,87248.16939999937,1.0774647288406636
256,200,64134.88978193213,40127.216556790394,1.5982890238889276
8192,500,117158.54418051847,84673.75705494557,1.383646459722972
512,1000,274724.33221333305,193587.99794911713,1.4191186185289333
1024,100,31904.701455018258,27303.956377486087,1.168501041165074
128,500,178575.7082122352,65960.00138039459,2.7073333001068365
4096,200,33492.13358029321,30312.01313197929,1.104912875118772
8192,900,223068.49363009445,213334.35267079194,1.045628567726848
512,600,196382.94558222505,161900.90287424746,1.21298239908372
2048,700,279566.44856638304,209079.4040392636,1.3371305024089435
128,200,63054.68396874365,35532.42334400541,1.7745675086183352
2048,300,54426.76436386467,39829.9506092953,1.3664783292792444
128,500,228495.19052371537,136474.55803962256,1.6742695034584874
4096,900,477545.20602421265,412258.04168696393,1.158364804892812
4096,900,151467.56129463483,137811.604861172,1.0990914839662413
512,300,102738.94065421511,79440.56137013643,1.2932806475966958
128,500,143818.85530684557,70183.58331412707,2.0491808556303317
256,800,240952.18306816395,220988.88234741328,1.0903362219343082
4096,500,83199.25101294348,60310.283534834554,1.3795201437726372
8192,400,100910.39803631492,88763.01067709028,1.1368519078675177
1024,800,206859.9049787014,164048.08831135405,1.260971140279873
512,1000,112792.33724804144,66613.26387126524,1.693241416094255
128,900,275586.3135600203,130921.35121036274,2.1049760868814418
128,100,59207.44501618275,34334.34576201569,1.7244378391996136
2048,200,35070.51635343485,33777.42846023225,1.03828260326937
512,300,70262.5758531875,49550.41489560321,1.41800176650836
4096,900,173292.0494803776,124719.89755923967,1.3894499023146412
8192,300,162672.91415627373,114697.14098863088,1.4182822061135627
2048,300,53335.68414032272,43604.935902248806,1.2231570357054942
2048,600,60758.85687990497,43653.64277618617,1.3918393292266091
512,100,36567.585573941076,29792.118789208624,1.2274248042803413
256,400,54139.23134751904,39865.041332157394,1.3580628424896999
128,1000,302482.87406566157,129807.81477445313,2.3302362387907003
8192,600,81717.89450237523,76006.06948203195,1.0751495908059496
2048,1000,91587.90466063515,86987.76066371784,1.0528826579948507
8192,900,473542.35829676455,449200.4240467097,1.0541894729990808
256,1000,225599.12125576925,150750.21295615262,1.496509469750383
8192,100,31904.701455018258,27303.956377486087,1.168501041165074
128,1000,301212.56870584365,119286.35685419329,2.5251217041863665
8192,200,44395.875447178754,39522.21565925871,1.1233144373771542
2048,500,301884.7503863885,280398.3335013462,1.0766281903916493
1024,700,412154.8817546113,354698.3940736106,1.1619868841838534
2048,100,36085.37812927872,29793.797004168133,1.2111708394948921
128,1000,313964.50972611667,196984.51417637977,1.59385376580919
1024,200,55429.869797836545,53149.58772324275,1.0429030999538047
4096,600,165831.8238860992,120774.94809003804,1.3730647498392725
512,300,78679.97975400065,58481.39199202796,1.3453848664328325
256,300,77225.81927706546,44764.909406981445,1.725141864467204
8192,700,279556.05730499944,209079.4040392636,1.3370808023371867
128,200,91237.3775317673,64826.41454927219,1.4074105156999097
128,500,161988.22910240575,59802.89267320319,2.708702235987162
1024,300,48157.55389635977,43109.379615737635,1.1171015293103228
8192,1000,377232.4845810273,351181.8435339452,1.0741799199666313
1024,100,47302.65462093712,45306.70010880877,1.0440542901454941
512,1000,133751.61170238876,82923.2342436557,1.6129570068309518
8192,600,63298.024807935675,47351.7535557099,1.3367620004497784
2048,900,459604.6707553052,405126.74051565956,1.134471326603384
128,600,163908.9399497447,90881.14791567237,1.8035527027215152
2048,100,44735.18982519208,38051.93771384741,1.1756350008139687
8192,500,73175.59271007669,53291.01691923906,1.3731318511142714
8192,100,63989.002348719376,62929.765866919784,1.0168320423126889
4096,500,84480.34976591282,57304.47013752236,1.4742366444218455
1024,600,63754.93758666805,47351.7535557099,1.346411332194057
2048,900,76444.1714846695,62271.47321623191,1.2275953584593093
512,900,251955.3110151284,208819.65588546015,1.2065689407769573
512,900,134151.49163007102,126647.55311099823,1.0592505605891658
1024,600,89073.85823872863,68303.98610196497,1.3040799420660187
512,100,28440.559071537074,28042.384562922198,1.0141990246129549
256,600,286221.1201612104,163196.14490790025,1.753847312525301
128,800,240649.1817114622,109308.64279987245,2.201556762094781
256,1000,305436.56924801855,227728.78295034825,1.3412295331794442
128,300,82092.30032927383,35572.315455000964,2.3077581337970736
8192,1000,178002.13344301027,124114.40321053391,1.434177894253475
8192,300,148920.77862362342,140522.6503523854,1.0597635203305533
1024,300,38503.95109229393,32579.939562209405,1.1818300343612667
8192,800,483868.16844952834,416248.7941325711,1.1624494179205265
512,100,52696.919696387005,50440.03416874034,1.0447439333624668
2048,100,58350.72279758885,54891.783613400505,1.0630137874285421
1024,600,77189.42706683853,64117.0966977279,1.2038821319489637
256,300,159504.75445623664,152334.24318257935,1.0470709088373722
128,1000,316513.0532705958,170554.12481655332,1.8557924272487385
2048,900,211582.9374652552,143704.73437399408,1.4723449327327442
2048,200,121984.37219564643,113322.38650358589,1.0764366685110929
512,100,31970.961905669606,27303.956377486087,1.1709278122064308
1024,300,162672.91415627373,114697.14098863088,1.4182822061135627
128,400,210043.00237063557,190726.67538897425,1.1012775320613488
2048,1000,129626.02505281327,97107.11998289233,1.334876629804796
1024,500,82157.84825020454,75308.02642475703,1.0909573939278758
4096,1000,739428.7239164903,699619.5213287543,1.0569012175534043
128,600,153649.3541497583,98683.38165076081,1.5569931996607222
1024,300,67992.37378134942,62242.53045311874,1.0923780457891485
2048,800,171414.27067920455,140683.89126429337,1.2184356655104178
2048,600,902420.3737186033,849751.0610181596,1.0619820499398211
4096,400,69883.93947276092,64845.882043045916,1.0776927889788075
1024,100,48131.23594319427,44429.675138657985,1.0833128037282356
8192,300,257165.25184628466,246821.1024575754,1.041909501601417
256,700,127788.8371675659,59205.32448127474,2.15840109461747
512,400,65235.03375553753,58250.10501913,1.1199127234897448
256,200,98343.23943838787,62923.75114845966,1.5628953716754894
4096,300,38503.95109229393,32579.939562209405,1.1818300343612667
1024,700,45765.35917990427,39830.52628133257,1.1490021210528967
1024,200,60983.090790655224,52013.803178654016,1.1724405266270188
512,100,20090.01628469482,17655.71814820062,1.1378759060413688
2048,200,67345.17600361787,59854.38298817181,1.1251502837632854
1024,900,89843.30618174872,84602.54543351936,1.0619456627619737
8192,400,502569.13401110563,477069.44860849157,1.0534506778352526
256,500,177995.89304369333,164062.49631541045,1.0849273724416328
4096,500,46278.429677638414,37160.831735686785,1.245355055742622
1024,200,38170.22418223804,35392.16149553701,1.0784937276874527
128,800,422270.3859730911,380347.2537789174,1.1102233071953298
1024,400,42983.43174537287,40001.769895931386,1.0745382481124854
4096,600,200221.98343312892,188275.18890026337,1.0634538974712926
256,400,85437.72039257197,65116.255693622865,1.312079748481903
8192,800,61537.150511310596,57077.06814588616,1.0781414061777785
256,900,647452.8603150483,482838.54517777526,1.3409303519392057
1024,500,83211.32733963305,60310.283534834554,1.3797203803820803
4096,700,68741.91942314227,54206.33391376397,1.2681528976392822
2048,300,43264.82502763035,41048.940544814155,1.053981526767958
128,400,141324.91761864943,92402.18688429345,1.529454251939051
128,500,145353.39360250442,60922.8209824693,2.3858611807278303
512,200,51128.34855022282,41788.09593049591,1.2235146735391365
128,300,146882.6706806035,86486.91403692236,1.6983224839991102
512,700,262151.70270041353,203738.52335524262,1.2867066001225527
4096,700,190686.37114552205,177166.92394106078,1.0763090925987904
2048,400,78282.90137832784,69277.55617341686,1.1299893602246682
8192,400,259465.87698115315,246967.2941691022,1.0506082509997983
8192,500,159128.41284518468,146417.97392352228,1.086809280179641
256,900,151568.7914992499,74545.08327176174,2.0332500125687742
512,800,104154.3567560715,85014.05051425601,1.2251428572810543
512,900,306803.96256773925,208515.51451365068,1.471372349838525
2048,700,185834.30909297688,169666.73829039902,1.0952901609678245
256,600,164597.3218344671,131142.9851737448,1.2550981786513424
1024,200,39048.517908890506,35459.309345443966,1.1012204870794446
8192,100,43903.97024810391,41615.799165425524,1.0549832306135167
512,300,80045.6399333544,59646.42706960382,1.3420022600841774
512,600,153980.8649859365,117398.21143853011,1.3116116770361628
512,200,74738.9552679243,62881.645165784255,1.1885655197296263
8192,500,201517.15205551995,128708.06293305126,1.565691748156765
2048,100,16558.9877248628,16478.597069020954,1.0048784890792055
8192,300,45798.28160394039,42185.27585482161,1.0856461330619895
8192,200,99007.54466431649,90515.81844674076,1.0938148310791913
8192,900,236778.20644701002,223808.7976470251,1.0579486103153073
4096,1000,403751.9751461884,354110.7446334615,1.1401856093469016
256,300,69132.48217862048,51640.62698648386,1.3387227501462142
2048,600,104153.86603065784,98202.85231839726,1.0605991941350743
512,500,128228.36743292588,119390.55130295263,1.0740244184612846
128,200,108290.3490486408,93477.05666890898,1.158469820377419
2048,900,84366.9853305746,67196.61567748235,1.2555243218721512
2048,200,36971.64399689489,34995.89392353165,1.056456625388121
2048,400,128019.94488417615,119438.18068975037,1.0718510960638086
128,1000,325430.9645636943,126747.76651454996,2.56754792224553
1024,400,55571.85502467569,43579.75926112394,1.2751758148019305
8192,700,313729.28655194986,204334.06035349282,1.5353744060545071
512,100,88380.21078247596,79250.48014292015,1.1152009504938176
2048,700,241486.02258105174,167852.55989538235,1.4386794144311115
4096,100,21072.68555575721,19361.98507836203,1.08835356862799
256,1000,384856.1858922637,351586.08259715623,1.0946286128544742
128,600,276280.87882322783,176383.20262309266,1.5663672884634212
256,700,139178.92857612556,68727.10187464886,2.02509526489235
512,800,141097.5319575715,124249.35109939276,1.1355997492872305
2048,900,72008.48339508845,49329.49729812519,1.4597449262436573
8192,800,75348.03938404087,69579.78689333206,1.0829012669951363
128,300,101618.92017324033,42831.51684479748,2.372526766713924
512,500,73388.80681352703,68371.97033626745,1.073375631162679
128,700,321301.70286863315,210815.9712629318,1.524086154117339
128,700,284698.7467369132,168212.42326485337,1.6924953651529657
512,700,325387.4510458979,301144.7389340127,1.0805018616552928
4096,400,70971.83203655767,64334.95787606042,1.1031612420308567
8192,100,19020.719279492234,18958.590370662885,1.003277084826174
1024,600,109400.57926524567,104288.75976635002,1.0490160158232609
128,900,247151.7505491622,139492.18741266307,1.7717963646093475
512,100,43800.121700683994,42497.45784911204,1.0306527476583913
512,1000,310786.700687787,290812.04525967967,1.0686857912307965
4096,100,63462.831585679836,59799.751125205716,1.061255781028328
4096,700,79951.92662825552,64236.714438567054,1.2446453298092908
1024,900,217311.4342614632,182352.24071005496,1.191712442991004
512,400,473820.81713119464,441567.6123019123,1.0730425056791302
2048,200,88891.07576451395,79335.95549278108,1.1204387117087449
512,400,89782.48156600093,66881.10045961938,1.3424193224842145
512,700,75589.94161289571,54206.33391376397,1.3944854070587138
256,500,161956.83532427155,128289.03384804694,1.2624370958791593
2048,1000,1422811.6379180467,1334718.3829848357,1.066001379808831
128,600,168506.5745129265,69348.05711601679,2.4298672741620018
128,200,84896.04160124181,57462.271367614376,1.477422308250228
256,300,57785.02020120688,43240.46013612466,1.336364599712739
512,400,81130.59233053662,43787.13132786166,1.8528410030577498
256,1000,723100.741561105,661816.3293022667,1.0926003326685043
4096,400,97281.3729353752,57131.771786968944,1.7027543500333713
1024,900,473622.5266723427,449200.4240467097,1.0543679420549554
1024,300,165225.6477991474,151327.6818856169,1.0918402088788717
128,700,199622.12610635717,81155.12225248374,2.459760031970721
8192,100,49176.40492349674,47184.148141995276,1.042223010480257
256,700,146252.8070226379,104583.76139207515,1.3984274908066199
128,1000,292625.9493166043,117926.23224716319,2.481432194859627
128,600,220556.41514034558,118985.95193570876,1.8536340765632402
2048,1000,67840.05501322333,65829.24121441941,1.0305459057663189
8192,100,54397.90103361481,49702.854805663665,1.0944623049583089
4096,900,124150.27768903582,119278.44934298367,1.0408441623184024
256,200,71165.78538195393,63210.49890339568,1.125853878969003
2048,400,127125.62351892493,119856.35989077212,1.0606497947608076
512,800,141993.5391405012,113779.66821447237,1.2479693548837412
4096,500,236478.70254450705,148541.54886328193,1.5920037481375848
256,1000,196587.52645538904,82929.23347534107,2.370545562968988
256,300,116385.1592499142,86202.6290109689,1.3501346836545403
1024,400,162351.51475228526,124852.25244373192,1.3003491052390377
512,700,275686.92598986486,163096.60075583545,1.690329073152072
1024,600,208362.25939716178,143697.1760152111,1.4500094238115406
1024,800,61070.13866992048,52179.14170893851,1.1703936988955668
2048,200,55429.57671347866,53149.58772324275,1.0428975856239586
512,800,257313.75828154653,223564.8995076071,1.150957770420446
4096,900,338220.1988859977,228567.55314220468,1.4797384590960379
2048,100,48720.411840519184,41980.83955504662,1.1605392449723502
256,800,249969.7165429416,210977.95440512575,1.1848143909052355
8192,100,48659.617011612754,45746.699274861276,1.0636749269985515
256,200,60563.85211583051,57977.566255472324,1.0446083895443623
128,700,451373.88474153174,357230.52277553035,1.263536724786413
8192,600,333943.37247790134,314594.4295049918,1.0615044042685522
256,100,31439.82769252738,29704.094341113356,1.0584341448515937
256,600,168439.7076433844,131772.37600602672,1.2782626582955494
256,1000,180478.21425885442,60509.40175163594,2.982647473522162
1024,600,194644.012877609,159299.9083569902,1.2218714680074572
128,700,222082.0535423675,123648.96593143292,1.796068829766993
2048,700,197635.73355160796,187198.4742658489,1.0557550446214463
256,900,144894.71217198193,51169.08100378722,2.8316848637804872
8192,300,97386.02991452366,92808.64670782663,1.0493206545841274
4096,800,358538.1702784562,291376.75023711973,1.2304968395271108
4096,700,275466.48812682147,163096.46540805747,1.6889788962478187
512,900,167012.63292620133,104079.6431637771,1.6046618517263214
128,400,118935.9705325523,54193.72447570918,2.194644706249374
128,500,149347.267257685,61794.54678124966,2.4168357086001233
256,100,55846.88092668957,53823.17547774184,1.037599146296833
128,400,153799.7494513266,118864.1042752357,1.293912492666379
256,1000,173818.32325944517,65829.24121441941,2.6404424546423537
512,300,64575.583337639066,60617.962790846555,1.0652879173859355
128,700,225338.4758411326,85335.45718841201,2.6406195415770513
512,900,84030.57788061656,54985.620150486575,1.52822824677868
128,1000,254110.72390959028,108445.31548148034,2.343215313463548
2048,1000,177445.92155484713,163383.07283176485,1.0860728622576634
256,100,76487.31382988683,75907.2703419812,1.0076414747268923
1024,700,245984.05923960608,230854.7665827208,1.0655359769297381
128,400,93301.5382400918,39177.38721993352,2.3815150744054683
4096,500,72204.196290806,46061.858103017745,1.5675484937954671
512,500,60050.40081158045,36144.74530556542,1.6613867466465213
256,1000,193405.94749014347,86987.76066371784,2.223369655851046
2048,600,93787.48633374365,73266.38484935311,1.2800889047082789
512,1000,116117.9836962764,95329.4200934544,1.21807080733778
512,600,84109.83503432781,64871.243439611,1.2965657905513424
128,500,157518.70436332517,61482.8756065851,2.5619931209992752
1024,700,65717.80637619969,60545.29623925781,1.0854320724850628
256,700,119022.01561289965,74563.49009131061,1.5962505975396943
128,600,182270.86657135276,70119.83671935719,2.5994194381949454
256,500,132859.23449792372,64798.784885890724,2.0503352760686178
2048,200,73311.69577320524,66804.37457564907,1.0974086089255621
128,500,158472.42640478743,99304.01047734916,1.5958310811720373
8192,500,52535.140883061445,42611.328809463965,1.2328914012039307
4096,300,71091.79744197067,66019.7704373757,1.076825880656555
128,1000,348706.8877588237,194533.22634255196,1.7925312519352792
256,200,59814.28345484353,49159.94625253988,1.216728007544418
1024,1000,323277.679835673,302399.9337096704,1.0690401808951686
1024,100,20126.080227339964,18307.041123907562,1.0993628129811146
256,200,43454.73869813338,31626.909821856698,1.3739799096054182
2048,200,57803.2342490162,55185.974476140334,1.0474261766276762
8192,400,41288.12418004841,39862.62562986046,1.0357602773942753
4096,1000,270876.6195659393,255315.6145668397,1.0609481132812808
128,200,66913.64449763883,38479.29156641197,1.7389520901691133
1024,1000,184569.40203690753,150682.91879743664,1.2248860289534513
256,1000,191556.11629080784,97959.10764872079,1.955470204748331
4096,1000,300259.1264212653,270407.67287867976,1.110394254810878
1024,700,69201.044315943,42076.766999595086,1.644637866702281
512,600,83542.66510791583,78434.37115640785,1.065128257882267
1024,300,146146.8103704632,122166.32017680924,1.196293791602689
512,800,432459.9667010092,376316.576834163,1.1491919126687522
512,300,47209.166476015955,41803.277427678906,1.1293173497625735
4096,300,109804.05170369515,83581.993375327,1.313728558860966
4096,600,196262.60214801942,161900.90287424746,1.2122390836847992
4096,900,314954.605129476,279295.63957364607,1.12767462324247
8192,300,48532.96043484721,47272.82842862618,1.0266565815524158
4096,300,230417.17095974687,211310.8280420486,1.0904181915083704
4096,200,42946.64246615537,32996.77807816611,1.3015404826622468
256,1000,409314.1667904024,291285.65143529116,1.4051985217038099
256,600,106227.86506741834,71516.09563181561,1.4853700293470773
1024,100,48924.1258500651,42336.16661122929,1.1556106696983854
512,600,132696.6857750291,105231.19270819752,1.2610014422528921
2048,800,733548.1509363012,690176.0982427881,1.0628420091682975
4096,400,75629.21296240189,48631.548291799874,1.5551471342966534
2048,100,48659.617011612754,45746.699274861276,1.0636749269985515
4096,1000,385757.0623318831,361421.7915235331,1.0673320518548906
4096,600,83072.46596306765,78434.37115640785,1.0591334479804888
8192,400,156518.69855432917,102075.26108957673,1.533365644952652
8192,100,24758.69647251549,23557.413808837362,1.0509938261231153
512,500,138126.3857685979,126389.41030688013,1.0928635985658905
2048,400,131875.39461823675,118375.94620530441,1.1140387793776927
2048,200,44395.875447178754,39522.21565925871,1.1233144373771542
2048,600,64401.103535016955,54819.80235635847,1.1747781051156445
1024,500,55674.84231986854,36142.526899969416,1.5404247321709998
512,700,94803.63322636911,86127.51053300613,1.1007357885961198
1024,800,131208.65115766073,105413.1219237275,1.2447089011612593
256,300,236017.58750452806,211745.44738668308,1.114628864126273
128,200,68836.61229394899,53577.13936437546,1.2848131331871715
4096,400,201470.6399477601,187364.24030520208,1.0752886442982916
2048,600,70911.0017904709,69754.65712653751,1.0165773112730772
2048,1000,92101.64098767929,70879.21259938313,1.2994168192619124
128,900,845864.2154944693,702765.4396401726,1.203622386336422
256,800,196061.09011848652,151267.07931021406,1.2961253103618813
256,500,305667.01974801876,280494.34067256533,1.0897439820535941
8192,400,56811.276034574184,56441.842041722426,1.0065453922035121
256,300,62866.79225526923,42917.83919462575,1.464817274937307
4096,1000,268317.003120817,175958.34504967066,1.5248893313077863
1024,300,87941.06919198409,73377.2147602002,1.198479248352219
8192,1000,90303.29125273744,87656.17777952272,1.0301988238623965
1024,700,94939.63705935406,91483.66415075141,1.0377769401858208
8192,600,100997.78257849519,97714.56773042677,1.0336000549797866
512,600,150413.7863784808,107460.73744240684,1.3997092329567764
256,1000,169913.4521007552,58412.46821374808,2.90885588807843
1024,300,65394.76442408005,64288.232254330745,1.0172120484721334
1024,300,97400.04367109489,92808.64670782663,1.0494716508228221
8192,500,83763.6968738016,63587.77275587825,1.317292511492443
8192,200,39048.517908890506,35459.309345443966,1.1012204870794446
256,800,147872.85448014,63505.82912459984,2.3284926205751946
128,200,80506.12125303467,60259.6913778696,1.3359862855620361
1024,100,63462.831585679836,59799.751125205716,1.061255781028328
256,900,237635.45985067886,206649.38353806437,1.1499451669397645
512,500,81221.0516731565,62291.80850112228,1.3038801349248543
512,500,159133.80195805136,146417.97392352228,1.0868460865410614
4096,700,144662.1272458324,123120.04475088752,1.1749681178116174
8192,900,56994.6969375127,51169.08100378722,1.1138503138896378
8192,200,42946.64246615537,32996.77807816611,1.3015404826622468
256,600,123069.50379448723,104330.27852498544,1.1796144468742509
256,700,144277.8414202865,83298.65199605712,1.7320549368207758
512,700,242219.1866284937,211438.89275968005,1.1455753644330626
4096,400,107111.54657008112,86256.23134714305,1.2417832879691286
2048,300,103914.44573051805,71601.6689436777,1.4512852460500298
256,200,47902.58776347422,35459.309345443966,1.3509171116901364
256,700,224284.77869457362,177218.41827946738,1.2655839097992863
128,300,93909.14304497607,37256.63379765559,2.520601929712861
128,1000,312185.6374597128,124089.35917466675,2.515813116741814
2048,500,232644.1430982483,225638.66198292206,1.0310473438096193
2048,1000,154911.13756119003,147856.9083645297,1.047709838347686
128,700,233943.5248277746,110438.72842731516,2.118310561514149
256,800,336853.33034718316,320833.44954676076,1.049932077914736
1024,100,43499.963432893295,34613.82990507125,1.2567220545138271
128,600,163683.16848035253,98070.304051862,1.669039063994263
256,900,183086.208359254,116397.87810846175,1.5729342436006506
256,700,125037.0272075963,53921.858220267735,2.3188560508583946
128,700,216834.15254928538,87928.42487302498,2.4660302156260574
512,400,507636.23332340375,477121.19263507705,1.0639565820159784
1024,500,226423.38188229266,200791.6018005936,1.1276536461278595
128,800,229395.4392987537,90364.92656588534,2.5385450751348846
4096,700,122234.71844057908,98027.10087159794,1.2469482148685576
1024,400,38519.088677282525,37588.8642009553,1.0247473419615478
4096,800,81171.86914920196,57462.9417430166,1.4125950862769165
512,600,131189.63240574455,121592.78906745979,1.0789260893831494
1024,400,377674.94540822785,357146.4835977379,1.0574791094222604
1024,300,43268.137699836334,41048.940544814155,1.054062227321054
4096,900,459604.6707553052,405126.74051565956,1.134471326603384
512,1000,120289.8320921181,91244.23909051798,1.3183279655911835
2048,500,44478.1766941778,40793.162330552455,1.0903341185899043
2048,200,54618.55044205383,49088.639705453395,1.1126515374999504
1024,600,902831.5164551758,849751.0610181596,1.0624658889786098
8192,100,66459.71855071392,61396.3689968807,1.0824698534548594
2048,900,124950.39763511799,78172.17027182774,1.59840000860445
2048,100,46589.26890428199,43599.477966196144,1.0685740077072463
1024,600,90546.71998614578,90053.05349795487,1.0054819516830944
8192,800,156284.35617067333,76146.64778133373,2.052412820843628
8192,100,37364.54386822906,32528.283612421954,1.148678618073787
8192,400,82802.14266656911,74983.66125021738,1.1042691339152109
4096,500,87569.07606008445,73423.11275665177,1.192663628281697
256,100,29377.481550786513,25795.138290894545,1.1388766836406727
4096,500,301884.36611126794,280398.3335013462,1.0766268199301499
8192,700,65409.623605523295,52750.67799367782,1.2399769271849483
128,700,183359.59595665528,69737.61936348946,2.629278108863172
1024,300,149283.81579539512,140522.6503523854,1.0623469983026903
8192,500,55125.67653014731,50662.88838175732,1.088087913874191
128,400,113337.96416311606,57337.2855241042,1.976688696144668
4096,800,430947.0689099402,376263.92615066026,1.145331877330659
128,500,238566.68767741666,137485.0159166273,1.7352195516498072
128,500,451240.290785422,397230.68503874034,1.1359653415027955
4096,900,111282.96663877244,98493.19746382898,1.129854340241522
2048,200,43443.12196428912,42449.62169222391,1.0234042196952535
256,800,154403.48191861497,80497.93260577711,1.9181049366171408
4096,600,244658.15832931607,176029.45060286677,1.3898706011488946
4096,400,94802.7448920907,79751.87253871835,1.1887212409472314
8192,200,35070.51635343485,33777.42846023225,1.03828260326937
128,500,240882.5954976989,191838.26713108574,1.255654563086209
512,100,38082.9808749703,34799.95086686327,1.094340075957784
256,300,55523.39124196893,49018.24004301976,1.1327087874481023
1024,1000,127523.9153995909,114821.68959577374,1.1106256653123199
8192,600,54557.79175704859,51390.42881231599,1.0616333239074573
128,500,170083.0905483268,61680.22166788071,2.7574980431189937
4096,300,100799.90924822855,90816.35802465858,1.1099312000692565
1024,300,61476.91143014272,38974.3570065928,1.577368201860096
512,500,67970.99536779907,46739.25085036305,1.4542594100493824
128,100,92064.88296854535,79666.29941065735,1.155631473403538
1024,200,35543.84361380045,31597.04570368141,1.124910345958679
128,100,106529.4785735353,86344.56797589775,1.2337716323193832
512,100,18208.32215559603,18025.848996841487,1.010122860719987
4096,700,60577.84054435694,54305.257758226115,1.1155059941720038
256,1000,406850.85304386605,360676.80053220456,1.1280205781007493
8192,100,26399.896574234997,25795.138290894545,1.0234446614133457
1024,400,130910.21688409134,120580.49917854788,1.0856665694363055
1024,500,337738.9171127101,294175.952031181,1.1480847254194038
128,600,186786.81975225845,72089.82396634229,2.591028934117894
256,1000,364471.89742783667,337560.13371898624,1.0797243543316464
8192,600,426287.7737443414,384293.30760192865,1.1092771206567897
512,300,158326.0025861905,152291.4081616464,1.0396253110887177
512,300,158562.32992316075,149334.56515523556,1.0617925579274483
2048,900,126583.68642118742,93516.63477761437,1.3535953974627892
8192,700,217648.30229700872,196511.4844004837,1.1075602169563226
128,900,309777.5786059259,115026.20169640075,2.6931044756528637
1024,600,326654.628948413,293953.3753188842,1.1112463961131729
8192,800,103768.77184938791,85014.05051425601,1.2206073139873146
2048,600,152386.07196373586,117371.70634790494,1.298320325275359
8192,900,164556.41368702956,104076.3163198519,1.581112970806034
8192,500,109224.66023802142,94363.66759019131,1.1574863824959558
512,800,213509.3340807187,160684.38796188083,1.3287497110881086
128,300,105835.70503987922,43604.935902248806,2.427149652900213
8192,500,486027.1190443503,460914.78976229916,1.0544836699534028
8192,1000,91587.90466063515,86987.76066371784,1.0528826579948507
128,100,41683.67255453676,26954.953098281032,1.5464197768236891
2048,600,79826.16176204053,77108.28352064782,1.0352475521085218
8192,500,236478.70254450705,148541.54886328193,1.5920037481375848
512,400,44429.55767058136,39862.62562986046,1.1145667644456387
1024,300,40294.23744931926,35991.92882026974,1.119535372792429
2048,1000,310312.51616064063,296829.78369162104,1.0454224380765877
512,400,78283.21146007036,69277.55617341686,1.1299938361582846
1024,800,134333.2342367805,106129.46677926577,1.2657486965064524
8192,1000,304113.1864948947,290785.40374703397,1.0458337405389684
4096,500,171148.9056211831,116888.71562031504,1.4642038345011787
2048,300,63117.494708568396,49207.11959862682,1.2826902940754483
2048,300,63324.318110146174,44764.909406981445,1.414597258187911
128,100,50235.35912107829,34613.82990507125,1.451308891817208
1024,400,68370.11629580572,49433.43537060026,1.3830743460016084
512,700,413684.3199242076,354726.0303720126,1.1662079591124552
512,200,67381.07851621007,58499.092790372,1.1518311704023536
1024,500,133980.3486657617,126547.99516819877,1.058731499362628
8192,300,48095.24153174324,32771.91940534239,1.4675747531559862
512,200,37019.06903253115,34996.58017287243,1.0577910427152666
4096,800,109036.83668127678,81153.62654491312,1.343585509649802
2048,200,20891.538077482033,20091.500334061056,1.0398197113266188
256,700,250492.6051739133,230923.35906691285,1.0847434672095257
128,1000,284903.55912905413,115278.94675509605,2.4714274995443573
4096,700,160509.62651887152,131806.90107522614,1.217763449481783
4096,100,29026.127936857818,28071.45857803146,1.0340085413151092
2048,100,51081.39582345797,49616.377239482084,1.0295269156170899
4096,500,108254.69952737102,77409.48417035426,1.3984681681786693
2048,800,135095.37792422803,125793.44799209914,1.0739460606303846
128,400,115497.32599837314,55074.503650447594,2.0971106109539033
2048,400,168397.28098039224,147310.70283031533,1.1431435581049816
2048,600,326609.46336534794,293953.3753188842,1.111092747314223
512,500,77386.27757956037,70064.77794083822,1.1044961513316196
2048,1000,183848.53050174413,154165.75979263845,1.1925380236767922
1024,900,77064.48147255862,68636.81596996175,1.122786370310143
256,700,158818.42689233838,104104.47595405938,1.5255677091388837
512,600,66682.15246404504,43257.53631100339,1.5415152630198024
256,700,216480.36557213802,187460.48579103957,1.1548053162171288
128,600,198815.3205145348,160812.79852705298,1.236315282959825
4096,100,29753.919929755306,28184.750351922674,1.0556744181956392
