P,n,Paper,Min Time,Time opt,mtsa
300,200,1532894.879288909,1358888.6619952223,1345577.0768288777,1.1392100130759386
300,200,1610547.597039487,1477274.3043509838,1431499.9221899556,1.1250769714158408
300,200,1545581.859553017,1430685.0305517658,1353930.2813691243,1.1415520288017271
100,200,4602222.346586064,4036731.230486634,4036731.2304866333,1.140086392630916
300,200,1560994.911294049,1473668.6074237386,1369567.9149102308,1.1397718173007618
2300,300,313267.6863153485,401512.61641838343,273121.53602151095,1.1469900575349563
5000,200,95947.701196209,104522.67241863652,80734.62460973267,1.1884331123110514
300,200,1369499.8724059477,1247764.200957948,1185785.1301919143,1.1549308871703425
100,200,4807979.055048153,4294499.76656987,4294499.766569867,1.119566728696883
300,200,1499780.610871175,1316313.942583795,1288690.0866561602,1.163802396247762
600,700,2673135.9954183344,2638241.162657084,2375402.4162035296,1.1253402695828927
300,200,1528639.7040199295,1329833.6415248178,1316282.2744100273,1.1613312233541118
2300,300,304532.9265216395,439405.6791814875,259321.6819770739,1.1743442515098397
5000,200,149340.59245252298,149191.2126808406,115155.9162563489,1.296855579005385
300,200,1656656.7618649523,1508738.4064206083,1444386.097875774,1.1469625499036304
300,200,1517965.3393289675,1356248.5855308254,1337023.7404434013,1.1353316275637408
100,200,4694883.25032129,4061790.844107374,4061790.8441073727,1.1558653388399784
300,200,1661992.9652579457,1474577.2719747028,1418009.510629458,1.1720605206097545
5000,200,161270.18883283835,166917.72866638683,137320.72161632078,1.1744053405387227
2300,300,317032.49652680254,449654.8703296138,274818.51629007777,1.153606754037515
2900,800,657856.5299332619,961295.7017249326,563328.2889225034,1.1678031138673435
600,700,2683925.907892298,2638917.479129955,2356672.5528580695,1.1388624629405344
1200,1000,1971874.8354891273,2150793.295169951,1705770.4806317685,1.1560024387095744
5000,200,159135.80193611924,176078.52251917977,153927.2635835206,1.0338376596279353
100,200,4847199.218694425,4108703.7447306933,4108703.7447306924,1.1797392851482258
4000,200,118203.2145635187,146967.72846515803,100918.28076216583,1.1712765385102852
1300,1000,1807091.5477925506,2065072.1825474063,1574557.3667370172,1.1476822540530347
2300,300,316488.2588166615,467761.29935911694,258786.04698783005,1.2229726544396924
100,200,4149464.551694008,3557355.3905757433,3557355.390575743,1.1664464457745491
3700,900,562565.3423084777,791343.5237381011,486656.9266611877,1.1559793182603517
5000,200,126752.03224029047,135628.8210618879,112828.85828240226,1.1234008228908914
4300,900,487891.0733336515,548913.4021954684,418751.3089875336,1.1651093688836116
100,200,4434469.15933059,3866070.259968482,3866070.2599684806,1.1470223925435703
600,700,2679533.2560254233,2604746.8860207153,2357826.1046468546,1.1364422722882495
2300,300,327440.10648382356,458688.1246506532,263180.0535534393,1.244167641364721
5000,200,115119.59954977054,124886.16852692544,89579.42667687622,1.2851120376670953
2100,700,789063.3245771242,1075721.1606702304,678686.4046295799,1.1626331678292376
100,200,4575585.39451971,3948846.8232300817,3948846.823230082,1.1587143283458556
5000,400,207037.08020392765,212910.5763911046,158105.8717776285,1.3094838153457042
2300,300,295091.1985669392,399870.40762450284,237585.14725203265,1.2420439660476905
5000,200,106592.14565246938,115924.69303427763,78976.93646460163,1.3496616914261443
4000,200,165919.23424127747,209033.18189058054,115155.9162563489,1.4408224921064778
600,700,2598083.6267406363,2502808.4571411777,2296684.8276398308,1.1312321113779185
100,200,4856096.061868547,4333158.293627319,4333158.293627322,1.1206828213523374
2300,300,303574.386222026,433914.11386438634,260292.69812405587,1.1662808384941403
2900,800,644790.1175492592,985459.5949517946,566429.198302477,1.1383419489701816
5000,200,147125.93578195243,156060.5090184797,115640.3076979828,1.2722720884330443
1200,1000,1854223.9264210055,2204356.55264874,1637795.716049949,1.1321460352167974
1300,1000,1723716.1632675515,2045755.4819543005,1511811.4301999528,1.140166113864857
100,200,4559399.820100369,4011071.2213302064,4011071.221330204,1.1367037802406115
2300,300,304308.99651620333,442164.6968214145,263730.91147804697,1.1538616949023592
100,900,20187901.299866006,18006306.286463957,18006306.286463946,1.121157275606383
5000,200,116374.18509613267,124265.44098496629,81435.57132645712,1.4290338141008971
600,700,2734135.091253756,2636922.367715045,2399621.5262866863,1.1394026355000721
100,200,4882906.605480214,4254028.531888374,4254028.531888373,1.1478311837538804
2100,700,775563.1438880109,1051116.030260363,673335.0151023057,1.1518235744359333
5000,200,138705.40927960866,160552.2782913906,124828.15119872103,1.1111709013361548
2300,300,318774.12870662624,416562.6226967317,262822.37453580817,1.2128880932212829
3700,900,614328.6803363467,868485.3940788469,500419.1899592599,1.2276281418911221
4300,900,543465.4078752893,647617.6584315859,430593.2564765724,1.2621317210639085
600,700,2688581.370521264,2621792.2799561545,2389037.123545461,1.1253828347929828
3300,200,143172.64357861775,185313.4962520877,122325.18880262524,1.1704265080647487
4000,200,181663.2397695601,227184.2386103574,137320.72161632078,1.3229120676858515
2300,300,317565.46004334907,429832.8776187029,269017.07130385336,1.1804658288196908
4900,600,302812.0028257774,332312.8881821123,248189.58464162383,1.2200834425144238
1700,800,1120805.6162108253,1371808.6724442884,960971.7869854468,1.1663252047458903
3300,200,177452.2275024867,259224.71246608192,130136.35656272323,1.3635868729501284
3100,200,150978.01977776043,196034.64230898969,130217.13646731075,1.159432804880189
600,700,2721243.1495445347,2727466.038478742,2415094.8537994414,1.1267645017186216
2900,800,666055.8220107874,969190.815130465,564549.4661094755,1.1798006410329829
1300,1000,1743486.6879219087,2080208.45534589,1518164.5386384798,1.14841747620156
2100,700,771586.7309597332,1042524.9613962586,673664.6013276727,1.1453573921489617
1200,1000,1874538.3390765607,2191559.704305322,1644678.2501916864,1.13975991283285
3300,200,186918.245409186,277595.82497198926,137340.04259498307,1.3609886954848955
5000,400,208695.3141923143,213668.19174260346,152256.53581621867,1.3706821390197665
3300,200,176611.36032648507,287975.9210481459,154082.1067420537,1.1462158978793509
600,700,2486015.734945748,2436067.697148548,2190411.3059252594,1.134953845527026
2700,700,634467.1667651609,866749.6769309839,527867.2036007843,1.2019446603941624
3300,200,152144.3001749813,247654.27743752833,112828.85828240226,1.3484520050196325
4000,200,168751.76673832745,227026.47415720983,153927.2635835206,1.0963084953872588
3700,900,581656.2646526651,821029.9652043353,491290.1643917859,1.1839363105767686
3300,200,154278.74735093096,201655.75046483983,117153.64424146911,1.316892430874298
600,700,2571002.8229675842,2507598.2948070457,2259028.455160982,1.1381011235577245
4300,900,505097.4371803682,570916.9851915106,422738.04843014135,1.1948236953263907
2100,700,758645.8035206576,1031626.8146307981,656195.6650399517,1.1561274234788923
3100,200,182760.8727411159,262533.2970160882,138532.2505345118,1.3192658896102005
2900,800,613051.2238476613,970023.666363681,536330.617409751,1.1430472248786359
3300,200,144979.5780982669,195581.2349471003,119662.02494636612,1.2115755032830875
1300,1000,1697448.8222641102,2020669.353720421,1486570.34921987,1.141855697010845
2700,900,768635.5450726552,1020070.8120515322,666900.2328319979,1.1525495227504081
3300,200,179947.8218432434,252786.1924227116,131307.82707961582,1.3704272307707577
1200,1000,1849667.0090041358,2146124.391852387,1610451.2116548591,1.1485396115188518
100,900,20734986.617872577,18515510.028492626,18515510.028492615,1.1198712099188475
600,700,2587242.821845606,2505408.970863352,2293280.059421734,1.128184414814995
2700,700,601550.5907165167,860267.3498512069,523705.0117462377,1.1486439450153654
4000,200,139931.22058061507,179057.6865130901,112828.85828240226,1.2402077155684552
3300,200,154511.8386454317,221896.35575666899,121547.61276758194,1.2712042229976372
3300,200,177239.3474585768,257165.1362752085,128909.95551176889,1.3749081423148555
2100,700,801172.7282019315,1088442.496282903,685606.1503676246,1.1685611743306847
5000,400,225581.1331414686,229271.80205767645,158155.89856663288,1.4263213398040206
3100,200,194483.09824640965,273486.4816104129,137386.0010519413,1.4155961797947794
3700,900,579408.3065061634,896037.3567331748,490315.53024022706,1.181704985404574
3400,600,435129.3716620444,627826.0678832937,357684.9896305755,1.2165156052856874
2900,800,621028.2328120001,963312.5639133496,541624.0851565589,1.1466037974151189
4300,900,521144.8795180437,578750.1291553809,421899.40974159073,1.2352349102295257
1300,1000,1788824.6371463195,2138137.944613652,1551977.462538233,1.1526099317323377
2700,700,608343.6286098317,894213.1308596734,523961.35658818984,1.1610467469797825
1200,1000,1929806.073005368,2180136.0065556406,1681308.9177497523,1.1477998199094797
4000,200,135193.46028680468,173310.68845126245,96651.75649921202,1.398768787899958
1500,800,1253286.6853986965,1527610.595155168,1089101.3585835064,1.1507530272744593
2100,700,779458.9910573218,1071684.2819498284,682582.0352987031,1.1419271981223833
4900,600,338781.5015419183,363463.1838884415,249621.25622125002,1.3571821032806668
3400,600,434387.33444531844,647476.4173850697,359748.2810247427,1.2074757750279348
3100,200,180986.27255218299,318860.3759560036,154172.62620376144,1.173919631575734
2700,700,615862.3996015148,821065.1732391579,510374.4061421846,1.2066874674549068
2100,700,801031.5332858866,1137620.9547960116,690027.1010855547,1.1608696702284578
2900,800,651312.8095089298,958857.7969965996,554186.5645648645,1.1752591115598892
1300,1000,1774990.1634711653,2072741.8742231806,1550148.9404405733,1.145044916114118
1700,800,1093840.1546957735,1420056.09317408,966261.5735748138,1.132033172600423
4000,200,123850.3084412934,154405.4795033303,98721.17058075205,1.254546595352475
3700,900,563673.3644263115,783686.8731170914,481669.9410208375,1.1702481646076528
1200,1000,1926675.6226522487,2165678.947056384,1679328.018810621,1.1472896307755354
1500,800,1257683.6299838575,1497929.1953053584,1095096.4500514558,1.1484683654346266
3400,600,428330.0409821024,658703.2595289906,340616.91486824735,1.2575125376488805
100,900,20536264.55220817,18177736.082496088,18177736.082496077,1.1297481963104963
4300,900,477359.3349870645,579303.2389755283,414460.1818086277,1.1517616310062804
3100,200,162416.18352888752,265535.6387182886,114753.3996959917,1.4153496450577112
2100,700,705605.5788437992,1007921.4033073969,625831.8016929313,1.1274683979546463
2700,700,617745.7054814297,903383.5218890344,533249.228063708,1.1584558832359466
5000,400,206830.8335634756,219286.38372523824,156147.89135929712,1.3245829435349643
1500,800,1246179.3739720308,1533102.744134923,1091462.301144986,1.1417520996050352
4000,200,160294.02780262157,183022.60975490455,115640.3076979828,1.3861432141918946
2900,800,659037.2616160329,1013209.1461465203,551926.3489714816,1.1940674020078101
1300,1000,1775265.7568986763,2040050.2173002115,1545823.8933273938,1.1484269097933322
3400,600,473433.42598847044,743242.1404337145,368736.560300065,1.2839340520050597
1200,1000,1913344.21950027,2152498.6239741077,1674642.5511046767,1.1425388768714457
3100,200,167814.48020489138,214817.20450502698,124711.94386995098,1.3456167468601687
2100,700,741934.2201134225,969356.781254879,645436.7014745662,1.149507331111475
3700,900,560939.4296637827,771707.895706375,477359.18892391236,1.1750887857176924
4000,200,141268.79975484574,187002.78810250387,100276.7805332551,1.4087887445488572
2700,700,610281.9760798534,866242.4717574486,530897.138565658,1.1495296014001355
1500,800,1191491.2583491553,1472286.1103256138,1036905.8603255186,1.1490833487768188
4300,900,501322.5428986774,585736.1981292042,410750.9300042967,1.2205025144883623
2900,800,646942.6409438475,1001477.4532381694,565294.3679770035,1.1444349662619768
3400,600,425335.93493440317,617204.9690418637,368893.23904042644,1.1530055038167595
1200,1000,1947661.9041657525,2163185.2729685134,1695613.7491074488,1.148647152213161
1300,1000,1779187.0698977797,2003711.7661357115,1565181.9222530297,1.1367286093725748
2100,700,750542.0823828657,973666.2781234568,655222.8741204954,1.1454760082823987
3100,200,150746.75674983562,208793.29049228074,127382.15558806715,1.1834213046082038
4000,200,149183.07783920513,197402.78622611568,124828.15119872103,1.1951076452435165
2700,700,618601.4691702964,969744.9678453038,536687.7452887647,1.1526282733313729
5000,400,220827.86596564087,243006.47741602795,176977.28425804104,1.2477751983337233
4900,600,334722.6814840304,374147.45626467076,277514.5116622374,1.206144786732526
1500,800,1196888.2121812922,1475010.9277985804,1047139.8979693472,1.143006979776382
100,900,20571211.218800277,18141674.618888363,18141674.6188884,1.1339201948524829
3400,600,429973.06567797397,582475.111393873,361776.45703894587,1.1885048275313466
2700,900,809322.1635772901,1163938.8122794712,685759.6306849116,1.180183445282378
3700,900,576024.4070926271,801036.0233190989,486828.7006925303,1.183217847002884
2900,800,635817.9825129544,944632.6334073651,550197.9131162504,1.1556168559632713
3100,200,198143.4283857001,259657.7196547223,139779.29979442974,1.4175448630598748
3200,600,449491.8955523763,640099.782240216,380040.3014824865,1.182747971199287
4300,900,511589.8983920895,574510.9695835161,418899.11454938655,1.2212723317460608
2700,700,561762.4928888635,912163.5999034755,486758.067983391,1.154089741575751
1200,1000,1982412.7254319624,2256132.082884075,1717837.764350066,1.1540162677597188
1700,800,1119969.82969437,1414776.8519202552,963054.9715985169,1.1629344769752858
3400,600,408708.90090076585,608241.5531145026,356691.2374202653,1.1458338698105208
1500,800,1221214.534055541,1544712.0901210434,1071427.358158738,1.1398015224795215
1300,1000,1820075.7494442596,2115993.478399762,1585696.3978615995,1.147808465667661
3200,600,448992.902513991,645373.4338354075,382232.5485887891,1.174658997962582
3100,200,163311.16134397069,202534.48338597658,129389.39423645819,1.2621680649151252
2900,800,641458.6273298521,872897.870092244,557266.0675789533,1.151081439637396
3400,600,425697.9615223709,625951.6943633027,351313.4787147712,1.211732504769599
3700,900,543922.0044119104,712271.8340234677,473774.621208434,1.1480606602028511
1500,800,1220202.873011061,1513936.0937672982,1067057.608011531,1.1435210843816739
2700,700,575608.6456566826,811418.4214380143,502006.3233691071,1.1466163250566435
1900,400,480561.87931838585,657369.3768654712,416068.08362533816,1.1550077937511862
4300,900,469559.18099225115,533691.6596161355,407666.53452818736,1.1518217494494494
5000,400,203244.92426007037,229393.03117957828,164036.66734564953,1.2390212965726939
1200,1000,1836830.2490235188,1984614.2335469984,1594022.2616407876,1.1523240880794223
1300,1000,1673932.8857979986,1844536.5387333117,1471405.164591496,1.137642388432645
3200,600,459409.6459270258,730429.0691493553,361905.4720475128,1.2694188991613593
1400,100,166826.63834658946,187438.9498027876,144926.73419637198,1.1511101748870134
1400,100,165497.64715639566,241960.5947284614,141508.4952514703,1.169524464678216
1900,400,456790.784443153,587691.3729831724,400675.0942532071,1.1400528532838718
1400,100,170038.37643032556,244511.68705015743,145347.42006270273,1.1698754360894137
3800,200,127062.97447859058,156762.11027116695,106229.76922333245,1.196114567579069
3100,200,176849.70323007423,263194.7226768153,137226.72683510883,1.2887409567275931
1400,100,182443.80438131778,227698.92865378238,145397.99961034767,1.2547889576902655
1400,100,177651.96967339062,187776.8295984786,149159.88522852366,1.1910170713876256
1400,100,174402.85473879692,196990.98628371986,131769.40543605556,1.323545888073619
3400,600,442580.5430239774,646878.1416187489,356654.9445413792,1.240920810990268
3800,200,166561.9361421054,231226.07781500308,115182.92901775395,1.4460644260611921
1900,400,483355.2020786064,636657.0534759556,416199.7330700866,1.1613539454077715
1400,100,181298.2570885335,244888.9822241624,145479.3921411272,1.2462126382316678
1500,800,1262421.9931394318,1581572.4915432578,1092902.44475554,1.1551094969156281
1400,100,166734.32553802064,184554.690163,142051.47497292983,1.1737599033716088
100,900,20054477.608656242,17821787.817771,17821787.817770988,1.1252786652896254
1400,100,165759.8288840336,207505.28953856314,134779.12549066052,1.2298627720026265
3800,200,165941.4954768884,242311.86233040513,137320.72161632078,1.2084228332307716
3200,600,501589.62710595236,769850.589321165,391782.59531881905,1.2802754208562435
2700,700,582808.8701682552,800401.953346624,509617.7909826076,1.143619552693649
1400,100,185814.52782309143,271340.7596012469,152346.24603351613,1.219685634933284
1900,400,478471.48495024006,601738.1377207615,410915.5035770977,1.1644035836687947
3700,900,575838.5860605284,782514.8771740588,481278.6706176894,1.1964764308409463
3800,200,166727.52024499714,237081.94370475132,153933.27205448702,1.0831155475340082
3700,200,129355.35044552805,175337.25615695852,109100.8440672063,1.1856494012626055
4900,600,389699.8862007852,411628.92356665933,314954.4837664354,1.237321283826458
3400,600,401095.5858838787,571317.8075945543,342683.448994969,1.170455086349289
3800,200,138662.1923878411,219199.36943772138,112828.85828240226,1.2289603431134606
1900,400,511720.1372784832,707156.978537045,437093.7950462507,1.1707330167529282
3700,200,162868.56337060127,245247.3987318906,116067.56125864504,1.4032220682888723
4300,900,517915.077207182,578081.8251487953,414123.5072756862,1.250629505710239
1500,800,1205936.9124650038,1441301.0198515547,1063715.965358084,1.1337019953997243
3800,200,143225.83635555126,194177.16472808996,101738.69105180212,1.4077813944217663
3700,200,188113.83685637615,247621.5643539615,137320.72161632078,1.3698867486436113
3200,600,445300.6222234675,640093.0395955564,391949.06648045307,1.1361185937297675
1900,400,502780.7228204174,624364.2946652937,431675.44038328825,1.1647193140614953
3800,200,128893.30140330203,162670.44264674027,103917.02166394952,1.2403483023226134
3700,200,177464.02312466153,247774.84840824563,153939.42557382103,1.152817236150848
5000,400,218311.46341949244,232881.28794772588,171534.09013886217,1.2727001568187557
3800,200,166915.8546176419,215135.35120748854,115640.3076979828,1.4434054867233246
3700,800,546300.0092602667,768729.5762989579,441527.5778041242,1.2372953281360441
1900,400,464462.17508375534,637346.533922469,402321.74123116117,1.1544545757393962
3700,200,144361.64734783693,209125.99945387582,112828.85828240226,1.2794745027598386
2300,700,723609.1706855263,972600.331634888,619670.1955313554,1.167732732514342
3800,200,143240.145256923,186337.00074165294,105554.50582447906,1.3570253978083073
3200,600,445599.2708779573,619997.0903746214,384387.48560387996,1.1592450003358263
1700,800,1043227.973809117,1371637.2338399852,914916.93558134,1.1402433742755542
2000,1000,1164425.9907518523,1524309.9793317886,1023462.2883790612,1.137732190011658
3700,200,146463.7986000549,200016.56334623805,104488.38540455353,1.4017232444829424
1500,800,1254898.2266946838,1419193.1635519362,1077381.0639859764,1.16476729417533
1900,400,484051.96780406777,646100.1058019691,408207.4787818443,1.185798871810373
3800,200,165789.09200564295,228947.8678818201,124853.127638188,1.3278729587462423
3700,900,571148.324658303,810515.8678937188,492010.01654299366,1.1608469450913994
400,300,1781143.7895366922,1669504.0882969701,1570448.832123688,1.1341622554668562
700,700,2327417.677557881,2341690.5874712365,2036059.2138887395,1.1430992093361891
3700,200,132186.4545219794,165110.49072788144,106725.58981702923,1.2385638228713505
400,300,1679557.2585185221,1571735.7067438322,1491099.671368175,1.1263883231745506
400,300,1800221.2652964473,1651409.4150787974,1580206.468667947,1.1392316769934274
3700,200,175848.54033357717,215732.2491289209,117112.38631425194,1.5015366509714554
1900,400,481195.0634694863,634578.2591295121,420668.0887967952,1.143882971598373
400,300,1674962.7209714702,1586345.7799879254,1488019.7701800228,1.1256320342899953
4300,900,495434.3927970177,597307.66782379,423357.4560951341,1.1702507790147127
2300,700,704653.9061206183,989851.6691981535,614784.1442238443,1.1461810014801752
3700,200,134085.30193074222,205118.0817045209,108407.33030622173,1.2368656395465794
400,300,1717220.7305507134,1610436.3131587694,1513285.307932276,1.1347633665307244
2700,900,774690.8090005104,1129020.5997276776,673249.4845368918,1.150674195515199
3200,600,431725.0833935494,651155.2031496499,378984.4397590318,1.1391630845531586
100,900,19876543.611690573,17662289.990184743,17662289.990184758,1.1253661684150988
500,400,1784427.2687770873,1702325.785620875,1581058.717776285,1.1286280823819337
400,300,1548080.4145797486,1456267.420450133,1366114.5966991878,1.1331995268334205
1900,400,511597.36769185675,690017.045346018,439429.1535368208,1.1642317392329975
3700,200,161302.60225917722,215239.27989807827,124878.707025026,1.2916741861112622
500,400,1707108.9551512115,1647708.0435212653,1522565.3581621868,1.121205698001548
400,300,1686800.9331110206,1572657.5166396291,1496683.0142133213,1.1270261752770865
500,400,1787741.4935611244,1681178.0215032836,1581558.9856663288,1.1303666254394733
400,300,1691834.2809755923,1599866.2087655477,1516452.74099877,1.1156524929760172
4400,700,402466.26417539857,459549.1714388841,323918.5113004813,1.2424923248738102
2000,300,369957.1492581115,486370.3532170229,314089.7664247376,1.1778707516303653
400,300,1716961.283693667,1572491.8566936394,1511228.6535808968,1.136136004055562
500,400,1768889.4626559184,1673143.3050849736,1561478.9135929714,1.1328295548901741
2000,1000,1129736.0800590073,1606956.763720805,982677.4296299694,1.1496509902383871
400,300,1778164.90386178,1615341.2134299397,1546848.1599971568,1.1495406917412296
2000,300,346857.3767205042,504207.9593349005,298219.934273635,1.1630925262100065
500,400,1897666.3078573216,1803927.7797214948,1660956.4211757525,1.1425142066725673
2300,700,714264.5059017228,993947.4505782665,615085.0707774403,1.1612450697249472
5000,400,204664.5018554114,218799.79246643963,162289.93398920793,1.2611041043927056
600,300,1206400.0397492724,1145233.6440791765,1046965.8880824585,1.152282088157448
3200,600,447922.7240372872,691850.2665695953,373270.5711344444,1.1999947455701099
500,400,1853860.4728545567,1772503.9491357894,1640366.6734564954,1.1301500468478785
2000,300,365034.8336904036,484743.47844533814,316041.2937335894,1.1550225901749214
600,300,1136027.6848480746,1112143.5881930222,994066.4475787833,1.1428085995811064
3300,1000,725548.7513343185,1016081.1963692767,620280.1747751886,1.1697113350386912
500,400,1712230.3699283565,1631799.3224393574,1528822.6166784125,1.119966666668252
600,300,1215360.1922880737,1164337.306272664,1053470.9791119648,1.1536722096631227
4900,600,313017.5201304561,334882.2835234648,255966.73729335712,1.2228835802665816
2000,300,355305.53132471483,507092.9107421952,297603.95403600455,1.193887132567229
600,300,1132681.3804934598,1111373.9573914474,992013.1801200152,1.1418007373212786
700,700,2287251.47622949,2302487.5342576043,2020005.0453069168,1.1322998828856727
500,400,1755841.6900134468,1708670.2683851465,1551188.4193710084,1.1319332120371446
600,300,1149099.9504198292,1123445.3864626188,1008856.8719548507,1.139011868148582
2000,300,365113.4863517394,484461.2730624505,302657.0615864552,1.2063603751318495
4400,700,391050.3515935427,445505.48785835534,321364.43902610044,1.216843882224886
4500,900,472427.4536101027,535448.2895656297,400140.1396991988,1.1806549924365128
600,300,1034166.1380697452,1029216.7928953181,910743.0644661252,1.1355190925071388
500,400,1815114.0295936526,1717697.6774883335,1598538.7374278216,1.1354832930194223
2300,700,695774.172627431,925209.8863614743,599135.172427782,1.1612974911956075
600,300,1146110.760508251,1094221.8470442074,997788.6761422141,1.1486507994252848
3200,600,465098.37294201844,668314.1754888911,378945.8785752154,1.227347753960868
2000,300,338812.7424215778,450507.56905564456,273222.91933983756,1.2400597403769005
500,400,1888207.5127262154,1799801.4066340472,1669830.783439919,1.130777759909559
600,300,1141597.2070371911,1101146.108813794,1010968.49399918,1.1292114579370038
2000,300,354100.655180868,432629.9289245356,299336.60284266423,1.182951405936108
600,300,1153266.7883145148,1093006.1837763414,1007485.7690539312,1.1446978446132074
400,500,2851979.8083356144,2708045.01306133,2553729.6590320794,1.116790024444709
2000,1000,1129411.2618289026,1603709.0843514784,986806.9501150118,1.1445108505744415
600,300,1163341.5040837552,1126567.2705887235,1031232.1066647712,1.1281083051673542
2000,300,353227.84157919715,477751.002678427,303290.548199754,1.1646516638116706
400,500,2798753.6875273646,2631827.5843034806,2496256.3351045055,1.1211804044996825
1700,800,1058809.0366975449,1291749.5340046706,923946.9687964828,1.1459629962060822
2300,700,721030.2031162413,1007644.2761823589,625988.2242487008,1.1518271034277172
3300,1000,711515.6778689869,1113026.7036606532,595562.0785636178,1.1946960753193472
2000,300,371055.32945859944,463377.9672966937,302245.73071617936,1.2276611106445536
400,500,2762968.3725754656,2543844.3123018974,2442395.1812655283,1.1312536127523114
100,900,20206502.64302002,18012661.92562361,18012661.92562362,1.1217943647893365
3200,600,417505.38093383086,579847.955539057,364101.1645571545,1.1466741158096276
4400,700,385866.23872428195,440014.4566704804,321521.7415427529,1.2001248714092734
5000,400,213896.50986760773,239698.0220563619,167923.72650942532,1.273771814822142
400,500,2981176.4940941753,2800922.2305522817,2606939.1337576546,1.1435543145179201
2000,300,355083.06554022944,465304.167103139,309369.63199943135,1.1477631571184146
4500,900,519507.64355653914,586376.937975739,411455.778410947,1.2626086953083786
600,400,1510015.6662503171,1442976.3861630985,1317548.9314802375,1.1460793828384404
200,900,10132120.936159875,9047423.906899322,9003153.143231973,1.1253969331596445
400,500,2860950.5719068586,2653730.0416627503,2482361.0857191407,1.152511851867852
700,700,2291359.285304097,2322704.0163110867,2020993.803983018,1.1337784810563183
600,400,1454930.516955273,1415011.9758774717,1268804.4651351557,1.1466940391010452
2300,700,715909.1922891958,997153.9746126349,623227.0757075116,1.1487132382309737
400,500,2797063.630706611,2578187.0095660225,2462851.685660068,1.1357012064479926
3700,800,524164.87184011634,742543.7094977624,443958.0202911307,1.180663143547647
600,400,1494036.9953127843,1453965.2115422857,1317965.8213886074,1.1335931259117695
2900,600,490134.9742758063,731750.7722312947,419354.81542895065,1.1687834650818445
200,900,10385470.936881628,9337281.176500868,9257755.014246307,1.121813109214916
400,500,2895788.610337659,2710325.936234654,2582551.7853326993,1.1212896588498056
600,400,1482055.4536659871,1429018.6049273137,1301232.4279941428,1.1389628953150084
2000,1000,1104737.7849471003,1558689.0425257375,966270.7269929155,1.143300478930063
4400,700,391354.2657095234,438615.96715916897,313184.29467815877,1.2495973532507285
400,500,2898209.069788365,2702519.402671575,2558955.892193711,1.132574843759352
600,400,1575962.2885452409,1591129.1823164087,1384130.3509797938,1.1385938379500555
400,500,2779315.4188792408,2611657.2208307134,2454242.936351956,1.132453261945812
600,400,1569000.730128606,1501366.5271648741,1366972.2278804127,1.1477926896594328
2300,700,745850.418459356,1050383.2671320895,630024.7444694195,1.183843055382658
200,900,10194746.94407132,9183455.365186227,9088868.041248038,1.121673997004299
4900,600,299589.8694127314,352983.19127174217,251028.56202702367,1.193449330998757
3300,1000,689778.5286988053,1077950.8887060655,598064.8182515223,1.1533507868184145
2900,600,491742.89478115685,783689.6541704325,421773.8467186638,1.1658923344983136
400,500,2841358.2675538003,2760639.8596448246,2516604.844986073,1.1290442650202894
200,200,2321892.7019311073,2023855.849979594,2018365.6152433166,1.1503826087778453
600,400,1454272.9991227752,1407358.4900257348,1274018.8472320104,1.1414846823360525
2700,900,773299.2811495493,1220037.9181604714,671913.8747736445,1.1508904789472605
4500,900,483266.4468172183,532571.2238495297,403949.69072213507,1.196353055632472
200,200,2484180.8863417283,2171884.4002980124,2147249.8832849334,1.1569128053886988
200,200,2302894.363912916,2066379.0070184288,2030895.4220536863,1.13393055048801
200,200,2319740.2276772107,2112330.10699685,2054351.8723653462,1.129183495233609
600,400,1480865.74712705,1461867.1009581133,1292657.016142507,1.1455983517934152
200,200,1987816.9385173242,1813924.7796369675,1778677.6952878714,1.117581304237137
5000,400,218591.2848837051,244193.07613616486,184114.18593069012,1.1872593291969036
200,200,2241485.654834381,1946463.6966316872,1933035.1299842403,1.1595679871853417
4400,700,418078.0005856971,449966.50477380847,327221.1172209118,1.2776620413023239
200,900,10178256.840516109,9186537.567785153,9070837.3094442,1.122085700943937
600,400,1518092.5038713468,1470328.7017471727,1332115.6145231847,1.1396101714600277
200,200,2287543.3253735765,1980843.803862343,1974423.4116150409,1.1585880272268498
200,200,2434342.797368267,2201380.398699734,2166579.146813661,1.123588215527875
2900,600,474638.1812455155,760182.948074909,399343.9691558762,1.1885447581662354
2300,700,649450.9492838114,963183.5751964988,571411.6450239808,1.1365728279068508
600,400,1579461.0864948155,1531988.7828349243,1391525.6528665992,1.1350571103314278
200,200,2300319.8577810368,2014076.9105577206,2005535.610665102,1.1469852968694854
4300,100,65987.8952124218,72463.02256832982,47185.44834300483,1.398479775644739
700,700,2232235.583246347,2215591.7151154866,1968586.995119855,1.1339278318814863
200,200,2392725.788382718,2159492.1983639887,2127014.2659441866,1.1249223038570366
100,900,19691051.307879787,17529660.98471203,17529660.984712057,1.1232990372747493
2000,1000,1165743.160278752,1640714.984291099,1008785.3506498515,1.1555908891101456
200,900,10048688.863821326,8992001.071007708,8910893.908885494,1.1276858378710222
2000,500,595137.830737999,800518.0911999925,510745.9318064159,1.1652326404893802
4300,100,84981.15675218523,88472.22363233857,82739.16147748545,1.0270971476464608
2900,600,541512.4516292134,856136.786164952,432311.8293173176,1.2525968870302238
2300,700,673638.2925139049,876094.071046996,589311.7709115605,1.1430932246133592
1700,800,1097986.2933934429,1386533.144509834,945377.0807282982,1.1614268166386876
4400,700,377600.58901557425,450429.1203578643,325777.7895743811,1.1590740716514103
3300,1000,684662.778744574,1054014.5424461018,585618.6224199488,1.1691274022594187
4500,900,484078.53127200314,538905.8831771786,403148.3248641867,1.2007454860071174
1500,900,1388627.3331175523,1631986.219623882,1200420.4190975963,1.1567841658020435
2000,500,563742.0774570925,772012.3451989902,499251.2670209011,1.1291750561215732
4300,100,64051.93739076623,80736.36733229566,54290.25884700422,1.179805341714643
200,900,9920877.601574639,8926403.933855504,8831144.995092379,1.123396525262335
2900,600,497345.98855601577,762299.0372821724,432495.52163360344,1.1499448287405658
2000,1000,1154595.0485569988,1483229.077342601,1007596.8112863727,1.1458899389359494
2000,500,580192.3267909881,732272.7444894963,488479.0362531057,1.187752766713127
2300,700,686635.0599469305,903741.3567261801,598246.972023061,1.1477451488387347
4300,100,83473.11275848407,93917.58351236346,70156.3045836674,1.1898162717355678
4400,700,396824.7137346877,465768.1784632202,329331.11642719654,1.204941452358668
200,900,10134663.43996406,9082524.835941084,9006330.96281181,1.1252821467267042
1500,900,1424035.4168740488,1695602.6597528905,1234367.335232841,1.1536561088644088
700,700,2350889.65572652,2393642.832857861,2056818.451102874,1.1429738266233287
2000,500,616024.7003583445,876513.6442652532,521387.8267515309,1.1815095572837626
2900,600,495366.56703048793,704146.5379719015,424151.7082525572,1.1678994977323691
4300,100,60564.25219864691,78318.86178873395,48563.68356277515,1.2471099339151115
900,700,1819303.3379503414,1908402.3217792464,1583601.610802353,1.148839029677778
3300,1000,734724.8035977116,1117589.352743557,611385.06099991,1.201738234159797
200,900,9908235.22854968,8826431.101148939,8764830.492356028,1.1304537192351678
4500,900,470304.6827872097,524471.6030406351,396039.72928379977,1.1875189482573152
2000,500,568313.8825222246,842491.3928647994,496472.21714382817,1.1447043014646354
4900,600,296329.6663694574,342998.86139655777,247500.04229161263,1.1972913767033304
2900,600,488459.11631530954,691056.8608811587,418189.7266306558,1.1680323193274318
4300,100,86933.34489956182,84117.94759734793,67742.26274582943,1.2832955584276509
4400,700,359920.80647565785,399914.57485513494,298692.4508079899,1.2049879583566299
900,700,1799631.3622973035,1855666.2180726724,1571115.0352387133,1.145448501181118
2000,1000,1157300.5520921485,1522823.2070040433,1004785.530662806,1.1517886322753235
100,900,20152615.862919994,17807310.8128545,17807310.81285451,1.1317046169808238
1500,900,1393673.876870631,1768105.538618748,1211849.0721664052,1.1500391499901719
2000,500,560131.6311884758,782421.3075080372,492570.33713201364,1.1371607036871874
200,900,10009989.375238707,9015927.106803413,8903655.406427253,1.1242561530416855
3700,800,528074.7605043465,780714.5251316212,442484.71668039967,1.1934305086649293
900,700,1801473.1579238349,1883886.6465592855,1571884.0697645696,1.1460598097375287
4300,100,110105.25608218779,115244.07248061767,96621.71431835281,1.1395498088494778
2900,600,480110.5435863327,760468.6178275462,411884.76814835245,1.1656428708075137
2000,500,598779.5745324584,808719.1181639568,516510.3570665398,1.1592789308875762
200,900,10286789.749181258,9180109.57219882,9102185.306045383,1.130145058939758
4400,700,368643.3543253702,428541.34202728054,308049.33479467937,1.1967023222792477
900,700,1747745.6798264524,1816125.7609680144,1531123.218426554,1.141479443844179
3600,100,78006.66176265877,90402.04270890904,56360.396631922435,1.3840687153446314
1500,900,1386719.2465394228,1761795.5414015127,1209444.9745925602,1.1465748964780997
1700,800,1079577.9943033517,1428366.5464477658,941521.4188337039,1.146631369938098
4300,100,71613.15495813271,78256.54917299865,50459.111537190256,1.4192313890693682
4500,900,480363.62745569006,528088.325327122,392495.3331152168,1.2238709276950295
2700,900,767168.9080815222,1137434.249761543,660066.2154729996,1.1622605279559315
3600,100,92892.7161462056,115220.2824779095,82739.16147748545,1.1227176404426467
2000,500,596990.6593641734,797137.675572074,511791.17843874224,1.16647313301753
3300,1000,723849.768556893,1042149.5157654228,610664.7341129532,1.185347258685818
2900,600,493856.7425626306,718865.0776979346,418147.1763588584,1.1810596136581284
3600,100,71870.45445147298,144796.70470847722,56523.996691051056,1.2715034084426586
700,700,2327296.1655113213,2299609.1613517655,2047746.1058961095,1.136515976668347
3600,100,88606.2455115357,136711.03941163665,70156.3045836674,1.2629833631824945
900,700,1836344.6355523365,1937840.2975335643,1599747.6841911243,1.1478964174783863
2000,1000,1166948.555410315,1520122.6079658992,1017368.2494644693,1.1470267093794042
3600,100,73213.59185696965,83899.27058016144,58006.622033314765,1.26215920339097
4300,100,64593.95139181275,76719.25591664454,54138.05797390288,1.1931338841698034
3600,100,94420.79114158555,118720.53979508254,67756.1990911905,1.3935373059298706
2000,500,562862.7159182037,802814.020726867,490848.5872703912,1.1467135294170512
3600,100,116742.9072023432,147010.46694018683,96621.71431835281,1.2082471111793187
3600,100,73397.6300592519,92487.78869740442,55242.2402672505,1.3286504983173997
4400,700,385647.10651504976,441295.0255198951,312720.00810296374,1.2332025342877153
900,700,1823570.4752953718,1868534.7367377873,1592691.4156969741,1.1449615771912498
3600,100,79193.74886717404,123029.99239138608,54138.05797390288,1.462811039608203
2900,600,458868.6441187961,656311.0052362375,401766.80226996366,1.1421268296091407
1500,900,1368104.691902302,1675229.052010778,1188119.1878513992,1.1514877513058177
4300,100,106073.39894332952,108529.0586150456,100419.32952364009,1.0563045924177217
3600,100,108160.74720396036,150537.00515497284,100449.69451400051,1.0767653174782437
100,900,20540039.448987823,18204370.61209077,18204370.612090766,1.1283026415286106
2000,500,588045.2109765608,876823.420675694,503320.96899721463,1.1683304435897943
1600,100,151754.21048015912,181768.79891732108,126810.89242182547,1.1966969680755961
1600,100,143836.50464303858,209029.23580191866,123819.93334503651,1.1616587148550945
1600,100,147930.25170031696,238983.5401636891,127178.99255486489,1.163165777056301
900,700,1836190.7976917136,1963881.6097273505,1610063.2358662942,1.140446385451284
300,300,2363568.3557332354,2164391.2833141093,2093931.776164917,1.1287704702882746
1600,100,156085.7085997116,222327.76727766864,127223.24965905423,1.2268646573484479
4500,900,485714.6060408193,532991.1227860714,400281.3761249694,1.2134329374574182
1600,100,154164.8479668491,171693.30626810802,130514.89957495821,1.1812049694625715
1000,200,454422.6280509791,451514.4692541495,403673.1230486633,1.1257193063016928
4800,600,306815.61513055896,351803.13660942495,253360.20098832433,1.2109858372929616
1600,100,159973.8229178251,181867.86176946358,115298.22975654861,1.3874785697543552
3500,600,410897.56108930556,583809.4494941063,347465.41849827336,1.1825567069816112
1600,100,163626.6820938703,213492.37047136592,127294.46812348631,1.2854186399925778
3300,1000,705861.8127758913,1020055.5188169397,608960.9276744279,1.1591249630276281
1600,100,143200.4643683198,173663.09320730175,124295.04060131362,1.152101191451772
2000,1000,1186983.4819963714,1651307.066616409,1030702.6586100396,1.1516255169042497
1600,100,142013.93866469307,182100.37202970573,117931.73480432795,1.2042046095592696
4900,600,350509.42420255113,362722.5912630977,258690.3915727318,1.3549379320646475
900,700,1669324.7775430388,1764152.0997477907,1460274.203950173,1.1431584376601087
1500,900,1339062.451851677,1637682.6699419166,1177485.9993456504,1.137221548787686
1600,100,159158.7033238311,274249.89925353276,133302.96527932663,1.1939622122458091
300,300,2241840.634966925,2060911.0062749716,1988132.8951575665,1.1276110567997273
1000,200,507971.86547033367,545946.1789071519,429449.97665698663,1.1828429225321966
700,700,2363738.1516841045,2401276.493646174,2070081.303256664,1.1418576400673046
4600,800,453468.2005226317,488511.32437029685,355141.74736418686,1.2768653752711705
4800,600,336828.4804315848,359325.47549285094,254821.69905919273,1.321820244018319
900,700,1708019.0974714332,1763904.1406980339,1506018.9701073212,1.134128541123036
300,300,2389182.382887095,2164790.6342448876,2106941.9582239296,1.1339573800604756
3500,600,412833.1499462899,600758.7944437222,349469.75870975,1.1813129452759485
1000,200,494044.48648454336,555022.5581945424,406179.08441073715,1.216321828095301
4500,900,446976.95054305875,512867.34079116496,389548.02188249014,1.1474245161945462
1500,900,1393407.1834431272,1611327.1031196043,1200844.1283749081,1.16035641139272
300,300,2290462.3543756986,2056614.60442219,1984026.3602400303,1.154451573969307
900,700,1743442.8845592185,1802195.5295524697,1528853.3729478228,1.1403597724990724
4200,800,492716.5580270598,561682.6558988716,388964.77092268085,1.2667382623322534
1000,200,497420.47067937616,615493.0718647304,410870.37447306927,1.2106506129026828
2000,1000,1091721.7590285167,1362907.4382556872,956413.3569844725,1.1414748142692877
4800,600,337830.9583695128,361280.0773656387,277514.5116622374,1.217345198800582
3300,1000,718488.2957974216,981424.8430942587,616586.8178572542,1.165267039432164
300,300,2304060.763775543,2093232.0058985096,2017713.7439097015,1.141916573017434
3500,600,408642.0678496076,645729.2650306184,330885.0030148689,1.2349972471591424
3700,800,496782.04369494756,696664.7800125121,420367.24067250756,1.1817810610079673
1700,800,1098963.783384707,1490034.4862830192,964325.6865490058,1.1396189054317585
1000,200,428019.7138572039,460944.7369837705,355735.5390575743,1.203196382883552
4600,800,429616.4642346301,484875.72803354566,357096.66849503986,1.2030816922633865
300,300,2102705.5886986656,1882273.6263793895,1821486.1289322504,1.154390118760479
1500,900,1330334.938915977,1533980.0323561265,1168644.0656474705,1.1383576728119729
5000,600,302940.7379978595,352100.45266688627,243225.79294879135,1.2455123871736764
3500,600,466126.5077173079,713764.4761844293,358201.23000577744,1.3012978981389587
1000,200,459163.83584713354,475663.6695872141,386607.02599684807,1.1876758697367207
4800,600,389957.78607661487,426878.6475284123,314954.4837664354,1.2381401319112528
300,300,2307606.241948922,2041184.6896542546,1995577.3522844282,1.1563602078903632
700,700,2129991.490894517,2144301.64870222,1877495.4050787939,1.1344855945493653
4800,800,439742.90372419474,477879.61239035707,340344.17455734574,1.2920535640021684
4200,800,472404.9837373447,534297.2217820986,391105.87501837703,1.2078698222448017
4500,900,488160.1921477829,541221.6259714373,395718.01806343347,1.233606178805664
2700,900,767158.7602692433,1084828.659356061,654158.8885253614,1.1727407113562456
1000,200,465288.81122844684,446221.1139856967,394884.6823230082,1.178290351733242
300,300,2323700.2763888924,2070685.076111613,2021936.98799836,1.1492446550914854
3300,1000,718468.7590631328,1093237.3781398898,624668.2779454786,1.1501604682507045
5000,600,321585.810547752,350834.63210397254,244628.83109682502,1.314586711246914
4800,600,307026.21110793133,342115.5098571819,261299.3776536354,1.1749978659149698
4600,800,444350.8196165032,497393.09778289776,355911.61993858236,1.2484864070838213
1500,900,1369498.896750857,1676415.4245057872,1187154.0541903004,1.1535982983143034
3500,600,413380.3276520309,608800.0216058029,358353.43221069995,1.1535548162657947
300,300,2274257.482805199,2049192.2546931051,2014971.5381078625,1.1286797057892024
1000,200,527918.2799573017,565541.3270352745,433315.8293627322,1.2183221663831187
4900,600,335562.27899111784,363705.66478689783,247474.8594776917,1.3559449218370672
4800,800,422265.42140152276,470750.0117117809,342217.64064107987,1.2339089843834132
4800,600,301440.95047501655,341139.34648819367,256258.32373591998,1.1763167185377295
5000,600,332354.87133006623,353135.0885800586,277514.5116622374,1.197612583714451
3500,600,414251.0042715913,575552.6304521664,351439.98683783313,1.1787247319205638
4200,800,480448.30576675874,561124.3469433193,389807.9646946378,1.23252562615832
4500,900,499779.1019998201,577398.7964222799,404541.5691575726,1.2354208815686667
1500,900,1391844.5567551728,1687991.449960019,1213624.7074727179,1.146849226276535
300,300,2351725.0023891386,2105927.6050103097,2062464.2133295424,1.1402500887967542
1000,200,461579.49493320804,483119.07994578657,401107.1221330204,1.1507636475727623
500,300,1459824.7083667554,1355552.4230920677,1256359.0656989503,1.161948640498416
500,300,1345801.900583612,1310409.9134778448,1192879.73709454,1.1281957926970407
500,300,1427493.9578083497,1355682.5862886077,1264165.1749343576,1.1291989259888235
4600,800,402924.0744031615,468322.6301048379,338121.4761931039,1.191654783185225
700,700,2194565.2843693253,2214278.147617414,1936310.1044236987,1.133374906919928
1000,200,505052.0469372501,536913.6080139233,425402.85318883735,1.187232391958256
500,300,1353723.905702507,1310223.2008825992,1190415.8161440182,1.1371857525276121
3300,1000,659185.3834809947,909549.6429940342,579644.4587784682,1.1372236437317966
3500,600,401740.96160400106,554947.7673894018,346500.05920825765,1.1594253764976756
600,200,784982.8835630124,698182.5870407756,672788.5384144388,1.1667601909702296
4800,600,303219.0372894794,332997.24337670516,252656.29317268787,1.2001246178429146
500,300,1383289.6778634218,1326464.135744423,1210628.2463458208,1.1426213472540105
600,200,825809.183735664,803081.0225401589,715749.9610949778,1.1537676962948262
5000,600,386408.7905509145,402021.0532356747,314954.4837664354,1.2268718512274563
500,300,1258980.215322586,1190271.269669417,1092891.6773593503,1.151971637632505
600,200,774973.0176881184,770613.1836591274,676965.1406845619,1.1447753674649315
500,300,1357882.9989405628,1286707.668812311,1197346.411370657,1.1340769772601835
1400,900,1479397.9657201862,1666458.1146132427,1286164.7347474247,1.1502398765510458
600,200,804569.31598186,869370.9095985923,684783.9574551154,1.1749243060131065
4800,800,427239.804224268,475835.91273661255,341081.9691078081,1.2526015530572578
4200,800,442429.838960004,529445.7392930642,370323.5215448281,1.1947116864583158
500,300,1361386.7104274614,1320049.9570982645,1213162.192799016,1.1221802974971227
600,200,699198.6233281506,695045.8346225342,592892.5650959571,1.17930071060174
600,200,750800.278300436,715150.4337176547,644345.0433280801,1.1652146409360244
500,300,1375060.3301221465,1288386.2033665907,1208982.9228647174,1.137369522858027
600,200,753960.2240098503,693830.9455932296,658141.1372050137,1.1455904841501932
3500,600,415626.2265936643,575635.216148653,341275.950751492,1.2178596988110428
600,200,838691.9939005369,823069.1938537166,722193.048937887,1.161312747518108
500,300,1394988.7364529553,1324373.809736306,1237478.5279977254,1.1272831850343987
600,200,762401.8517241345,722584.8341582725,668511.8702217006,1.140446244389493
600,200,825519.4822936441,821745.7247411184,709004.755314729,1.1643356072092832
4800,600,343549.5280681598,380354.33079753566,258690.3915727318,1.328033584778774
5000,600,307450.95214125584,344413.60066451726,250847.40254748997,1.2256493350894866
4400,300,191481.60476492456,218000.47747759245,142768.075647608,1.3412074365809576
4600,800,412216.8176195209,467300.0148025189,341458.66238130885,1.207223195758894
3900,200,124198.46021886267,153146.7263784274,103505.92898683675,1.1999163858010247
1800,500,664411.8093004932,898867.2328888699,567495.4797849066,1.1707790334335704
1400,900,1520976.881075943,1820511.2183146586,1322536.4306066153,1.1500453566926
1700,800,1091477.385657502,1328378.0273980014,938572.9106100742,1.1629116644204442
3900,200,174069.3436704495,184862.91003664586,115155.9162563489,1.511597053189636
600,500,1929064.1422324793,1940237.4635997675,1702486.4393547198,1.1330863480848854
3500,600,440058.5196489871,603045.650561329,346464.80326876836,1.2701391757465588
4800,800,394417.97466093453,447898.95494775346,324033.08135172457,1.2172151467238927
4200,800,438030.7798165126,545016.421630134,373978.53498905257,1.171272516561238
1800,500,644070.8434802645,790276.4241804886,554723.6300232235,1.1610661753372586
3900,200,173362.54302985844,220069.34966252887,137320.72161632078,1.2624645500643366
4800,600,331263.5068843373,377008.67704619037,252630.58571681028,1.3112565366715796
5000,600,295573.52101680206,324213.5734895823,246007.9907864832,1.2014793506172654
3700,800,508427.69098144374,723945.1803592922,424516.17485243804,1.1976638844401473
3900,200,166625.20135807394,238747.8085505447,153927.43410024705,1.0824919049164252
1800,500,623341.3754571375,762374.1138319294,542754.484725673,1.1484776137265746
3900,200,139205.2595954367,207443.8794129994,112828.85828240226,1.2337735373251433
1400,900,1475183.035077071,1778701.2115931914,1298409.7201782912,1.1361460193585937
4600,800,442934.07735073933,485956.4402095853,349378.4863561102,1.267777194784887
3500,600,383078.61534962064,488232.9285288261,332892.4933093985,1.1507577462660834
3900,200,141028.82369341142,188941.29951441407,99130.00666585847,1.4226653304764014
700,700,2240917.3733923663,2174397.762784086,1965668.6223614863,1.1400280535079232
1800,500,682244.1867348398,907557.14626348,579319.807501701,1.17766418116618
4800,600,285111.61649157177,325638.34604346205,242734.1097047697,1.1745840617058088
3900,200,130312.3745919329,176152.77099225798,101252.48264692517,1.2870042411339355
5000,600,301129.3527134044,321281.3940023854,242550.04144578037,1.2415143321289386
4800,800,395225.39709578414,453575.78150509327,327231.218115421,1.2077863456058775
4400,300,206183.3850374593,215142.87363742094,148288.0517849619,1.3904248019688976
1700,500,695805.7923894726,894335.3375518761,600877.5668310776,1.157982642053072
4900,600,285634.36162821675,317431.65757234034,237780.35236385604,1.201253000042382
4200,800,484079.20572789473,573870.6779437468,382652.627913835,1.265061756839414
600,500,1894399.1071951725,1836835.863739379,1664170.8900696703,1.1383440958493534
3500,100,76289.03461720175,102653.15379163109,57970.693678548785,1.3159931299119747
3900,200,169940.22342190103,193575.48884156652,115640.3076979828,1.4695587274441801
1800,500,631694.1623264195,839312.416913413,551635.7968264758,1.1451290252744912
3900,200,133583.54254004167,169722.19334258253,102847.9800341078,1.2988445907808879
1400,900,1480282.4720182975,1835520.5073935732,1295833.9013491715,1.1423396705990523
2100,100,117028.19162074564,141202.0077371939,96617.8227975813,1.2112484863783877
1700,500,662982.3662688171,844364.3453777122,587354.4317892954,1.1287603027853752
1800,700,893072.7980804448,1195916.7586017582,791800.8054011764,1.1279008457536963
3500,100,93432.42654711971,115842.87157174136,82739.16147748545,1.129240674895455
3900,200,158966.67714318988,214842.04288642664,124828.86001477759,1.273476959770128
4600,800,429693.8625477453,471802.45731363853,347953.5678298471,1.2349172483780078
5000,600,339681.59851010784,347108.09171647567,258690.3915727318,1.3130816202526217
1800,500,631356.4780640546,821824.7038286075,547300.3745911262,1.1535831279774376
1700,500,674569.1752944244,815498.7697110701,574681.2191213008,1.173814547699774
2100,100,117050.39779554598,176685.0108748072,94338.99683431353,1.2407424471676356
4800,800,427461.6966342235,463989.30920922273,334821.0494246056,1.2766870463157023
3500,100,69801.52301688913,162781.14778582836,58138.96802508109,1.2005979016823418
1800,500,662294.7636293549,909902.4792244859,573900.3967405998,1.1540238818282416
4200,800,485842.8558627385,555958.451624099,381092.0028612611,1.274870247118811
1800,700,905002.8662083637,1129656.1071876644,785557.5176193566,1.1520516905636495
1700,500,714494.4196248619,993222.6674571403,613397.4432370953,1.1648147991198747
2700,900,764841.0304571708,1100191.2324458559,667135.626874949,1.1464550829640165
600,500,1840301.8753214784,1802665.3891293462,1628263.454177019,1.1302236567433315
1400,900,1459922.8641692854,1706522.4547819071,1272984.8441264993,1.1468501537196696
4400,300,191532.4264862134,208129.39335939538,143655.13351526792,1.3332793740075914
5000,600,321780.47626863496,344873.7267757098,242525.36228813787,1.3267910342768037
2100,100,116526.67598140193,207393.83879103843,96898.28004180182,1.2025670211187696
1800,500,657425.7089583148,846114.9531068831,568656.8649319358,1.156102650826178
1700,500,672994.1758728666,870610.694396287,584084.9613456802,1.1522196605136819
4600,800,432872.0564802384,460192.07459133916,356381.2319855021,1.2146320221987672
2600,900,794228.6937067364,1047909.4815050344,692550.2417870748,1.146817437616205
1800,700,904789.2889542604,1145732.2462547002,785942.0348822848,1.151216309596898
3500,100,86659.25167485587,154202.66025297152,70156.3045836674,1.2352311340958289
1800,500,630034.8257605231,805678.8130939101,545387.3191893235,1.1552062242609924
2100,100,116637.7975705962,204965.83335454506,96931.99974023178,1.203295071629328
4800,800,419313.4827046777,470165.47344591096,333455.50250360346,1.2574795724060557
1700,500,674241.350011068,836861.5159000886,579494.5142729572,1.163499107246911
3500,100,75057.04643803347,104430.26729293667,59663.95409140947,1.25799651700993
5000,600,287703.94835447316,302892.092777312,233024.74531657892,1.234649770622468
4200,800,456617.4063623514,523340.564465182,390322.3016984071,1.169847083744574
1400,900,1440164.083595042,1659474.4926234945,1261592.142156054,1.1415449062117726
1800,500,656776.8058952475,951573.1476682031,559245.5211080163,1.174397972099974
2100,100,113087.62687658882,141044.0840482765,99439.92348568245,1.1372457149252675
1800,700,889554.3555637221,1105341.5197310657,765561.609213277,1.1619631194383757
1700,800,1094165.1047029707,1321175.9602589544,950630.3505758615,1.1509890295845913
1700,500,692926.0326725419,934360.5731671769,607659.2436076939,1.1403200724119922
600,500,1978922.9148942654,2003655.024251365,1737959.422505103,1.1386473638388153
3500,100,93684.53001590574,110982.75319266715,67781.74556486742,1.3821498581244007
4400,300,202319.20906561665,220164.57748795988,135274.52456182026,1.49561944291408
2600,500,471528.4559487939,612931.8231946805,392881.4860049353,1.2001798831082375
2600,900,830262.8791446376,1187884.7845915738,712135.0010958698,1.1658784891445957
4600,800,406501.95127903327,459330.50942314835,346863.90174720134,1.17193501321823
1700,500,695907.6168542088,864751.4229799837,602107.2687514614,1.1557867725085818
2100,100,127854.93630090068,156097.98884814614,87846.2702907037,1.4554395522746613
1800,700,914005.2958928443,1216350.461341675,799873.8420955621,1.1426868185841321
3400,700,524863.4289146687,746356.2947372823,419188.66168297577,1.2520935723963182
1400,900,1477684.3575848695,1746591.8550801012,1286618.7089731158,1.148502153185887
3500,100,118834.27450282333,150635.76698891885,96621.71431835281,1.2298920107263234
2100,100,143389.62193246803,199777.31338137412,96986.26142741814,1.4784529254153889
4800,800,424685.25799020956,444956.4237216337,341532.0139861062,1.2434713016610095
1700,500,658603.8813850131,884690.1121885228,577468.9262004602,1.1405009888902455
4200,800,444663.11372090725,512210.2142744163,379898.5590564586,1.1704785478136643
2600,500,467074.47279038484,660611.0720784664,384039.4361699239,1.2162148696201107
3500,100,79730.19466526566,102419.74139364457,56820.58998917194,1.4031919534883308
2100,100,118089.51928314382,140470.32682889176,94700.98331528656,1.246972472186378
1700,500,699861.2391434702,986763.4386653941,592142.3164673113,1.1819139076545044
1800,700,921620.2771222679,1186196.1245679546,796345.7078484871,1.1573117906445922
600,500,1871398.1953124157,1866297.8683722883,1654907.390479427,1.13081747418523
2600,500,456980.73598484555,615330.7104882834,375753.1048100813,1.2161728809022603
3700,800,518350.40459678025,748133.6190139286,434362.44249678566,1.1933591717028253
3400,700,492581.16631576535,691431.2863304793,415883.39168083586,1.1844213454279755
1400,900,1415591.729470207,1677126.3958576904,1252118.641765147,1.130557187036691
4600,800,418495.0342600016,458532.6335224455,351319.9121693401,1.1912078415250267
800,600,1726094.492637756,1740913.0379440857,1520161.205929946,1.1354680581930994
2100,100,111910.83389279108,136237.9971328007,89852.75032710702,1.2454914678224327
3500,100,71108.54571456676,115539.57044605387,54138.05797390288,1.3134668729499765
4400,300,178839.09284138886,212261.20887130173,137571.39163020693,1.2999729865502114
2600,900,802339.0079826706,1228673.8468468022,699143.6954806184,1.1476024359071302
1800,700,930755.7140173421,1263086.7817181046,805031.6179331471,1.1561728673551745
2600,500,487655.77977958287,716870.4586260363,401067.5590396392,1.2158943519323282
4200,800,447367.3590236156,505672.85491601634,384778.951423563,1.1626606844488112
4800,800,401281.0783982509,432679.9563550729,332411.2391744013,1.207182643387448
800,600,1746830.3824749321,1830994.4993087265,1528930.1943551565,1.142518075007131
3500,100,105412.59215902949,157005.62266447226,100482.34120613769,1.0490658447415897
2100,100,121032.98400737843,217431.6078301263,101653.04462974092,1.1906478989215388
2600,500,439886.7927429154,665827.8474128625,381901.70549525245,1.151832490961169
3400,700,479652.49813472526,698023.905125578,416086.95964356256,1.1527698405775937
600,500,1857051.9075875832,1845479.7455557575,1641901.1237733788,1.1310376006806975
3600,600,403028.7173309617,547746.1002887478,337813.6013177658,1.1930505928677841
1400,900,1433021.1481614758,1729493.6801024757,1271950.7723467506,1.1266325547470286
4200,400,219134.35290705273,268041.42417959054,188221.2759257482,1.1642379525335886
800,600,1658148.9343061973,1799459.3408213079,1447621.8881900513,1.145429582015623
1800,700,837981.3836773565,1098417.636280945,730137.1019750865,1.147704152289401
2600,500,443376.36864391476,671905.5700412143,378900.25933231815,1.170166442813245
800,600,1812988.3828046902,1948686.3732650941,1567130.3812752762,1.1568842034249527
2600,900,800915.1854362484,1253115.4933015984,697756.7161110924,1.1478430331707934
4200,400,223921.84135549824,293370.4318238117,181257.78073359368,1.2353778163300515
4800,800,421783.3375884687,465261.18390838645,336681.5824956176,1.2527662917051865
4400,300,180029.22139321527,213047.70906688043,144863.04739585196,1.2427546198256372
800,600,1793101.0761848825,1811778.6306876673,1567796.2659218123,1.1437079645872217
1800,700,874810.2783135261,1090595.6840672554,753009.4850536606,1.1617520040284564
3400,700,478239.9677257135,675903.7366727706,405297.32252467604,1.179973173142777
2600,500,458507.26428642083,671564.5320813584,397315.6592819537,1.154012568029801
4200,400,235140.5578335416,274357.2012913426,188280.83162694392,1.248882086411455
1400,900,1504780.3662035563,1782664.8051654312,1300312.186577912,1.157245453619682
1300,200,370344.2155813406,364859.3865739472,310517.78696051025,1.1926666720333117
800,600,1749193.7406762426,1727874.024815055,1537549.9424155199,1.13765003166546
600,500,1943270.9289530187,1905794.9392551687,1721701.1902217993,1.1286923305795447
1300,200,379335.51855361287,440295.0577951084,330346.13588998973,1.148297126381213
2700,900,734061.251522704,1032356.8158920002,649246.7031374836,1.1306353162447407
3600,600,390475.78627933585,619878.9666738466,321693.7529311225,1.2138121512199218
1300,200,376523.5720871984,458630.84526628454,312445.4495467209,1.2050857922028904
4000,400,240223.4573545464,345103.89967380976,197632.33972203563,1.2155068228834107
4200,400,241874.14704923017,279120.845174291,185890.3468563061,1.3011657202199949
2600,500,455717.28859371523,626614.1732929394,393685.5218759556,1.1575667970266506
800,600,1709904.461069914,1745374.6876387028,1515937.7590361272,1.1279516265609189
1300,200,371456.41863122175,542752.0952504599,316054.13421005325,1.175293655182335
1800,700,876927.9685959215,1080589.5943475487,764426.6864739114,1.1471707936322153
1300,200,330646.05837166816,417367.5876140738,273642.7223519802,1.2083129985323193
2600,900,788778.9840402564,1159469.2333258237,685453.3776065765,1.1507405314632277
4500,800,446036.14728976064,516658.2258743693,363033.78619450214,1.2286353619185968
3400,700,491168.91588795226,764127.2458561615,423462.6222858858,1.1598872959237403
3500,800,568205.1088031005,815406.8208625738,466757.72510721703,1.2173448413147965
2100,600,670841.4193377085,887217.7364739062,579109.0308304556,1.15840262130899
1300,200,358473.52340760874,402870.42215777654,297390.01999757544,1.2053986324441262
600,500,1957329.7692857492,1878578.0109467274,1705970.5947958075,1.1473408599519428
4400,300,190274.53311020677,190155.77233999164,136062.09220121102,1.398438977616377
800,600,1708534.7791902188,1810935.9509125745,1493082.2845377775,1.144300482889421
2100,300,340884.0860111595,453726.37980007153,299133.11088070244,1.1395732321558607
1300,200,353078.1891504128,366675.86849253695,303757.44794077554,1.1623688292879437
2600,500,436517.6633909676,675508.5648949452,377575.8363618394,1.1561059298631677
4200,400,257573.94197107852,302283.854092443,197732.90728282768,1.3026356892768338
1300,200,386753.8144689395,476112.53852917976,333319.8687405632,1.1603083126435711
3600,600,465909.0132645186,653690.0028484659,348251.1958389503,1.3378533048310894
2100,300,336420.1332662676,456816.7436672104,284018.98502250947,1.1844987518690173
1300,200,366842.29646510666,395993.79933179583,308543.94010232337,1.1889466905214525
800,600,1732307.777573145,1794234.5759883195,1515783.5143008616,1.1428464297371335
1300,200,381375.19828859,472111.41139443225,327232.96399141336,1.165454707364376
2100,300,346372.5055978228,478799.4447333821,300991.7083177042,1.150770921676746
4700,100,63055.76725829134,74458.98486406017,43169.66550530229,1.4606498920068431
4200,400,237906.80083685654,295924.3799349749,195281.74684005897,1.21827464515518
600,500,1873365.5903907828,1837660.482392412,1636161.9575679705,1.1449756435942304
4700,100,85028.50396161556,88654.26814341127,82739.16147748545,1.027669394313998
2600,500,478185.5821567958,773057.9803661155,387169.97615170357,1.2350791941817045
2100,300,342497.37133808824,474836.63306414837,283432.33717714716,1.208392009003634
4000,400,240601.24065288872,310253.08833384723,190320.66977027335,1.264188702904979
800,600,1656745.3642729905,1668510.994212652,1456404.658228618,1.1375584079002061
4700,100,62220.91088203888,75415.74770599397,54290.25884700422,1.1460787294712316
3700,800,523201.48647216655,736663.8328560971,432590.9221668369,1.209460161233767
3400,700,488732.48160630465,735461.1818295338,421594.7865080226,1.1592469765918334
4400,300,186662.9399433555,211534.93255671783,137859.34009079728,1.3540101078419138
4700,100,78539.53394826992,86705.92808226976,70156.3045836674,1.119493599532524
2600,900,782245.2475900213,1127624.923068265,679318.8457763368,1.1515141269134945
4500,800,441369.7208142785,467373.2643828214,365032.1500171519,1.2091256093293146
3600,600,405268.7709359061,540768.2104846694,348399.1702048472,1.1632311601018495
4200,400,241836.92460902347,271197.5184251562,182002.69246171578,1.3287546537801567
2100,300,336063.21860865573,493165.9268127567,288244.82055852877,1.1658950816790734
4700,100,58934.65647696752,69831.88043389219,44430.604110624074,1.326442834993443
4700,100,83205.66721236949,83774.82730055822,67742.26274582943,1.2282682012639454
600,500,1928967.1195433307,1938825.6329738954,1677736.5633240486,1.149743745061815
2100,300,301151.22366141365,424749.00233609875,260212.3041331786,1.157328915189507
4700,100,104938.00696113647,120303.90988351172,96621.71431835281,1.0860706384838386
4200,400,229424.06033809175,262874.92578406056,184665.28802035813,1.242377832875658
4700,100,64127.13661836285,71690.56169034034,50459.111537190256,1.2708732806581176
1100,800,1694950.9900013711,1899006.9568951868,1485138.2162502361,1.141274913981328
4700,100,65139.63216223549,65296.29405393815,54138.05797390288,1.203213314257336
2100,300,332207.04805564403,465652.6021030773,285082.47889777547,1.165301527263506
4700,100,104941.21851893133,102733.30140139688,100419.32952364009,1.0450300655933649
3400,700,485769.6142468349,721771.6194779277,426193.20949401904,1.1397873157658835
2100,600,664810.8747609233,922660.2584564781,582449.5978495834,1.1414049854535389
3600,600,406990.0630597589,572140.0863986536,341677.76498122665,1.1911517364383393
4400,300,191892.11707441218,204687.86727346404,137384.4230528088,1.3967530875072447
2100,300,335437.25402047683,482390.4295960806,288848.14114262286,1.1612927564413507
4200,400,244244.22941898028,280817.0689480641,190302.23064616925,1.2834543693452858
4500,800,454908.97090636654,498406.4840321509,363820.7670483286,1.2503655978657704
2600,900,804125.4964045673,1121899.6878954023,692794.6894470624,1.1606981240666854
2100,300,340674.03752280504,436119.6588007289,287853.07687255176,1.1834997257077784
4000,400,256935.74915311707,317317.6025454069,197694.8732082911,1.2996581296390517
1100,800,1709695.3521411198,1886869.7945098637,1493313.3409792576,1.1449006080799942
3500,1000,691522.1496849456,930785.7412021504,584835.5933594635,1.1824214489283114
2100,300,338977.95706005907,458888.1115122687,294637.7447613632,1.1504906044356553
4200,400,246142.56265185203,282270.3997783342,198789.37898094274,1.238207815295046
3600,600,397330.54666356725,553200.3881958076,336875.05756358383,1.179459677238267
3400,700,441665.3488797068,700998.2100628702,386543.17163386935,1.1426028999887463
2800,300,268439.79395012464,388457.9011160977,224349.83316052685,1.1965232608755743
2300,800,838798.8849944415,1162462.3959167895,710283.4947283737,1.1809353465480914
1100,800,1734686.6360216246,1887871.046286197,1488357.6833795263,1.1655038673786893
2800,300,263982.6186677819,379088.180859793,213014.23876688213,1.2392721735220638
2700,900,765410.0239883412,1071097.0672761633,659530.0301057225,1.16053854873848
3000,600,479039.25413922797,703710.9876937707,405376.3215813189,1.1817149365571225
4500,800,423095.8349036987,477512.4973028113,345635.28677517286,1.2241106481090052
2000,600,697381.3213120012,900963.9293918408,608064.4823719783,1.1468871172866566
2800,300,276696.36191001156,403047.65231283806,225743.78123827814,1.2257097865209927
2600,900,774716.8940905408,1052709.8126677577,674217.7301812329,1.14906039905283
9 8 8 8 " ]  
     5 7 2   - >   5 9 2   [ s i z e   = " 3 0 1 9 8 9 8 8 8 " ] 3600,600,404980.91618621105,585117.9829323238,331796.06323061726,1.2205717941406862
4400,300,176845.27440489427,198665.1275517695,140622.55999974153,1.257588216323322
1100,800,1615187.473325243,1808368.9741377886,1413962.5368075254,1.1423127779410955
3400,700,464125.2699760371,668954.5284164713,398652.0803225262,1.1642364178823306
2800,300,262183.6284341713,413850.5379724177,212574.2528828604,1.233374338042003
3000,600,477498.1655043525,763910.102377919,407714.71849470836,1.171157536983914
3500,800,548539.8511247401,765865.2076673832,469327.0500220524,1.1687795346527878
3500,1000,657353.6979442484,1031917.0734144284,561529.9597885539,1.170647596776096
2300,800,807472.7127978674,1147033.0203858851,714193.3369900797,1.1306080174325168
2800,300,270766.9158199982,418146.47326773754,216183.6154188966,1.2524858338377594
3600,600,417890.8846125293,587886.6520027897,336840.78095574706,1.2406184412315275
4500,800,411513.3853604442,475997.1196202117,349046.63265644904,1.1789639173098065
2100,600,655226.7297824705,953112.2762701468,551475.0050247815,1.188134954100099
4000,400,254067.5078651873,324772.400683094,195184.86419912142,1.3016762796012484
1100,800,1632965.4473084605,1811642.2609790282,1427918.0426854733,1.143598861064432
2800,300,244311.25806295,341663.1112323011,195159.22809988397,1.2518560379727963
3000,600,463382.82084743114,770154.3926137919,386032.50351734704,1.200372550563241
3400,700,468719.0149324489,648705.1183467298,404696.48107442365,1.1581988894196773
2600,900,790205.0206969138,1109136.29904342,684896.5697251733,1.1537581813469986
2800,300,259327.8131318583,365396.42822559574,213811.8591733316,1.212878528508693
3700,800,515852.94188000663,795394.1147209767,443068.55868467834,1.1642734104432972
2300,800,830752.0832369823,1077587.752962638,711823.2398771647,1.1670763705050435
2400,400,376429.7463777378,531568.1442494978,329387.2328700594,1.14281826620231
1100,800,1684394.1846655528,1879550.496495088,1461037.3065800972,1.1528755474480492
3600,600,376547.5872009469,515317.08314199053,323645.4796063596,1.163456964265129
2800,300,261386.1210195525,376662.3516353952,216636.10585696713,1.206567667866645
1800,200,262883.78406792745,285845.76193637284,224262.8461381463,1.172212823456234
3000,600,508587.2099736318,813854.482078793,417901.4350067403,1.217002784317859
4600,300,188554.9536295162,215894.87576073993,142348.1066563424,1.3246045771773183
2800,300,257882.9270787737,388879.41102308425,215889.80765441383,1.1945118200836071
1800,200,276590.1823032434,383833.92959343217,238583.3203649926,1.159302259186043
2400,400,372451.9863190626,534332.004484017,317201.1162837889,1.174182457749747
3500,1000,662836.808756796,1048232.7248829685,563889.6857800067,1.1754724824234364
4500,800,443474.5855126857,504837.65885357815,357142.45271957933,1.241730245552445
1800,200,278928.9656579461,379951.4376751996,225655.04689485396,1.2360856515117766
2800,300,251878.71647783223,354131.71248427854,220978.3085710224,1.1398345751971326
1800,200,268618.6233140228,426027.7958587718,228261.31915170513,1.176803079524375
1100,800,1656384.033479253,1877274.9504059386,1455078.5563793606,1.138346810361082
2600,900,800718.5005618182,1192319.787011733,700168.1004650295,1.1436089419526632
2400,400,380535.5137264415,559408.7622061159,329491.45534715184,1.1549176998399235
3000,600,475069.8494404881,712176.9457029997,418079.0042458166,1.1363159704646701
1800,200,239281.06969115522,343218.6714055693,197630.8550319857,1.210747530553509
2300,800,774698.7957231238,1113353.171107345,676242.9523862078,1.1455924131844957
1400,500,842755.8600277014,1021994.4365683909,729637.045437737,1.155034363040188
1800,200,270934.6486790134,331428.4794886352,214781.68110936,1.2614420712214376
2000,600,690766.5980656977,979698.9870110145,611572.0777420626,1.1294933552493485
2400,400,380266.0750242992,547087.4004166994,325308.1069985357,1.168941280107756
1800,200,260459.99231573706,288943.3382291348,219380.37906833788,1.1872529048489004
1100,800,1692594.2639011282,1953117.2521591766,1490321.5155757363,1.1357242354830062
1800,200,283115.2836456679,401463.0700619612,240731.01631262898,1.176064837768956
1400,500,803887.5050513664,974694.372320261,713216.0957441444,1.1271303463960929
3000,600,487376.537890981,666137.0292625307,410013.317977472,1.1886846512574982
1800,200,258530.4071264609,319356.1757712256,222837.29007390022,1.1601756916031587
4500,800,437191.2790963234,479848.89784136944,355685.869337177,1.2291499797589156
2400,400,398088.75236549013,581818.6573374018,346032.58774494845,1.1504371740239416
4000,400,259398.49096226855,330849.4567673464,207619.55264696907,1.249393362306984
1800,200,269013.8552034893,388897.5573606146,236334.91843824298,1.138273840282242
4600,300,202908.6329801985,222176.8967581146,148288.0517849619,1.3683410803349416
3600,700,485995.79766254744,687965.0988894284,395900.4027005882,1.2275708596085886
1400,500,802555.6309867288,952139.4074924489,697827.1946472939,1.1500778948466868
2300,800,792404.9909622647,1103556.9468749554,682917.3247626177,1.1603234567781757
2100,600,694794.3895475904,1106831.5285663991,597002.050009629,1.163805701398151
2400,400,408053.77682096156,549139.805922033,341743.0569701032,1.194036772652442
1100,800,1656805.3898566572,1834525.317238093,1450521.770942842,1.1422133904131135
3500,1000,650218.7780387831,1006058.5455213417,552154.7011388089,1.1776025391031153
1400,500,862557.0312707796,1089941.5567854997,744839.752502187,1.1580437649482824
3000,600,469150.90308970545,686308.7955286575,404250.0690763006,1.1605462533666384
2400,400,367399.529021747,499085.82813346654,318504.7118080026,1.1535136385775624
1400,500,846442.4599070968,984829.2331677885,709246.0244911831,1.1934398370640698
1100,800,1678528.102068962,1758512.8371458217,1469155.9963445133,1.1425118273657793
3600,700,456226.9479134547,670582.9043792994,392778.7588096783,1.161536711649217
2400,400,368665.2969097423,568524.8280771131,323164.2540356268,1.1407985020184173
2700,900,785431.4798269945,1168037.7876555515,674235.9485959543,1.1649207988132293
4500,800,438818.05814231385,490778.33931136836,364300.8149185133,1.2045486591636325
2300,800,806723.5204199693,1123617.7550487865,698756.9727122204,1.1545123010203069
3000,600,463488.31489817356,745070.6467108711,398155.2758767407,1.1640893464931967
1400,500,809090.6692373127,959519.3686604261,703671.9101885909,1.1498123735257084
2200,1000,1074527.1022605824,1450812.149514558,930420.2621627828,1.1548836004095826
300,700,5359073.012940229,4893147.710291574,4750804.832407059,1.1280347650536893
2400,400,383424.3812456744,540203.6990161616,333028.9036307962,1.1513246359863942
4600,300,178166.6277760232,204728.40939742446,143441.4983667211,1.2420856572518797
1400,500,853315.5919836927,1026491.2065959192,737871.9386664855,1.1564548633274252
300,700,5313829.780110075,4854430.660327799,4713345.105716139,1.127400956417491
3500,1000,688507.7667600429,1017292.7826518955,576448.7717999151,1.1943954093444116
4000,400,250611.68798105733,371461.5083973987,205045.83418206192,1.2222227726827999
3600,700,458686.3798294927,643142.222812784,392971.0174411424,1.167226995049814
2400,400,401665.09143541445,583696.0464086761,347881.4132166498,1.1546034831854322
2300,800,813026.370996117,1185793.9940764036,695907.1356596942,1.1682972186014418
2000,600,683611.9751878667,1053954.316666436,579048.7552760205,1.1805775747881595
3000,600,493311.00971440563,712369.5494950681,404208.93714689644,1.2204356815968371
1400,500,850186.1784692308,999672.0913281083,731130.2549124889,1.162838184792383
300,700,5334649.066587699,4865862.297366789,4715652.209293709,1.1312643150557322
3800,300,203567.24346641134,283968.20037073846,165310.40338144082,1.231424273986531
4500,800,419284.6304059908,465033.75603702443,354571.98845269467,1.182509177433033
3500,800,566477.440019133,800825.3085362219,467769.55763356533,1.2110181835793856
1400,500,812606.8141746842,982027.6191908095,701212.2675291302,1.1588599512642246
3800,300,231892.21841065702,292232.18660166254,156957.8601440184,1.4774170481037507
300,700,5144588.815791286,4723892.218631462,4593369.6552796615,1.120003222444344
2200,1000,1022310.9409978238,1499347.6143504109,893343.1178454267,1.1443653850084423
3000,600,444806.64153481333,621591.7953827461,388374.5755276315,1.145303193265201
2100,600,683954.7432546847,909443.0491116353,597255.7203511666,1.1451623148164107
3600,700,457262.52831176686,664827.2609146857,382780.8046066385,1.1945806132616
1400,500,819753.3387270799,1144018.4433714978,719029.9557103066,1.1400823181521997
3700,800,502870.8688129854,694216.3190697692,431236.20217219624,1.166114686753931
3800,300,204206.69912877228,252831.9199057032,166337.52301767864,1.2276646629339842
2300,800,826151.5118268377,1233217.026306355,712762.4639710042,1.159083921485021
300,700,5403794.0607913155,4938226.277945434,4799243.052573373,1.1259679915343692
3600,500,345877.80545901076,524144.71923813806,283747.73989245325,1.2189623275593533
3500,1000,669822.8909640785,951624.9920157257,575769.6064493558,1.16335229137003
4600,300,194598.79890201267,215696.04154599516,130823.99861272547,1.487485484051576
3800,300,219229.6062201809,296463.1092623984,156633.66001894977,1.3996327877013037
300,700,5391335.73076462,4891948.490648289,4778074.247090922,1.1283490904410027
4500,800,423567.92122383195,491454.2403607945,359127.0213286588,1.1794376253192025
3800,300,201077.24036617117,279898.30729486246,159293.19030866065,1.2623090791046752
3600,700,469489.44541784126,683080.3694758752,399936.92104778107,1.1739087358772526
300,700,5404075.588714544,4984465.91687896,4830189.707598883,1.118812286029433
3600,500,345035.5995077025,511634.9166605718,277361.81501161173,1.2439909923911394
3200,800,625552.0385627255,867013.3947002853,510516.26183601865,1.2253322476212465
3800,300,207985.05285567034,281848.4971892308,144870.0706401176,1.4356661243877027
2400,600,588170.6796502485,837098.5934179835,506720.40197664866,1.1607400794518499
2300,800,796023.8908893645,1085719.392698877,693727.8034944027,1.1474585375988715
2200,1000,1027283.4851604828,1468032.4660718932,897097.2273772835,1.1451194517274415
300,700,4925975.725555436,4507624.089689858,4380822.611850519,1.124440809867587
3000,700,565858.5991613496,861707.0661301763,475080.4832407059,1.191079446794807
3800,300,195605.49858523085,280467.2300063073,157545.5804435075,1.2415803606459834
4000,400,247179.09586255666,309282.3790264043,191102.82708480157,1.2934350560542536
2000,600,719128.4756888992,1097322.6936161553,626852.1525101105,1.147205880699756
3600,500,341279.8960789863,493865.1879040431,271377.2423628365,1.2575848037496402
300,700,5094126.333591111,4654067.111473847,4518056.910321964,1.127503799687219
3600,700,455091.64922772854,652077.4875849643,398172.85392424354,1.1429499644250343
3800,300,199450.28396327797,272350.7505454347,159626.60431566,1.2494802155213867
300,700,5148231.8978209635,4701482.308565723,4586560.118843468,1.1224603546936882
3500,1000,660327.1310247333,994714.2653811282,574163.1603787463,1.1500687898351907
3600,500,369295.2510440032,597358.6577959412,289659.9037508505,1.2749270653685316
2300,800,804198.708787471,1044440.1678114751,702639.8243386802,1.144539038253884
3800,300,194604.6729271028,258643.71588752788,159076.7003769365,1.2233386314022219
3000,700,543472.8841375692,840280.7128222474,471334.51057161397,1.1530513296776614
3200,800,593875.0987584505,872259.8426667803,513326.46096161986,1.1569150315102361
4600,300,185352.13224261702,198332.61230045444,131967.49793690105,1.4045286539511517
3800,300,204162.82490216792,272727.5562122456,162826.12210496387,1.2538702160489756
2200,1000,1008651.4416819453,1474143.973094778,878427.9336299232,1.1482460917583759
3600,500,330834.33461788483,500064.78494156,275817.8984132379,1.1994665194722782
3900,600,374599.98567063775,469881.5234776846,311827.93967793765,1.2013034690141375
3600,700,476429.6756132137,683019.4215674126,402515.80896657356,1.183629723355234
2100,600,673963.8789704781,891974.7020020345,585733.3113963886,1.1506326614133449
700,1000,3291670.3191057667,3325759.8094644584,2924177.9667973174,1.1256737300127264
3000,700,553010.4094530814,802895.8089123055,471565.2209293709,1.1727124582325994
3600,500,328046.78250232193,467797.9638653537,273650.1872955631,1.1987815018303143
3200,800,620987.1014972439,851247.2321232128,511622.9536617121,1.2137592675481168
3500,1000,673590.2664430275,933405.5854775725,581353.2854082682,1.1586590862215285
3900,600,403512.92034039623,504333.14650213555,313626.70653439104,1.2866025498888713
3600,700,430748.78055080527,637245.8829887399,365068.55098754325,1.1799120449723512
3600,500,338409.4792515218,515197.3276971499,286950.1983702999,1.1793317487615582
3000,700,545234.8612009807,768100.1579510744,459336.96552796615,1.1870040996467217
700,1000,3198179.3951215893,3274752.303608041,2807649.7989427694,1.139094838795734
2200,1000,1067508.7426139761,1489153.296507181,917077.5914998649,1.164033177245214
4000,400,238026.5699885256,302931.77349478845,193898.55242137605,1.2275830170781858
3200,800,560807.6682438058,853009.5428086851,486049.62202758685,1.15380743617156
3900,600,395558.2334204263,534596.0142392681,296948.07962872845,1.332078772541615
3600,500,341834.1488761978,513329.0179791961,284328.4324659679,1.2022510232673018
3600,700,437895.3244848804,614698.8853076185,376504.7425268303,1.1630539406915315
4600,300,177701.01960091488,196459.48173690075,144863.04739585196,1.2266828759671888
3000,700,555447.7200088806,879495.5015912356,479924.3052573372,1.15736526348889
700,1000,3192427.1183482953,3265041.5831776722,2819448.4289000337,1.1322878211302392
2400,600,584819.5463780718,905873.5401981942,509643.39811838546,1.1475073522726642
3500,1000,677007.6088644619,990205.5877704989,588972.9477771654,1.1494714849290564
3600,500,344693.22656499094,519313.4848375863,272693.65959466173,1.264030953551876
3900,600,456051.9678614981,581989.8923704525,321462.6423128772,1.4186779669956988
3500,800,521230.3391664918,744599.453215624,444388.2258537937,1.1729166274940408
2000,600,721360.1010253185,922156.5959657182,627118.506368725,1.1502771704223675
2200,1000,1076667.8648654998,1437166.9565896424,915997.1011694297,1.1754053189589202
3600,700,463769.8032362944,619263.7712708346,382213.3432369557,1.2133794160838003
3200,800,581520.018284039,885973.765249595,490846.82717313146,1.1847280782746616
3700,800,501895.7484995013,643334.2024544396,436776.1070213418,1.1490915836084816
3600,500,383814.2716503564,592780.1845730409,288145.1780149138,1.3320169863487736
3000,700,549439.6355360983,784545.5333224643,477807.42470909224,1.1499185804210106
700,1000,3143917.7046694327,3188851.0890286183,2760773.5056940443,1.138781467652149
2100,600,662644.4155958431,887062.8450599945,577500.0986804295,1.1474360214136168
4000,400,251094.86663429489,307154.95646848116,199817.3421784777,1.2566219923494721
3900,600,386438.36107334075,497986.2253477938,321599.2340352436,1.2016146811810864
4600,300,176700.49881912462,206395.01444086374,130146.34906202793,1.357706152286369
3500,1000,619548.3756256182,860400.7466686993,546521.9182768414,1.1336203634412794
3000,700,564521.7992195804,863878.2511982737,483018.97075988824,1.168736288621276
3200,800,590307.3163258536,860157.7807388006,502231.5741369084,1.175368787476782
700,1000,3296178.0683326987,3355555.0299240737,2882243.8589995755,1.1436152628240135
2200,1000,1043074.1048494997,1433494.378525871,913441.3915116418,1.141916837295199
3900,600,372951.0721248766,493183.51109174284,315394.85998267075,1.1824893790132416
3000,700,500641.18431813194,776631.2271258527,438082.26118505193,1.1428017718951973
3900,600,371021.42120216927,482448.3196920515,310961.5915971543,1.1931422761780222
2400,600,556926.2137844434,890841.9756559335,482540.62939668377,1.15415403358006
3200,800,588010.5879469032,877104.4408180466,500183.2537554052,1.1755903132143775
700,1000,3247475.4358939105,3227500.7669330933,2878848.032246779,1.1280468435700783
2000,600,710248.2555287434,939536.2243147313,615019.976966208,1.154837699796811
4600,300,182725.44491150067,188095.95309608782,131865.45573902348,1.3856960785327646
2200,1000,1060143.5751813087,1393757.6597246805,924880.2267858812,1.1462495839763933
3000,700,525380.836375926,748483.8062883082,451805.69103219634,1.1628468760002553
2100,600,660129.486563711,894212.9867681494,568793.2512524867,1.1605789715509127
4000,400,259861.53699033146,329770.1916912115,208728.84792998986,1.2449718357928756
3900,600,379245.0126223819,521405.9309543918,306273.2891359544,1.238256896944204
700,1000,3253601.9613336343,3253669.775398184,2870815.8018937316,1.1333370671804852
3200,800,583201.3955632007,932604.9105835177,512298.02097915934,1.1384025931791093
3000,700,527731.1933207846,723047.3992491055,458656.0118843468,1.1506034580308862
4600,300,180216.5447573735,192265.51403129686,131411.18726790408,1.3713942359410494
3900,600,391644.3373340071,507416.44697068,310929.9516514588,1.2595902557918452
2200,1000,1063547.0420482454,1464675.8956821274,937002.4169182178,1.1350526133606256
700,1000,3299761.3744288934,3302789.063464907,2906766.427041341,1.1352000435024852
3200,800,566763.7596875429,811810.6464105628,498616.8587616019,1.1366718748643903
3500,800,519097.1342225269,763704.5030513741,448774.2419868631,1.1566999298451768
3900,600,358978.9956175489,469249.16058862687,298749.6734827935,1.2016046458983805
2400,600,635091.9585513847,952004.987113959,522376.7937584254,1.2157736831722368
700,1000,3340510.2434603185,3416335.531953375,2944864.7388858274,1.1343509939013978
2000,600,690460.2591388125,886687.2221494674,606375.1036144509,1.1386685485983032
4600,300,164617.98326062332,196655.98385910175,134508.53565192668,1.2238478581508918
2200,1000,981576.907258314,1292716.8490655532,869466.6881677023,1.1289413621203483
3200,800,581335.8197826924,762375.94269753,505022.3737434264,1.1511090399294597
2100,600,672630.8320695204,907537.606747641,577441.3387812807,1.164847036218678
700,1000,3077199.636646848,3050240.9743479346,2732609.5913842074,1.126102918744455
2400,600,598101.3179247438,838675.4866722447,522598.7553072708,1.1444752055964618
2000,600,675527.3669176169,941517.8327886394,597232.913815111,1.1310953420205236
2100,600,629170.771246677,807275.4551630656,554820.8221823308,1.1340071354422105
3500,800,537526.3325995503,826012.331236362,459183.15349660197,1.1706142276918878
2400,600,583286.4331842661,810676.4708790851,512516.64747183997,1.138082901426757
2000,600,709605.7199706106,953251.132928893,606313.4057203446,1.170361257520848
2400,600,580625.298878725,815685.4822124699,505312.58634537575,1.149041829886014
2000,600,669827.4637734669,852796.189905085,582561.8632914473,1.1497962808429874
3500,800,541378.1073584424,750582.8553481767,457310.4034335133,1.1838307269936215
2400,600,585873.4858200601,845768.6825468837,497694.09484592587,1.1771758835142148
2400,600,599284.6838799302,826817.4675856822,505261.17143362056,1.1860889333322977
3500,800,538459.6652496553,807549.9214542916,468386.7620380885,1.1496047900812971
2400,600,549199.4654143904,773998.7253071499,485468.2194095394,1.1312778951470097
3500,800,530860.8970340898,710111.0649378899,455878.2708677503,1.1644794914739243
3500,800,545623.6696729057,732919.3444654096,461734.7417082756,1.1816820793130425
